CustomerID,total_spend,order_count,last_purchase_date,first_purchase_date,country,avg_order_value,days_since_last_purchase,customer_tenure_days,r_score,f_score,m_score,rfm_score,segment
12346,77556.46,12,2011-01-18 10:01:00,2009-12-14 08:34:00,United Kingdom,6463.04,324,724,2,5,5,12,Lapsed
12347,5633.32,8,2011-12-07 15:52:00,2010-10-31 14:20:00,Iceland,704.16,1,403,5,4,5,14,Active
12348,2019.4,5,2011-09-25 13:13:00,2010-09-27 14:59:00,Finland,403.88,74,437,3,4,4,11,Active
12349,4428.69,4,2011-11-21 09:51:00,2010-04-29 13:20:00,Italy,1107.17,17,588,5,3,5,13,Active
12350,334.4,1,2011-02-02 16:01:00,2011-02-02 16:01:00,Norway,334.4,309,309,2,1,2,5,Lapsed
12351,300.93,1,2010-11-29 15:23:00,2010-11-29 15:23:00,Unspecified,300.93,374,374,2,1,2,5,Lapsed
12352,2849.84,10,2011-11-03 14:37:00,2010-11-12 10:20:00,Norway,284.98,35,391,4,5,4,13,Active
12353,406.76,2,2011-05-19 17:47:00,2010-10-27 12:44:00,Bahrain,203.38,203,407,2,2,2,6,Lapsed
12354,1079.4,1,2011-04-21 13:11:00,2011-04-21 13:11:00,Spain,1079.4,231,231,2,1,3,6,Lapsed
12355,947.61,2,2011-05-09 13:49:00,2010-05-21 11:59:00,Bahrain,473.8,213,566,2,2,3,7,Lapsed
12356,6373.68,6,2011-11-17 08:40:00,2010-10-11 09:42:00,Portugal,1062.28,21,423,4,4,5,13,Active
12357,18287.66,3,2011-11-06 16:07:00,2010-11-16 10:05:00,Switzerland,6095.89,32,387,4,3,5,12,Active
12358,3887.07,5,2011-12-08 10:26:00,2009-12-08 07:59:00,Austria,777.41,0,730,5,4,5,14,Active
12359,8935.94,10,2011-10-13 12:47:00,2009-12-05 13:32:00,Cyprus,893.59,56,733,4,5,5,14,Active
12360,4252.89,8,2011-10-18 15:22:00,2010-02-22 09:32:00,Austria,531.61,51,654,4,4,5,13,Active
12361,511.25,4,2011-02-25 13:51:00,2010-01-26 14:37:00,Belgium,127.81,286,681,2,3,2,7,Lapsed
12362,5356.23,11,2011-12-06 15:40:00,2009-12-01 10:10:00,Belgium,486.93,2,737,5,5,5,15,Active
12363,552.0,2,2011-08-22 10:18:00,2011-04-11 13:29:00,Unspecified,276.0,108,241,3,2,2,7,At Risk
12364,1313.1,4,2011-12-02 10:22:00,2011-08-19 15:24:00,Belgium,328.28,6,111,5,3,4,12,Active
12365,641.38,2,2011-02-21 14:04:00,2011-02-21 13:51:00,Cyprus,320.69,290,290,2,2,3,7,Lapsed
12366,500.24,1,2010-03-16 10:28:00,2010-03-16 10:28:00,Cyprus,500.24,632,632,1,1,2,4,Lapsed
12367,168.9,1,2011-12-05 16:48:00,2011-12-05 16:48:00,Denmark,168.9,3,3,5,1,1,7,New
12368,917.7,1,2010-03-21 15:56:00,2010-03-21 15:56:00,Cyprus,917.7,627,627,1,1,3,5,Lapsed
12369,1791.15,3,2010-10-22 13:13:00,2010-03-08 08:09:00,Austria,597.05,412,640,1,3,4,8,Lapsed
12370,4320.31,7,2011-10-19 14:51:00,2010-02-09 09:41:00,Cyprus,617.19,50,667,4,4,5,13,Active
12371,4067.38,5,2011-10-26 10:16:00,2010-03-04 18:23:00,Switzerland,813.48,43,644,4,4,5,13,Active
12372,1298.04,3,2011-09-29 12:12:00,2011-02-16 12:46:00,Denmark,432.68,70,295,3,3,4,10,Active
12373,1127.65,3,2011-02-01 13:10:00,2010-02-04 12:08:00,Austria,375.88,310,672,2,3,3,8,Lapsed
12374,2989.22,4,2011-11-14 15:37:00,2010-04-30 14:01:00,Austria,747.3,24,587,4,3,5,12,Active
12375,457.5,2,2011-11-29 10:36:00,2011-09-02 14:23:00,Finland,228.75,9,97,5,2,2,9,Active
12376,503.15,2,2010-11-15 12:15:00,2010-10-18 08:42:00,Switzerland,251.58,388,416,2,2,2,6,Lapsed
12377,3426.32,4,2011-01-28 15:45:00,2010-04-29 15:34:00,Switzerland,856.58,314,588,2,3,5,10,Lapsed
12378,5416.32,2,2011-08-02 10:34:00,2010-05-26 14:07:00,Switzerland,2708.16,128,561,3,2,5,10,At Risk
12379,1620.22,4,2011-09-19 10:09:00,2010-06-23 12:49:00,Belgium,405.06,80,533,3,3,4,10,Active
12380,9676.3,11,2011-11-18 11:27:00,2010-02-15 12:05:00,Belgium,879.66,20,661,4,5,5,14,Active
12381,1845.31,5,2011-12-05 12:44:00,2011-08-12 09:57:00,Norway,369.06,3,118,5,4,4,13,Active
12383,1850.56,5,2011-06-08 08:02:00,2010-12-22 14:28:00,Belgium,370.11,183,351,3,4,4,11,Lapsed
12384,585.27,2,2011-11-11 08:39:00,2011-08-10 11:23:00,Switzerland,292.64,27,120,4,2,2,8,Active
12385,1938.4,1,2010-11-25 15:14:00,2010-11-25 15:14:00,Belgium,1938.4,378,378,2,1,4,7,Lapsed
12386,660.8,2,2011-01-06 12:37:00,2010-12-08 09:53:00,Australia,330.4,336,365,2,2,3,7,Lapsed
12387,143.94,1,2010-10-20 16:27:00,2010-10-20 16:27:00,Australia,143.94,414,414,1,1,1,3,Lapsed
12388,3901.11,8,2011-11-24 12:30:00,2010-05-06 12:54:00,Australia,487.64,14,581,5,4,5,14,Active
12389,1433.33,3,2010-11-02 11:52:00,2010-02-22 10:15:00,Australia,477.78,401,654,2,3,4,9,Lapsed
12390,549.84,1,2011-09-21 09:33:00,2011-09-21 09:33:00,Belgium,549.84,78,78,3,1,2,6,Active
12391,2773.42,6,2011-11-18 12:07:00,2010-02-15 10:12:00,Cyprus,462.24,20,661,4,4,4,12,Active
12392,234.75,1,2010-04-27 14:04:00,2010-04-27 14:04:00,Australia,234.75,590,590,1,1,1,3,Lapsed
12393,2399.45,6,2011-09-28 15:41:00,2010-10-07 13:49:00,Australia,399.91,71,427,3,4,4,11,Active
12394,1272.48,2,2011-10-07 08:08:00,2011-05-06 14:01:00,Belgium,636.24,62,216,3,2,4,9,Active
12395,5067.27,15,2011-11-20 15:21:00,2010-04-16 10:16:00,Belgium,337.82,18,601,4,5,5,14,Active
12396,931.43,1,2010-02-03 13:22:00,2010-02-03 13:22:00,RSA,931.43,673,673,1,1,3,5,Lapsed
12397,2409.9,2,2011-11-04 09:52:00,2011-07-27 14:21:00,Belgium,1204.95,34,134,4,2,4,10,Active
12398,1635.66,1,2011-10-25 10:27:00,2011-10-25 10:27:00,Switzerland,1635.66,44,44,4,1,4,9,Active
12399,1962.3,7,2011-08-12 13:15:00,2010-03-05 08:45:00,Belgium,280.33,118,643,3,4,4,11,At Risk
12400,205.25,1,2010-10-21 13:45:00,2010-10-21 13:45:00,Australia,205.25,413,413,1,1,1,3,Lapsed
12401,84.3,1,2011-02-09 13:50:00,2011-02-09 13:50:00,Belgium,84.3,302,302,2,1,1,4,Lapsed
12402,1256.9,6,2011-01-20 13:49:00,2010-02-07 12:41:00,Belgium,209.48,322,669,2,4,4,10,Lapsed
12403,1019.36,2,2011-10-21 10:51:00,2010-07-06 11:39:00,Denmark,509.68,48,520,4,2,3,9,Active
12404,63.24,1,2010-01-26 16:25:00,2010-01-26 16:25:00,Finland,63.24,681,681,1,1,1,3,Lapsed
12405,1710.39,1,2011-07-14 08:52:00,2011-07-14 08:52:00,Finland,1710.39,147,147,3,1,4,8,At Risk
12406,6390.36,5,2011-11-17 19:22:00,2010-01-11 14:04:00,Denmark,1278.07,21,696,4,4,5,13,Active
12407,1708.12,5,2011-10-21 10:11:00,2011-03-20 13:21:00,Belgium,341.62,48,263,4,4,4,12,Active
12408,4340.77,8,2011-11-07 12:27:00,2010-07-29 13:27:00,Belgium,542.6,31,497,4,4,5,13,Active
12409,23419.29,7,2011-09-22 10:38:00,2010-05-23 15:21:00,Switzerland,3345.61,77,564,3,4,5,12,Active
12410,1013.71,3,2011-02-04 10:39:00,2010-07-25 13:26:00,Switzerland,337.9,307,501,2,3,3,8,Lapsed
12411,346.9,1,2010-10-26 09:25:00,2010-10-26 09:25:00,Australia,346.9,408,408,2,1,2,5,Lapsed
12412,2596.93,6,2011-09-26 10:16:00,2010-06-18 13:22:00,Denmark,432.82,73,538,3,4,4,11,Active
12413,999.45,4,2011-10-04 09:00:00,2010-11-02 13:26:00,France,249.86,65,401,3,3,3,9,Active
12414,952.41,6,2011-05-06 14:51:00,2010-09-02 12:22:00,Austria,158.73,216,462,2,4,3,9,Lapsed
12415,144458.37,28,2011-11-15 14:22:00,2010-06-30 08:30:00,Australia,5159.23,23,526,4,5,5,14,Active
12416,202.56,1,2010-02-21 10:19:00,2010-02-21 10:19:00,Australia,202.56,655,655,1,1,1,3,Lapsed
12417,6816.91,20,2011-12-06 14:52:00,2009-12-06 10:30:00,Belgium,340.85,2,732,5,5,5,15,Active
12418,2021.2,4,2011-08-19 11:08:00,2010-03-19 14:47:00,Switzerland,505.3,111,629,3,3,4,10,At Risk
12419,503.01,2,2010-11-19 10:04:00,2010-10-22 10:40:00,Spain,251.5,384,412,2,2,2,6,Lapsed
12420,600.39,1,2011-10-07 08:55:00,2011-10-07 08:55:00,Cyprus,600.39,62,62,3,1,2,6,Active
12421,1098.6,6,2011-11-24 09:07:00,2010-07-22 13:57:00,Spain,183.1,14,504,5,4,3,12,Active
12422,5231.8,17,2011-09-05 09:48:00,2009-12-18 12:44:00,Switzerland,307.75,94,720,3,5,5,13,At Risk
12423,2622.39,10,2011-12-09 10:10:00,2010-08-31 09:31:00,Belgium,262.24,-1,464,5,5,4,14,Active
12424,3340.03,4,2011-06-30 12:06:00,2010-06-09 15:15:00,Australia,835.01,161,547,3,3,5,11,At Risk
12425,1741.41,2,2011-09-22 17:31:00,2010-09-17 14:10:00,Portugal,870.7,77,447,3,2,4,9,Active
12426,1345.21,2,2011-05-29 12:26:00,2010-02-15 08:41:00,Germany,672.6,193,661,2,2,4,8,Lapsed
12427,1129.3,3,2011-11-18 08:56:00,2010-12-03 10:44:00,Germany,376.43,20,370,4,3,3,10,Active
12428,7956.46,9,2011-11-14 08:22:00,2011-03-01 09:33:00,Finland,884.05,24,282,4,5,5,14,Active
12429,7485.91,8,2011-11-30 17:22:00,2010-06-11 13:28:00,Denmark,935.74,8,545,5,4,5,14,Active
12430,256.4,1,2011-10-27 15:09:00,2011-10-27 15:09:00,Norway,256.4,42,42,4,1,1,6,Active
12431,10857.97,27,2011-11-04 11:55:00,2010-01-15 09:04:00,Australia,402.15,34,692,4,5,5,14,Active
12432,5059.32,5,2011-10-28 11:43:00,2011-06-20 13:27:00,Norway,1011.86,41,171,4,4,5,13,Active
12433,20581.26,10,2011-12-09 10:02:00,2010-08-20 09:23:00,Norway,2058.13,-1,475,5,5,5,15,Active
12434,1103.43,3,2011-09-16 12:38:00,2010-11-23 13:38:00,Australia,367.81,83,380,3,3,3,9,Active
12435,13925.93,6,2011-09-21 09:06:00,2009-12-02 13:58:00,Denmark,2320.99,78,736,3,4,5,12,Active
12436,509.01,1,2011-09-01 12:09:00,2011-09-01 12:09:00,Norway,509.01,98,98,3,1,2,6,At Risk
12437,12683.4,39,2011-12-08 11:35:00,2009-12-02 16:24:00,France,325.22,0,736,5,5,5,15,Active
12438,2906.85,2,2011-11-25 13:28:00,2011-07-22 13:29:00,Norway,1453.42,13,139,5,2,4,11,Active
12439,1158.18,2,2010-01-26 12:11:00,2009-12-14 08:40:00,Cyprus,579.09,681,724,1,2,3,6,Lapsed
12440,859.2,2,2010-09-03 13:11:00,2009-12-22 12:03:00,Austria,429.6,461,716,1,2,3,6,Lapsed
12441,347.1,1,2010-12-08 10:45:00,2010-12-08 10:45:00,France,347.1,365,365,2,1,2,5,Lapsed
12442,172.06,1,2011-12-06 14:22:00,2011-12-06 14:22:00,Spain,172.06,2,2,5,1,1,7,New
12443,485.31,1,2009-12-07 15:42:00,2009-12-07 15:42:00,Norway,485.31,731,731,1,1,2,4,Lapsed
12444,5005.46,5,2011-11-18 13:23:00,2011-06-21 14:00:00,Norway,1001.09,20,170,4,4,5,13,Active
12445,434.98,2,2011-11-17 18:43:00,2010-10-15 12:28:00,Spain,217.49,21,419,4,2,2,8,Active
12446,1002.31,1,2011-10-13 12:50:00,2011-10-13 12:50:00,RSA,1002.31,56,56,4,1,3,8,Active
12447,476.49,1,2011-04-10 13:25:00,2011-04-10 13:25:00,Belgium,476.49,242,242,2,1,2,5,Lapsed
12448,449.45,1,2011-10-26 13:46:00,2011-10-26 13:46:00,Spain,449.45,43,43,4,1,2,7,Active
12449,4835.89,6,2011-11-17 13:46:00,2010-09-27 09:37:00,Belgium,805.98,21,437,4,4,5,13,Active
12450,688.2,5,2011-07-06 14:41:00,2010-08-22 13:11:00,Spain,137.64,155,473,3,4,3,10,At Risk
12451,12669.88,8,2011-11-29 08:40:00,2010-06-28 12:58:00,Switzerland,1583.74,9,528,5,4,5,14,Active
12452,430.57,2,2011-11-23 10:28:00,2011-11-23 08:05:00,Switzerland,215.28,15,15,5,2,2,9,Active
12453,707.09,1,2011-07-28 14:08:00,2011-07-28 14:08:00,Austria,707.09,133,133,3,1,3,7,At Risk
12454,16679.78,5,2011-10-14 17:13:00,2010-10-14 17:33:00,Spain,3335.96,55,420,4,4,5,13,Active
12455,5879.95,10,2011-09-27 15:31:00,2009-12-18 12:33:00,Cyprus,588.0,72,720,3,5,5,13,Active
12456,3181.04,3,2011-10-26 14:41:00,2011-03-30 09:12:00,Switzerland,1060.35,43,253,4,3,5,12,Active
12457,2995.91,8,2011-10-04 13:13:00,2010-09-30 17:59:00,Switzerland,374.49,65,434,3,4,5,12,Active
12458,1777.49,4,2011-09-29 15:25:00,2010-08-09 10:33:00,Switzerland,444.37,70,486,3,3,4,10,Active
12459,454.36,1,2010-04-13 14:53:00,2010-04-13 14:53:00,Spain,454.36,604,604,1,1,2,4,Lapsed
12460,326.65,1,2010-09-09 13:51:00,2010-09-09 13:51:00,Belgium,326.65,455,455,1,1,2,4,Lapsed
12461,826.88,2,2011-09-06 16:57:00,2011-07-08 10:23:00,Switzerland,413.44,93,153,3,2,3,8,At Risk
12462,1189.59,2,2011-11-21 09:11:00,2011-02-09 14:44:00,Spain,594.79,17,302,5,2,3,10,Active
12463,1344.78,4,2011-10-17 13:44:00,2011-04-12 12:47:00,Belgium,336.2,52,240,4,3,4,11,Active
12464,1212.05,8,2011-11-29 13:33:00,2011-02-03 13:30:00,Belgium,151.51,9,308,5,4,3,12,Active
12465,742.19,2,2011-11-22 16:34:00,2011-06-23 13:37:00,Belgium,371.1,16,168,5,2,3,10,Active
12466,56.73,1,2010-01-26 16:26:00,2010-01-26 16:26:00,France,56.73,681,681,1,1,1,3,Lapsed
12467,132.8,1,2010-10-12 15:41:00,2010-10-12 15:41:00,USA,132.8,422,422,1,1,1,3,Lapsed
12468,3670.74,5,2011-06-05 11:36:00,2010-01-26 10:09:00,Germany,734.15,186,681,3,4,5,12,Lapsed
12469,3070.54,2,2010-07-05 12:40:00,2010-06-21 10:30:00,Thailand,1535.27,521,535,1,2,5,8,Lapsed
12470,211.95,1,2010-01-19 11:01:00,2010-01-19 11:01:00,Unspecified,211.95,688,688,1,1,1,3,Lapsed
12471,39963.79,79,2011-12-07 15:43:00,2009-12-07 10:41:00,Germany,505.87,1,731,5,5,5,15,Active
12472,17880.59,19,2011-11-07 14:01:00,2009-12-14 10:49:00,Germany,941.08,31,724,4,5,5,14,Active
12473,3938.55,5,2011-11-10 13:46:00,2011-06-01 10:15:00,Germany,787.71,28,190,4,4,5,13,Active
12474,12424.45,31,2011-11-22 14:39:00,2010-02-11 09:41:00,Germany,400.79,16,665,5,5,5,15,Active
12475,1149.64,2,2011-10-17 10:10:00,2010-10-26 08:49:00,Germany,574.82,52,408,4,2,3,9,Active
12476,14115.41,23,2011-11-24 12:40:00,2010-07-26 09:04:00,Germany,613.71,14,500,5,5,5,15,Active
12477,20276.37,9,2011-11-17 09:51:00,2010-03-26 14:01:00,Germany,2252.93,21,622,4,5,5,14,Active
12478,680.99,1,2011-12-06 09:56:00,2011-12-06 09:56:00,Greece,680.99,2,2,5,1,3,9,New
12479,527.2,1,2011-11-28 13:26:00,2011-11-28 13:26:00,Germany,527.2,10,10,5,1,2,8,New
12480,5464.85,7,2011-11-11 14:52:00,2010-07-20 13:21:00,Germany,780.69,27,506,4,4,5,13,Active
12481,12361.39,15,2011-11-17 08:29:00,2010-04-11 13:10:00,Germany,824.09,21,606,4,5,5,14,Active
12482,23691.4,29,2010-05-12 16:51:00,2010-02-24 10:24:00,Sweden,816.94,575,652,1,5,5,11,Lapsed
12483,5120.58,19,2011-11-22 17:02:00,2010-01-31 13:28:00,Sweden,269.5,16,676,5,5,5,15,Active
12484,6370.15,12,2011-11-07 11:37:00,2010-01-27 16:41:00,Spain,530.85,31,680,4,5,5,14,Active
12485,708.1,1,2010-06-28 15:22:00,2010-06-28 15:22:00,Sweden,708.1,528,528,1,1,3,5,Lapsed
12486,1037.28,1,2010-10-04 12:14:00,2010-10-04 12:14:00,Sweden,1037.28,430,430,1,1,3,5,Lapsed
12487,285.3,1,2009-12-09 11:36:00,2009-12-09 11:36:00,Sweden,285.3,729,729,1,1,1,3,Lapsed
12488,1298.66,3,2011-11-30 08:50:00,2011-09-25 10:34:00,France,432.89,8,74,5,3,4,12,Active
12489,334.93,1,2011-01-07 13:13:00,2011-01-07 13:13:00,France,334.93,335,335,2,1,2,5,Lapsed
12490,9823.64,21,2011-12-04 16:07:00,2009-12-01 12:52:00,France,467.79,4,737,5,5,5,15,Active
12491,460.4,1,2011-11-01 12:18:00,2011-11-01 12:18:00,France,460.4,37,37,4,1,2,7,Active
12492,715.21,3,2011-10-07 15:15:00,2010-11-01 14:58:00,Germany,238.4,62,402,3,3,3,9,Active
12493,433.74,2,2011-06-27 10:17:00,2011-05-26 14:53:00,France,216.87,164,196,3,2,2,7,At Risk
12494,1872.87,9,2011-11-24 09:34:00,2010-05-12 13:52:00,France,208.1,14,575,5,5,4,14,Active
12495,357.4,1,2010-03-09 10:53:00,2010-03-09 10:53:00,Sweden,357.4,639,639,1,1,2,4,Lapsed
12496,54.09,2,2010-03-29 14:06:00,2010-03-29 13:57:00,Spain,27.04,619,619,1,2,1,4,Lapsed
12497,6248.5,3,2011-09-19 12:29:00,2010-03-05 09:39:00,Germany,2082.83,80,643,3,3,5,11,Active
12498,403.7,3,2011-11-18 12:53:00,2011-10-13 09:30:00,Germany,134.57,20,56,4,3,2,9,Active
12499,393.72,1,2010-05-28 15:12:00,2010-05-28 15:12:00,Germany,393.72,559,559,1,1,2,4,Lapsed
12500,5955.21,19,2011-11-16 16:20:00,2010-02-04 15:05:00,Germany,313.43,22,672,4,5,5,14,Active
12501,2169.39,1,2011-01-07 12:28:00,2011-01-07 12:28:00,Germany,2169.39,335,335,2,1,4,7,Lapsed
12502,3723.87,5,2011-09-05 11:52:00,2011-02-03 10:41:00,Spain,744.77,94,308,3,4,5,12,At Risk
12503,1126.0,1,2010-05-04 13:59:00,2010-05-04 13:59:00,Spain,1126.0,583,583,1,1,3,5,Lapsed
12504,779.05,4,2011-11-21 16:02:00,2010-04-22 10:24:00,Germany,194.76,17,595,5,3,3,11,Active
12505,955.2,1,2010-10-27 09:18:00,2010-10-27 09:18:00,Italy,955.2,407,407,2,1,3,6,Lapsed
12506,73.5,1,2011-04-21 08:54:00,2011-04-21 08:54:00,France,73.5,231,231,2,1,1,4,Lapsed
12507,1844.06,4,2011-07-28 17:09:00,2010-05-04 09:23:00,Spain,461.02,133,583,3,3,4,10,At Risk
12508,398.27,2,2011-11-13 15:37:00,2011-11-10 16:27:00,France,199.14,25,28,4,2,2,8,Active
12509,176.5,1,2011-02-28 14:45:00,2011-02-28 14:45:00,France,176.5,283,283,2,1,1,4,Lapsed
12510,5178.02,9,2011-07-20 10:15:00,2009-12-04 13:47:00,Spain,575.34,141,734,3,5,5,13,At Risk
12511,3084.02,1,2010-10-07 10:39:00,2010-10-07 10:39:00,Greece,3084.02,427,427,1,1,5,7,Lapsed
12512,138.03,2,2011-10-04 14:55:00,2011-10-04 14:53:00,Israel,69.02,65,65,3,2,1,6,Active
12513,612.29,1,2011-08-19 10:51:00,2011-08-19 10:51:00,France,612.29,111,111,3,1,2,6,At Risk
12514,1597.76,2,2011-03-17 16:38:00,2010-03-08 12:18:00,Italy,798.88,266,640,2,2,4,8,Lapsed
12515,383.7,1,2010-12-21 15:43:00,2010-12-21 15:43:00,Italy,383.7,352,352,2,1,2,5,Lapsed
12516,2648.62,4,2011-09-23 09:13:00,2010-04-19 14:14:00,Germany,662.16,76,598,3,3,4,10,Active
12517,2502.84,5,2011-11-11 14:04:00,2011-06-02 15:13:00,Germany,500.57,27,189,4,4,4,12,Active
12518,2056.89,5,2011-12-09 10:13:00,2011-08-21 13:18:00,Germany,411.38,-1,109,5,4,4,13,Active
12519,726.54,2,2011-10-07 09:26:00,2010-08-20 08:21:00,Germany,363.27,62,475,3,2,3,8,Active
12520,2634.26,5,2011-09-21 15:23:00,2011-03-11 11:35:00,Germany,526.85,78,272,3,4,4,11,Active
12521,599.68,1,2011-07-20 10:51:00,2011-07-20 10:51:00,Germany,599.68,141,141,3,1,2,6,At Risk
12522,192.72,2,2011-10-31 15:30:00,2011-10-19 14:41:00,Germany,96.36,38,50,4,2,1,7,Active
12523,4372.15,23,2011-11-20 12:55:00,2009-12-07 13:46:00,France,190.09,18,731,4,5,5,14,Active
12524,11126.11,17,2011-11-30 15:31:00,2010-02-08 14:41:00,Germany,654.48,8,668,5,5,5,15,Active
12525,973.73,3,2010-07-29 16:08:00,2010-03-02 14:01:00,France,324.58,497,646,1,3,3,7,Lapsed
12526,1316.66,3,2011-12-09 12:09:00,2011-09-06 14:19:00,Germany,438.89,-1,93,5,3,4,12,Active
12527,735.51,5,2011-09-19 11:55:00,2010-06-28 15:37:00,Germany,147.1,80,528,3,4,3,10,Active
12528,1933.48,6,2011-11-30 14:40:00,2011-01-31 09:05:00,Germany,322.25,8,311,5,4,4,13,Active
12529,316.48,1,2010-06-29 13:10:00,2010-06-29 13:10:00,France,316.48,527,527,1,1,2,4,Lapsed
12530,3759.26,9,2011-10-11 12:34:00,2010-03-07 14:37:00,Germany,417.7,58,641,3,5,5,13,Active
12531,1933.2,2,2011-11-25 11:12:00,2010-01-22 14:17:00,Germany,966.6,13,685,5,2,4,11,Active
12532,349.83,1,2011-11-09 13:47:00,2011-11-09 13:47:00,France,349.83,29,29,4,1,2,7,New
12533,1367.89,2,2010-03-22 10:56:00,2009-12-01 11:50:00,Germany,683.94,626,737,1,2,4,7,Lapsed
12534,1089.18,1,2011-08-01 10:26:00,2011-08-01 10:26:00,Germany,1089.18,129,129,3,1,3,7,At Risk
12535,716.35,2,2011-09-09 08:48:00,2011-06-06 12:47:00,France,358.18,90,185,3,2,3,8,Active
12536,12601.83,3,2011-10-27 14:20:00,2011-10-11 14:52:00,France,4200.61,42,58,4,3,5,12,Active
12537,732.94,1,2010-10-27 08:36:00,2010-10-27 08:36:00,Sweden,732.94,407,407,2,1,3,6,Lapsed
12538,640.45,2,2011-11-10 17:16:00,2010-11-26 13:02:00,Spain,320.23,28,377,4,2,3,9,Active
12539,11214.75,7,2011-11-17 13:30:00,2009-12-23 13:00:00,Spain,1602.11,21,715,4,4,5,13,Active
12540,22254.49,33,2011-11-20 11:31:00,2009-12-07 16:56:00,Spain,674.38,18,731,4,5,5,14,Active
12541,981.18,3,2011-11-10 10:40:00,2011-03-04 09:32:00,Spain,327.06,28,279,4,3,3,10,Active
12542,481.88,2,2010-08-12 19:12:00,2010-03-09 16:26:00,Spain,240.94,483,639,1,2,2,5,Lapsed
12543,980.25,1,2010-09-17 15:51:00,2010-09-17 15:51:00,Spain,980.25,447,447,1,1,3,5,Lapsed
12544,372.7,1,2011-11-03 16:15:00,2011-11-03 16:15:00,Spain,372.7,35,35,4,1,2,7,Active
12545,1000.39,2,2011-09-25 13:39:00,2011-03-25 12:04:00,Spain,500.2,74,258,3,2,3,8,Active
12546,1161.5,2,2011-10-24 12:09:00,2011-09-23 09:44:00,Spain,580.75,45,76,4,2,3,9,Active
12547,383.58,3,2011-05-26 12:38:00,2010-07-27 13:55:00,Spain,127.86,196,499,2,3,2,7,Lapsed
12548,95.2,1,2011-06-26 15:35:00,2011-06-26 15:35:00,Spain,95.2,165,165,3,1,1,5,At Risk
12549,1575.68,6,2010-05-13 12:05:00,2010-01-11 12:29:00,USA,262.61,574,696,1,4,4,9,Lapsed
12550,964.83,1,2011-09-21 14:35:00,2011-09-21 14:35:00,Spain,964.83,78,78,3,1,3,7,Active
12551,168.0,1,2010-12-17 11:23:00,2010-12-17 11:23:00,Spain,168.0,356,356,2,1,1,4,Lapsed
12552,437.82,2,2011-11-01 10:02:00,2011-10-31 12:11:00,Italy,218.91,37,38,4,2,2,8,Active
12553,4608.75,12,2011-12-01 16:38:00,2010-10-12 13:35:00,France,384.06,7,422,5,5,5,15,Active
12554,468.5,1,2010-09-17 12:29:00,2010-09-17 12:29:00,Spain,468.5,447,447,1,1,2,4,Lapsed
12555,129.23,1,2010-01-26 16:26:00,2010-01-26 16:26:00,Spain,129.23,681,681,1,1,1,3,Lapsed
12556,603.71,2,2011-10-20 13:06:00,2011-07-11 13:35:00,Spain,301.86,49,150,4,2,2,8,Active
12557,18716.14,8,2011-11-23 16:59:00,2009-12-17 10:39:00,Spain,2339.52,15,721,5,4,5,14,Active
12558,269.96,1,2011-12-02 10:41:00,2011-12-02 10:41:00,USA,269.96,6,6,5,1,1,7,New
12559,561.71,2,2011-02-02 09:49:00,2011-01-24 10:12:00,Germany,280.86,309,318,2,2,2,6,Lapsed
12560,2134.01,3,2011-12-04 13:54:00,2011-07-19 15:55:00,Germany,711.34,4,142,5,3,4,12,Active
12561,238.85,1,2011-02-10 11:39:00,2011-02-10 11:39:00,Germany,238.85,301,301,2,1,1,4,Lapsed
12562,4966.92,9,2011-12-01 17:20:00,2010-09-30 13:13:00,France,551.88,7,434,5,5,5,15,Active
12563,249.24,1,2010-10-27 09:52:00,2010-10-27 09:52:00,Italy,249.24,407,407,2,1,1,4,Lapsed
12564,456.9,1,2011-03-23 14:55:00,2011-03-23 14:55:00,France,456.9,260,260,2,1,2,5,Lapsed
12565,145.92,1,2011-02-24 10:34:00,2011-02-24 10:34:00,Saudi Arabia,145.92,287,287,2,1,1,4,Lapsed
12566,351.65,1,2011-09-14 14:30:00,2011-09-14 14:30:00,Germany,351.65,85,85,3,1,2,6,Active
12567,13709.86,15,2011-11-17 11:02:00,2010-02-11 10:30:00,France,913.99,21,665,4,5,5,14,Active
12568,70.0,1,2010-03-05 09:15:00,2010-03-05 09:15:00,Germany,70.0,643,643,1,1,1,3,Lapsed
12569,4124.69,32,2011-12-07 16:24:00,2011-04-01 13:47:00,Germany,128.9,1,251,5,5,5,15,Active
12570,77.52,1,2010-01-26 17:28:00,2010-01-26 17:28:00,Spain,77.52,681,681,1,1,1,3,Lapsed
12571,519.61,2,2011-10-31 10:19:00,2011-08-10 12:35:00,France,259.8,38,120,4,2,2,8,Active
12572,1020.42,2,2011-12-01 09:20:00,2011-10-19 08:20:00,Germany,510.21,7,50,5,2,3,10,Active
12573,717.41,5,2011-04-26 15:52:00,2010-08-31 17:25:00,France,143.48,226,464,2,4,3,9,Lapsed
12574,218.45,1,2011-01-28 09:20:00,2011-01-28 09:20:00,France,218.45,314,314,2,1,1,4,Lapsed
12575,622.82,2,2010-09-08 13:09:00,2010-07-01 09:15:00,France,311.41,456,525,1,2,3,6,Lapsed
12576,2142.72,8,2011-11-04 10:11:00,2010-07-01 13:46:00,Poland,267.84,34,525,4,4,4,12,Active
12577,1653.75,8,2011-11-04 13:24:00,2009-12-03 19:31:00,France,206.72,34,735,4,4,4,12,Active
12578,4642.45,4,2011-11-18 13:30:00,2010-09-22 11:19:00,Italy,1160.61,20,442,4,3,5,12,Active
12579,440.42,1,2011-09-22 17:15:00,2011-09-22 17:15:00,France,440.42,77,77,3,1,2,6,Active
12580,1052.9,2,2011-04-07 10:24:00,2010-05-12 11:45:00,Germany,526.45,245,575,2,2,3,7,Lapsed
12581,197.71,1,2011-10-31 08:56:00,2011-10-31 08:56:00,Germany,197.71,38,38,4,1,1,6,Active
12582,1980.4,4,2011-04-15 08:45:00,2010-05-11 09:55:00,Finland,495.1,237,576,2,3,4,9,Lapsed
12583,14447.44,27,2011-12-07 08:07:00,2009-12-06 11:57:00,France,535.09,1,732,5,5,5,15,Active
12584,2338.15,9,2011-12-06 09:35:00,2011-03-04 15:15:00,Italy,259.79,2,279,5,5,4,14,Active
12585,2040.1,2,2011-04-19 13:39:00,2010-12-23 12:58:00,Germany,1020.05,233,350,2,2,4,8,Lapsed
12586,2062.67,4,2011-11-22 16:24:00,2009-12-16 13:15:00,Italy,515.67,16,722,5,3,4,12,Active
12587,144.0,1,2011-12-02 12:47:00,2011-12-02 12:47:00,Finland,144.0,6,6,5,1,1,7,New
12588,958.78,4,2011-10-31 15:01:00,2010-04-21 12:22:00,Finland,239.7,38,596,4,3,3,10,Active
12589,4695.66,8,2011-11-11 10:19:00,2010-01-19 12:26:00,France,586.96,27,688,4,4,5,13,Active
12590,9864.26,2,2011-05-12 14:52:00,2011-05-12 14:46:00,Germany,4932.13,210,210,2,2,5,9,Lapsed
12591,1352.15,3,2011-01-26 14:35:00,2010-10-27 10:42:00,Italy,450.72,316,407,2,3,4,9,Lapsed
12592,2582.66,5,2011-09-08 15:04:00,2010-07-08 14:06:00,Germany,516.53,91,518,3,4,4,11,At Risk
12593,418.1,3,2011-08-23 12:43:00,2011-05-05 09:29:00,France,139.37,107,217,3,3,2,8,At Risk
12594,5090.11,15,2011-11-02 12:20:00,2010-03-03 13:51:00,Italy,339.34,36,645,4,5,5,14,Active
12595,299.02,1,2010-07-23 09:10:00,2010-07-23 09:10:00,Germany,299.02,503,503,1,1,2,4,Lapsed
12596,618.27,2,2011-10-19 13:02:00,2011-04-11 13:22:00,Spain,309.14,50,241,4,2,3,9,Active
12597,3811.22,4,2011-11-20 13:33:00,2011-03-16 14:00:00,Spain,952.8,18,267,4,3,5,12,Active
12598,4534.09,11,2011-11-30 12:18:00,2010-03-01 09:58:00,France,412.19,8,647,5,5,5,15,Active
12599,2296.72,13,2011-11-10 13:34:00,2010-05-11 10:42:00,France,176.67,28,576,4,5,4,13,Active
12600,5043.92,21,2011-11-11 10:29:00,2009-12-07 13:37:00,Germany,240.19,27,731,4,5,5,14,Active
12601,681.26,6,2011-06-03 10:17:00,2010-10-31 10:57:00,Germany,113.54,188,403,2,4,3,9,Lapsed
12602,153.12,1,2011-10-12 11:22:00,2011-10-12 11:22:00,France,153.12,57,57,4,1,1,6,Active
12603,739.2,1,2011-11-18 10:42:00,2011-11-18 10:42:00,Germany,739.2,20,20,4,1,3,8,New
12604,254.18,2,2011-09-21 14:08:00,2011-03-23 12:06:00,France,127.09,78,260,3,2,1,6,Active
12605,1232.95,4,2010-11-28 14:18:00,2010-09-07 14:21:00,Germany,308.24,375,457,2,3,3,8,Lapsed
12606,21.0,1,2010-01-26 16:23:00,2010-01-26 16:23:00,Spain,21.0,681,681,1,1,1,3,Lapsed
12607,1579.51,1,2011-10-10 16:06:00,2011-10-10 16:06:00,USA,1579.51,59,59,3,1,4,8,Active
12608,415.79,1,2010-10-31 10:49:00,2010-10-31 10:49:00,United Kingdom,415.79,403,403,2,1,2,5,Lapsed
12609,3435.86,9,2011-09-22 16:34:00,2009-12-20 13:30:00,Germany,381.76,77,718,3,5,5,13,Active
12610,2099.54,5,2011-11-17 09:34:00,2011-08-05 13:52:00,Italy,419.91,21,125,4,4,4,12,Active
12611,1193.32,1,2011-10-18 13:12:00,2011-10-18 13:12:00,Italy,1193.32,51,51,4,1,3,8,Active
12612,704.04,1,2011-09-26 15:35:00,2011-09-26 15:35:00,Germany,704.04,73,73,3,1,3,7,Active
12613,6835.07,10,2011-10-13 14:59:00,2009-12-14 13:10:00,Germany,683.51,56,724,4,5,5,14,Active
12614,315.6,1,2011-03-07 10:22:00,2011-03-07 10:22:00,Germany,315.6,276,276,2,1,2,5,Lapsed
12615,5740.98,8,2011-12-07 15:02:00,2010-03-18 14:09:00,France,717.62,1,630,5,4,5,14,Active
12616,1131.1,3,2011-09-05 15:17:00,2010-11-16 11:38:00,France,377.03,94,387,3,3,3,9,At Risk
12617,355.53,1,2011-11-10 14:39:00,2011-11-10 14:39:00,France,355.53,28,28,4,1,2,7,New
12618,177.31,1,2011-11-18 11:10:00,2011-11-18 11:10:00,Italy,177.31,20,20,4,1,1,6,New
12619,3781.38,10,2011-11-23 14:52:00,2010-05-28 12:52:00,Germany,378.14,15,559,5,5,5,15,Active
12620,1339.41,3,2011-11-25 10:20:00,2011-05-19 12:10:00,France,446.47,13,203,5,3,4,12,Active
12621,24775.81,35,2011-12-08 11:25:00,2010-02-09 12:01:00,Germany,707.88,0,667,5,5,5,15,Active
12622,180.1,1,2011-04-21 16:39:00,2011-04-21 16:39:00,Germany,180.1,231,231,2,1,1,4,Lapsed
12623,3747.84,7,2011-03-08 13:50:00,2010-01-12 11:45:00,Germany,535.41,275,695,2,4,5,11,Lapsed
12624,641.13,2,2011-08-25 15:04:00,2011-06-15 12:34:00,France,320.56,105,176,3,2,3,8,At Risk
12625,5164.88,4,2011-05-12 09:54:00,2010-04-22 11:33:00,Germany,1291.22,210,595,2,3,5,10,Lapsed
12626,6620.48,9,2011-11-16 16:06:00,2011-01-17 11:01:00,Germany,735.61,22,325,4,5,5,14,Active
12627,4478.53,7,2011-11-29 12:07:00,2011-07-22 13:59:00,Germany,639.79,9,139,5,4,5,14,Active
12628,786.46,3,2011-12-05 13:15:00,2011-10-06 09:28:00,Germany,262.15,3,63,5,3,3,11,Active
12629,1558.22,2,2010-11-19 09:18:00,2010-10-12 16:40:00,Sweden,779.11,384,422,2,2,4,8,Lapsed
12630,1270.88,2,2011-11-30 10:48:00,2011-10-27 10:41:00,Finland,635.44,8,42,5,2,4,11,Active
12631,3481.57,6,2011-10-13 13:53:00,2010-01-15 14:50:00,Finland,580.26,56,692,4,4,5,13,Active
12632,804.88,2,2010-07-07 09:39:00,2010-05-24 09:07:00,Germany,402.44,519,563,1,2,3,6,Lapsed
12633,5678.16,7,2011-10-12 11:40:00,2010-07-02 11:44:00,Germany,811.17,57,524,4,4,5,13,Active
12634,490.0,2,2010-06-22 10:05:00,2010-06-09 15:41:00,USA,245.0,534,547,1,2,2,5,Lapsed
12635,2930.41,4,2011-09-11 11:04:00,2010-09-09 10:50:00,Germany,732.6,88,455,3,3,4,10,Active
12636,141.0,1,2009-12-01 09:55:00,2009-12-01 09:55:00,USA,141.0,737,737,1,1,1,3,Lapsed
12637,8340.31,12,2011-10-03 13:46:00,2010-06-14 13:36:00,France,695.03,66,542,3,5,5,13,Active
12638,921.49,2,2011-11-06 13:11:00,2010-03-10 10:30:00,Sweden,460.74,32,638,4,2,3,9,Active
12639,1312.37,3,2011-04-15 12:48:00,2010-03-22 09:05:00,Sweden,437.46,237,626,2,3,4,9,Lapsed
12640,1174.58,3,2011-11-16 11:52:00,2011-09-19 12:01:00,France,391.53,22,80,4,3,3,10,Active
12641,185.9,1,2011-08-16 13:26:00,2011-08-16 13:26:00,Sweden,185.9,114,114,3,1,1,5,At Risk
12642,1013.26,3,2011-11-14 15:03:00,2011-08-24 09:23:00,Germany,337.75,24,106,4,3,3,10,Active
12643,8350.42,12,2011-08-03 12:56:00,2010-04-07 14:16:00,France,695.87,127,610,3,5,5,13,At Risk
12644,1918.49,4,2011-08-02 10:33:00,2010-01-14 13:02:00,Germany,479.62,128,693,3,3,4,10,At Risk
12645,3539.3,8,2011-11-06 12:38:00,2010-02-09 10:49:00,Germany,442.41,32,667,4,4,5,13,Active
12646,1346.97,2,2011-12-05 10:14:00,2011-10-21 12:52:00,USA,673.48,3,48,5,2,4,11,Active
12647,17924.35,36,2011-11-17 12:56:00,2010-01-13 15:06:00,Germany,497.9,21,694,4,5,5,14,Active
12648,1112.0,4,2011-07-08 11:55:00,2010-01-07 18:38:00,Germany,278.0,153,700,3,3,3,9,At Risk
12649,2294.65,8,2011-08-24 14:41:00,2010-01-12 17:24:00,Germany,286.83,106,695,3,4,4,11,At Risk
12650,314.44,1,2011-12-06 16:34:00,2011-12-06 16:34:00,France,314.44,2,2,5,1,2,8,New
12651,377.75,4,2011-01-09 12:46:00,2010-08-31 15:21:00,France,94.44,333,464,2,3,2,7,Lapsed
12652,1017.03,2,2011-01-12 15:00:00,2010-10-01 15:16:00,France,508.52,330,433,2,2,3,7,Lapsed
12653,4160.83,3,2011-07-14 10:41:00,2010-07-01 09:56:00,Israel,1386.94,147,525,3,3,5,11,At Risk
12654,601.98,5,2011-11-29 10:10:00,2011-02-17 13:16:00,Germany,120.4,9,294,5,4,2,11,Active
12655,261.35,1,2010-10-12 09:17:00,2010-10-12 09:17:00,France,261.35,422,422,1,1,1,3,Lapsed
12656,6407.83,8,2011-11-22 13:42:00,2010-05-26 09:00:00,France,800.98,16,561,5,4,5,14,Active
12657,1643.18,4,2011-11-28 15:47:00,2011-09-22 11:40:00,France,410.8,10,77,5,3,4,12,Active
12658,686.05,1,2011-11-21 10:22:00,2011-11-21 10:22:00,Germany,686.05,17,17,5,1,3,9,New
12659,91.68,1,2011-11-10 11:53:00,2011-11-10 11:53:00,France,91.68,28,28,4,1,1,6,New
12660,245.1,1,2011-11-28 13:26:00,2011-11-28 13:26:00,France,245.1,10,10,5,1,1,7,New
12661,162.0,1,2010-09-29 16:46:00,2010-09-29 16:46:00,Sweden,162.0,435,435,1,1,1,3,Lapsed
12662,6988.02,20,2011-12-09 11:59:00,2010-04-01 09:50:00,Germany,349.4,-1,616,5,5,5,15,Active
12663,239.4,2,2010-03-25 09:40:00,2010-02-09 14:28:00,Germany,119.7,623,667,1,2,1,4,Lapsed
12664,6070.04,11,2011-12-01 17:07:00,2009-12-13 10:28:00,Finland,551.82,7,725,5,5,5,15,Active
12665,313.6,3,2011-01-19 08:34:00,2010-02-08 15:11:00,Germany,104.53,323,668,2,3,2,7,Lapsed
12666,1248.42,1,2010-11-10 16:40:00,2010-11-10 16:40:00,Israel,1248.42,393,393,2,1,4,7,Lapsed
12667,620.13,1,2011-10-12 17:00:00,2011-10-12 17:00:00,Finland,620.13,57,57,4,1,3,8,Active
12668,11444.68,10,2011-11-28 10:56:00,2010-01-31 15:45:00,Germany,1144.47,10,676,5,5,5,15,Active
12669,2744.03,3,2011-07-12 09:54:00,2011-03-28 10:15:00,France,914.68,149,255,3,3,4,10,At Risk
12670,3760.29,7,2011-11-29 15:23:00,2010-02-11 10:13:00,France,537.18,9,665,5,4,5,14,Active
12671,2622.48,1,2010-04-12 16:30:00,2010-04-12 16:30:00,Germany,2622.48,605,605,1,1,4,6,Lapsed
12672,437.05,2,2011-01-14 09:20:00,2010-04-23 09:57:00,France,218.52,328,594,2,2,2,6,Lapsed
12673,1230.02,3,2011-12-04 13:55:00,2010-11-03 10:46:00,Germany,410.01,4,400,5,3,3,11,Active
12674,1970.6,4,2011-11-01 12:12:00,2011-05-16 09:10:00,France,492.65,37,206,4,3,4,11,Active
12675,958.5,2,2010-06-04 09:49:00,2010-05-10 16:44:00,Italy,479.25,552,577,1,2,3,6,Lapsed
12676,2843.09,11,2011-11-15 12:25:00,2010-08-13 13:29:00,Sweden,258.46,23,482,4,5,4,13,Active
12677,395.1,2,2010-06-02 14:30:00,2010-02-11 13:55:00,France,197.55,554,665,1,2,2,5,Lapsed
12678,34281.18,21,2011-10-28 13:04:00,2010-01-07 16:46:00,France,1632.44,41,700,4,5,5,14,Active
12679,1113.02,4,2011-10-12 12:30:00,2011-03-01 12:26:00,France,278.26,57,282,4,3,3,10,Active
12680,880.81,4,2011-12-09 12:50:00,2011-08-18 15:44:00,France,220.2,-1,112,5,3,3,11,Active
12681,30868.28,45,2011-11-25 11:33:00,2009-12-13 13:31:00,France,685.96,13,725,5,5,5,15,Active
12682,24033.91,52,2011-12-06 10:00:00,2009-12-01 09:28:00,France,462.19,2,737,5,5,5,15,Active
12683,12696.78,21,2011-12-05 16:31:00,2009-12-13 15:01:00,France,604.61,3,725,5,5,5,15,Active
12684,2283.63,7,2011-12-02 09:53:00,2011-05-10 12:55:00,France,326.23,6,212,5,4,4,13,Active
12685,2863.08,6,2011-11-11 13:46:00,2011-09-07 10:28:00,France,477.18,27,92,4,4,4,12,Active
12686,178.28,1,2010-12-03 09:51:00,2010-12-03 09:51:00,France,178.28,370,370,2,1,1,4,Lapsed
12687,2138.91,2,2010-08-16 12:12:00,2010-08-16 12:10:00,Sweden,1069.46,479,479,1,2,4,7,Lapsed
12688,4873.81,1,2011-08-18 08:49:00,2011-08-18 08:49:00,Israel,4873.81,112,112,3,1,5,9,At Risk
12689,1247.61,2,2011-11-14 08:31:00,2011-08-04 10:04:00,France,623.8,24,126,4,2,3,9,Active
12690,389.01,1,2011-05-18 09:09:00,2011-05-18 09:09:00,France,389.01,204,204,2,1,2,5,Lapsed
12691,1170.4,7,2011-11-11 16:49:00,2010-10-15 12:00:00,France,167.2,27,419,4,4,3,11,Active
12692,110.95,1,2010-03-12 14:02:00,2010-03-12 14:02:00,France,110.95,636,636,1,1,1,3,Lapsed
12693,1703.02,7,2011-08-04 17:51:00,2010-07-05 13:56:00,Germany,243.29,126,521,3,4,4,11,At Risk
12694,1843.35,3,2011-09-30 13:06:00,2010-10-14 19:39:00,France,614.45,69,420,3,3,4,10,Active
12695,1407.12,7,2011-12-02 13:22:00,2010-02-12 13:22:00,France,201.02,6,664,5,4,4,13,Active
12696,851.91,2,2010-10-01 10:43:00,2010-07-19 10:02:00,Finland,425.96,433,507,1,2,3,6,Lapsed
12697,957.59,3,2011-11-11 08:47:00,2011-06-23 15:44:00,Sweden,319.2,27,168,4,3,3,10,Active
12698,339.75,1,2010-04-28 15:51:00,2010-04-28 15:51:00,Germany,339.75,589,589,1,1,2,4,Lapsed
12699,638.11,1,2010-10-18 12:07:00,2010-10-18 12:07:00,Germany,638.11,416,416,1,1,3,5,Lapsed
12700,4939.99,4,2011-12-02 10:47:00,2011-05-08 16:10:00,France,1235.0,6,214,5,3,5,13,Active
12701,2446.41,6,2011-09-21 10:47:00,2010-03-16 13:23:00,Germany,407.73,78,632,3,4,4,11,Active
12702,219.0,1,2011-11-20 10:36:00,2011-11-20 10:36:00,Germany,219.0,18,18,4,1,1,6,New
12703,1006.53,4,2011-09-29 17:52:00,2010-01-24 12:05:00,Germany,251.63,70,683,3,3,3,9,Active
12704,2340.84,8,2011-12-02 13:15:00,2011-06-23 10:20:00,Finland,292.6,6,168,5,4,4,13,Active
12705,11762.1,14,2011-11-24 13:17:00,2010-06-24 09:51:00,Germany,840.15,14,532,5,5,5,15,Active
12707,603.42,1,2011-02-21 08:38:00,2011-02-21 08:38:00,France,603.42,290,290,2,1,2,5,Lapsed
12708,5314.1,18,2011-11-10 09:52:00,2009-12-18 10:25:00,Germany,295.23,28,720,4,5,5,14,Active
12709,31093.34,34,2011-11-24 15:38:00,2009-12-09 13:49:00,Germany,914.51,14,729,5,5,5,15,Active
12710,1149.02,3,2011-09-04 12:00:00,2011-05-22 14:05:00,Germany,383.01,95,200,3,3,3,9,At Risk
12711,1339.05,2,2010-04-07 11:59:00,2010-02-01 11:30:00,Germany,669.52,610,675,1,2,4,7,Lapsed
12712,7193.66,21,2011-11-11 08:19:00,2009-12-09 10:46:00,Germany,342.56,27,729,4,5,5,14,Active
12713,848.55,1,2011-12-09 12:16:00,2011-12-09 12:16:00,Germany,848.55,-1,-1,5,1,3,9,New
12714,14093.71,12,2011-11-30 15:43:00,2009-12-04 10:00:00,France,1174.48,8,734,5,5,5,15,Active
12715,353.86,1,2011-08-25 15:22:00,2011-08-25 15:22:00,Sweden,353.86,105,105,3,1,2,6,At Risk
12716,1053.49,2,2011-12-06 08:55:00,2011-07-29 13:28:00,France,526.74,2,132,5,2,3,10,Active
12717,1308.91,3,2011-07-11 14:47:00,2010-04-28 14:34:00,Greece,436.3,150,589,3,3,4,10,At Risk
12718,238.25,1,2011-09-29 16:38:00,2011-09-29 16:38:00,France,238.25,70,70,3,1,1,5,Active
12719,644.95,2,2011-12-04 13:45:00,2011-10-05 14:50:00,France,322.48,4,64,5,2,3,10,Active
12720,8260.67,30,2011-12-07 08:03:00,2010-07-21 09:46:00,Germany,275.36,1,505,5,5,5,15,Active
12721,4013.08,8,2011-11-08 12:13:00,2010-08-25 11:07:00,France,501.64,30,470,4,4,5,13,Active
12722,997.63,4,2011-09-15 14:50:00,2011-07-12 11:55:00,France,249.41,84,149,3,3,3,9,Active
12723,725.07,5,2011-12-06 10:19:00,2011-10-05 15:52:00,France,145.01,2,64,5,4,3,12,Active
12724,2317.52,7,2011-12-04 16:02:00,2010-06-22 14:00:00,France,331.07,4,534,5,4,4,13,Active
12725,2694.56,4,2010-12-03 15:45:00,2010-05-04 13:59:00,Italy,673.64,370,583,2,3,4,9,Lapsed
12726,4014.6,11,2011-11-11 13:35:00,2010-03-25 16:25:00,France,364.96,27,623,4,5,5,14,Active
12727,5679.53,10,2011-11-29 11:46:00,2010-02-23 09:54:00,France,567.95,9,653,5,5,5,15,Active
12728,1070.17,5,2011-09-29 15:31:00,2010-11-21 11:34:00,France,214.03,70,382,3,4,3,10,Active
12729,453.01,1,2011-08-18 11:40:00,2011-08-18 11:40:00,France,453.01,112,112,3,1,2,6,At Risk
12730,829.25,1,2010-07-06 12:19:00,2010-07-06 12:19:00,Germany,829.25,520,520,1,1,3,5,Lapsed
12731,25775.71,17,2011-11-16 11:59:00,2010-03-02 09:23:00,France,1516.22,22,646,4,5,5,14,Active
12732,236.26,1,2011-06-13 11:33:00,2011-06-13 11:33:00,France,236.26,178,178,3,1,1,5,At Risk
12733,2424.87,4,2011-04-19 16:19:00,2010-01-19 13:23:00,USA,606.22,233,688,2,3,4,9,Lapsed
12734,639.65,3,2010-12-22 12:47:00,2010-11-12 13:26:00,France,213.22,351,391,2,3,3,8,Lapsed
12735,779.57,2,2011-01-28 13:37:00,2011-01-06 14:26:00,France,389.78,314,336,2,2,3,7,Lapsed
12736,234.0,1,2011-01-11 07:57:00,2011-01-11 07:57:00,France,234.0,331,331,2,1,1,4,Lapsed
12737,3710.5,2,2010-07-29 12:29:00,2010-07-29 12:27:00,France,1855.25,497,497,1,2,5,8,Lapsed
12738,310.7,1,2010-12-02 18:27:00,2010-12-02 18:27:00,Germany,310.7,371,371,2,1,2,5,Lapsed
12739,2726.73,4,2011-09-22 13:00:00,2010-11-10 14:27:00,United Arab Emirates,681.68,77,393,3,3,4,10,Active
12740,427.6,1,2011-10-07 10:44:00,2011-10-07 10:44:00,France,427.6,62,62,3,1,2,6,Active
12741,406.07,2,2010-06-28 14:36:00,2010-06-24 16:24:00,USA,203.04,528,532,1,2,2,5,Lapsed
12742,1201.52,1,2010-03-24 12:43:00,2010-03-24 12:43:00,United Arab Emirates,1201.52,624,624,1,1,3,5,Lapsed
12743,546.43,2,2011-07-28 16:21:00,2011-07-28 16:06:00,Unspecified,273.21,133,133,3,2,2,7,At Risk
12744,25317.06,11,2011-10-19 11:18:00,2010-04-27 16:19:00,Singapore,2301.55,50,590,4,5,5,14,Active
12745,925.41,3,2010-08-10 10:14:00,2010-01-26 16:22:00,United Kingdom,308.47,485,681,1,3,3,7,Lapsed
12746,254.55,1,2010-06-17 10:41:00,2010-06-17 10:41:00,United Kingdom,254.55,539,539,1,1,1,3,Lapsed
12747,9276.54,26,2011-12-07 14:34:00,2009-12-07 13:23:00,United Kingdom,356.79,1,731,5,5,5,15,Active
12748,56599.39,336,2011-12-09 12:20:00,2009-12-04 17:31:00,United Kingdom,168.45,-1,734,5,5,5,15,Active
12749,6897.36,9,2011-12-06 09:56:00,2010-07-06 15:05:00,United Kingdom,766.37,2,520,5,5,5,15,Active
12750,275.88,1,2011-08-03 09:13:00,2011-08-03 09:13:00,Poland,275.88,127,127,3,1,1,5,At Risk
12751,268.27,1,2010-09-21 12:49:00,2010-09-21 12:49:00,Brazil,268.27,443,443,1,1,1,3,Lapsed
12752,4366.78,1,2011-09-19 13:32:00,2011-09-19 13:32:00,Norway,4366.78,80,80,3,1,5,9,Active
12753,21429.39,6,2011-11-17 10:52:00,2010-12-12 11:44:00,Japan,3571.56,21,361,4,4,5,13,Active
12754,3010.74,3,2011-04-18 09:00:00,2011-02-04 10:31:00,Japan,1003.58,234,307,2,3,5,10,Lapsed
12755,9030.66,11,2011-03-04 12:42:00,2010-01-15 11:57:00,Japan,820.97,279,692,2,5,5,12,Lapsed
12756,112.08,1,2011-09-14 09:31:00,2011-09-14 09:31:00,Japan,112.08,85,85,3,1,1,5,Active
12757,7857.1,13,2011-11-24 12:30:00,2011-05-12 19:01:00,Portugal,604.39,14,210,5,5,5,15,Active
12758,9903.24,7,2011-08-15 10:22:00,2009-12-01 14:40:00,Portugal,1414.75,115,737,3,4,5,12,At Risk
12759,5020.74,8,2011-10-18 14:49:00,2009-12-04 10:47:00,Netherlands,627.59,51,734,4,4,5,13,Active
12760,347.8,1,2010-09-10 08:50:00,2010-09-10 08:50:00,Netherlands,347.8,454,454,1,1,2,4,Lapsed
12761,782.95,2,2010-09-08 12:17:00,2010-09-01 10:47:00,Netherlands,391.48,456,463,1,2,3,6,Lapsed
12762,1898.52,2,2011-12-02 10:23:00,2011-11-14 14:23:00,Portugal,949.26,6,24,5,2,4,11,Active
12763,814.16,2,2011-07-24 14:12:00,2010-12-05 15:46:00,Japan,407.08,137,368,3,2,3,8,At Risk
12764,1693.88,1,2011-01-27 10:19:00,2011-01-27 10:19:00,Lebanon,1693.88,315,315,2,1,4,7,Lapsed
12765,1404.58,6,2010-08-24 13:51:00,2010-03-08 09:43:00,Netherlands,234.1,471,640,1,4,4,9,Lapsed
12766,10068.28,9,2011-12-06 08:46:00,2010-10-28 09:29:00,Portugal,1118.7,2,406,5,5,5,15,Active
12767,949.82,1,2010-11-29 09:38:00,2010-11-29 09:38:00,Korea,949.82,374,374,2,1,3,6,Lapsed
12768,168.69,1,2010-09-15 12:08:00,2010-09-15 12:08:00,Korea,168.69,449,449,1,1,1,3,Lapsed
12769,1143.6,1,2011-04-15 10:25:00,2011-04-15 10:25:00,Brazil,1143.6,237,237,2,1,3,6,Lapsed
12770,3246.45,2,2011-05-13 09:33:00,2010-09-09 11:43:00,Japan,1623.22,209,455,2,2,5,9,Lapsed
12771,282.3,1,2010-08-11 11:51:00,2010-08-11 11:51:00,Portugal,282.3,484,484,1,1,1,3,Lapsed
12772,892.47,1,2011-10-11 09:19:00,2011-10-11 09:19:00,Portugal,892.47,58,58,3,1,3,7,Active
12773,124.25,1,2010-05-24 17:30:00,2010-05-24 17:30:00,Portugal,124.25,563,563,1,1,1,3,Lapsed
12774,98.7,1,2010-06-22 10:38:00,2010-06-22 10:38:00,Netherlands,98.7,534,534,1,1,1,3,Lapsed
12775,1686.12,7,2011-11-22 16:33:00,2010-10-26 14:24:00,Netherlands,240.87,16,408,5,4,4,13,Active
12776,55.5,1,2010-02-10 12:11:00,2010-02-10 12:11:00,Portugal,55.5,666,666,1,1,1,3,Lapsed
12777,519.45,1,2010-09-08 11:35:00,2010-09-08 11:35:00,United Kingdom,519.45,456,456,1,1,2,4,Lapsed
12778,1775.68,9,2011-11-20 11:30:00,2010-04-16 09:57:00,Netherlands,197.3,18,601,4,5,4,13,Active
12779,6722.27,14,2011-11-02 11:43:00,2009-12-03 07:25:00,Poland,480.16,36,735,4,5,5,14,Active
12780,337.4,1,2010-04-20 09:40:00,2010-04-20 09:40:00,Netherlands,337.4,597,597,1,1,2,4,Lapsed
12781,826.74,2,2011-10-07 10:37:00,2011-02-28 08:43:00,Czech Republic,413.37,62,283,3,2,3,8,Active
12782,4618.24,11,2011-12-05 09:16:00,2010-07-08 13:31:00,Portugal,419.84,3,518,5,5,5,15,Active
12783,2225.91,6,2011-12-07 15:56:00,2011-09-25 15:35:00,Portugal,370.98,1,74,5,4,4,13,Active
12784,1804.75,3,2011-11-30 15:38:00,2010-06-28 13:06:00,Portugal,601.58,8,528,5,3,4,12,Active
12785,1100.4,3,2010-12-10 13:48:00,2009-12-08 13:56:00,Portugal,366.8,363,730,2,3,3,8,Lapsed
12786,728.5,1,2010-04-09 12:12:00,2010-04-09 12:12:00,Netherlands,728.5,608,608,1,1,3,5,Lapsed
12787,862.18,4,2011-11-30 08:44:00,2010-10-22 14:57:00,Netherlands,215.54,8,412,5,3,3,11,Active
12788,444.9,4,2010-09-02 14:21:00,2010-06-29 13:05:00,Netherlands,111.22,462,527,1,3,2,6,Lapsed
12789,273.35,3,2011-10-05 13:34:00,2010-01-15 12:06:00,Netherlands,91.12,64,692,3,3,1,7,Active
12790,591.85,2,2011-05-31 14:14:00,2010-10-25 13:04:00,Netherlands,295.92,191,409,2,2,2,6,Lapsed
12791,1056.11,6,2010-12-01 11:27:00,2010-03-25 17:29:00,Netherlands,176.02,372,623,2,4,3,9,Lapsed
12792,827.01,2,2011-03-28 11:36:00,2010-06-23 10:49:00,Portugal,413.5,255,533,2,2,3,7,Lapsed
12793,1017.33,3,2011-01-09 12:12:00,2010-11-03 13:05:00,Portugal,339.11,333,400,2,3,3,8,Lapsed
12794,860.41,2,2011-10-17 14:54:00,2011-09-02 12:01:00,Portugal,430.2,52,97,4,2,3,9,Active
12795,430.48,1,2011-11-21 10:27:00,2011-11-21 10:27:00,Portugal,430.48,17,17,5,1,2,8,New
12796,381.0,1,2010-03-21 15:49:00,2010-03-21 15:49:00,Netherlands,381.0,627,627,1,1,2,4,Lapsed
12797,806.11,2,2010-12-09 10:55:00,2010-10-11 12:53:00,Portugal,403.06,364,423,2,2,3,7,Lapsed
12798,8510.93,4,2011-11-29 15:52:00,2010-10-14 12:27:00,Japan,2127.73,9,420,5,3,5,13,Active
12799,219.35,1,2010-06-28 15:57:00,2010-06-28 15:57:00,Japan,219.35,528,528,1,1,1,3,Lapsed
12800,584.25,3,2010-08-26 14:11:00,2010-02-01 11:02:00,Portugal,194.75,469,675,1,3,2,6,Lapsed
12801,1071.82,1,2010-07-27 09:38:00,2010-07-27 09:38:00,Sweden,1071.82,499,499,1,1,3,5,Lapsed
12802,2416.42,7,2011-06-06 09:36:00,2010-05-25 09:34:00,Netherlands,345.2,185,562,3,4,4,11,Lapsed
12803,1092.81,1,2010-11-11 14:57:00,2010-11-11 14:57:00,Netherlands,1092.81,392,392,2,1,3,6,Lapsed
12804,327.02,2,2010-08-31 11:58:00,2010-07-27 13:52:00,Netherlands,163.51,464,499,1,2,2,5,Lapsed
12805,1434.95,4,2010-11-23 12:27:00,2010-02-03 09:06:00,Netherlands,358.74,380,673,2,3,4,9,Lapsed
12806,2878.96,4,2010-09-30 13:34:00,2010-04-30 10:44:00,Netherlands,719.74,434,587,1,3,4,8,Lapsed
12807,330.35,1,2010-11-21 14:21:00,2010-11-21 14:21:00,Sweden,330.35,382,382,2,1,2,5,Lapsed
12808,906.1,5,2011-11-03 10:05:00,2010-09-03 10:24:00,Portugal,181.22,35,461,4,4,3,11,Active
12809,1755.94,3,2011-06-15 10:51:00,2010-03-02 14:19:00,Portugal,585.31,176,646,3,3,4,10,At Risk
12810,534.99,2,2010-06-23 10:53:00,2010-02-01 09:52:00,Japan,267.5,533,675,1,2,2,5,Lapsed
12811,1033.9,5,2011-03-24 09:42:00,2010-10-08 12:20:00,Portugal,206.78,259,426,2,4,3,9,Lapsed
12812,229.64,1,2011-10-26 09:54:00,2011-10-26 09:54:00,Japan,229.64,43,43,4,1,1,6,Active
12813,1687.8,3,2010-07-26 09:50:00,2010-01-15 16:52:00,Netherlands,562.6,500,692,1,3,4,8,Lapsed
12814,125.92,1,2011-08-30 12:11:00,2011-08-30 12:11:00,Poland,125.92,100,100,3,1,1,5,At Risk
12815,1063.46,2,2011-07-15 10:21:00,2011-05-25 13:34:00,Poland,531.73,146,197,3,2,3,8,At Risk
12816,572.2,2,2011-09-05 12:41:00,2011-06-16 13:24:00,Poland,286.1,94,175,3,2,2,7,At Risk
12817,690.98,3,2011-03-03 16:28:00,2010-10-01 08:57:00,Austria,230.33,280,433,2,3,3,8,Lapsed
12818,1542.08,1,2011-03-23 12:06:00,2011-03-23 12:06:00,Austria,1542.08,260,260,2,1,4,7,Lapsed
12819,540.52,1,2010-09-07 15:20:00,2010-09-07 15:20:00,United Kingdom,540.52,457,457,1,1,2,4,Lapsed
12820,2689.52,11,2011-12-06 15:12:00,2009-12-05 13:37:00,United Kingdom,244.5,2,733,5,5,4,14,Active
12821,220.8,2,2011-05-09 15:51:00,2010-04-07 15:14:00,United Kingdom,110.4,213,610,2,2,1,5,Lapsed
12822,948.88,2,2011-09-30 10:04:00,2011-09-13 13:46:00,United Kingdom,474.44,69,86,3,2,3,8,Active
12823,6501.5,18,2011-09-26 07:35:00,2010-01-29 12:52:00,United Kingdom,361.19,73,678,3,5,5,13,Active
12824,397.12,1,2011-10-11 12:49:00,2011-10-11 12:49:00,United Kingdom,397.12,58,58,3,1,2,6,Active
12825,518.63,2,2010-07-06 13:56:00,2010-03-08 10:17:00,United Kingdom,259.32,520,640,1,2,2,5,Lapsed
12826,2955.75,12,2011-12-07 10:25:00,2009-12-18 10:43:00,United Kingdom,246.31,1,720,5,5,4,14,Active
12827,430.15,3,2011-12-04 12:17:00,2011-10-26 15:44:00,United Kingdom,143.38,4,43,5,3,2,10,Active
12828,1018.71,6,2011-12-07 08:45:00,2011-08-01 16:16:00,United Kingdom,169.78,1,129,5,4,3,12,Active
12829,385.3,3,2011-01-07 11:13:00,2010-06-07 15:04:00,United Kingdom,128.43,335,549,2,3,2,7,Lapsed
12830,6814.64,6,2011-11-02 11:54:00,2011-06-21 10:53:00,United Kingdom,1135.77,36,170,4,4,5,13,Active
12831,451.11,3,2011-03-22 13:02:00,2010-09-02 15:58:00,United Kingdom,150.37,261,462,2,3,2,7,Lapsed
12832,383.03,2,2011-11-07 13:30:00,2011-09-02 13:48:00,United Kingdom,191.52,31,97,4,2,2,8,Active
12833,417.38,1,2011-07-17 13:46:00,2011-07-17 13:46:00,United Kingdom,417.38,144,144,3,1,2,6,At Risk
12834,312.38,1,2011-03-02 09:49:00,2011-03-02 09:49:00,United Kingdom,312.38,281,281,2,1,2,5,Lapsed
12835,6043.31,41,2010-10-08 10:59:00,2009-12-03 12:13:00,United Kingdom,147.4,426,735,1,5,5,11,Lapsed
12836,6585.62,15,2011-10-11 15:10:00,2009-12-01 14:19:00,United Kingdom,439.04,58,737,3,5,5,13,Active
12837,688.41,2,2011-06-19 16:07:00,2010-05-19 15:10:00,United Kingdom,344.2,172,568,3,2,3,8,At Risk
12838,3398.48,10,2011-11-06 12:20:00,2010-04-26 09:59:00,United Kingdom,339.85,32,591,4,5,5,14,Active
12839,10071.73,26,2011-12-07 12:33:00,2009-12-07 09:18:00,United Kingdom,387.37,1,731,5,5,5,15,Active
12840,4041.97,7,2011-07-19 09:29:00,2010-02-03 14:51:00,United Kingdom,577.42,142,673,3,4,5,12,At Risk
12841,7540.68,40,2011-12-05 11:13:00,2010-07-08 15:38:00,United Kingdom,188.52,3,518,5,5,5,15,Active
12842,1917.99,4,2011-09-30 15:33:00,2009-12-02 08:15:00,United Kingdom,479.5,69,736,3,3,4,10,Active
12843,6588.41,30,2011-10-05 12:09:00,2009-12-13 11:41:00,United Kingdom,219.61,64,725,3,5,5,13,Active
12844,648.6,4,2011-11-10 13:31:00,2010-04-25 11:51:00,United Kingdom,162.15,28,592,4,3,3,10,Active
12845,354.09,4,2011-03-17 13:34:00,2011-02-22 14:10:00,United Kingdom,88.52,266,289,2,3,2,7,Lapsed
12846,15.58,1,2010-01-26 16:29:00,2010-01-26 16:29:00,United Kingdom,15.58,681,681,1,1,1,3,Lapsed
12847,1636.9,2,2011-11-17 13:16:00,2010-11-17 12:44:00,United Kingdom,818.45,21,386,4,2,4,10,Active
12848,208.0,1,2010-02-02 12:45:00,2010-02-02 12:45:00,United Kingdom,208.0,674,674,1,1,1,3,Lapsed
12849,3090.56,6,2011-11-08 13:41:00,2010-04-27 13:44:00,United Kingdom,515.09,30,590,4,4,5,13,Active
12850,330.0,1,2010-09-20 12:26:00,2010-09-20 12:26:00,United Kingdom,330.0,444,444,1,1,2,4,Lapsed
12851,284.13,2,2011-09-04 12:41:00,2010-08-19 15:13:00,United Kingdom,142.06,95,476,3,2,1,6,At Risk
12852,311.55,1,2011-02-18 08:47:00,2011-02-18 08:47:00,United Kingdom,311.55,293,293,2,1,2,5,Lapsed
12853,3907.5,11,2011-07-28 11:29:00,2010-02-05 11:57:00,United Kingdom,355.23,133,671,3,5,5,13,At Risk
12854,2994.02,7,2011-09-22 12:15:00,2009-12-11 12:55:00,United Kingdom,427.72,77,727,3,4,5,12,Active
12855,650.94,4,2010-12-02 09:37:00,2010-11-02 18:16:00,United Kingdom,162.74,371,401,2,3,3,8,Lapsed
12856,2179.93,6,2011-12-02 10:52:00,2011-10-07 12:38:00,United Kingdom,363.32,6,62,5,4,4,13,Active
12857,3688.0,6,2011-05-13 10:20:00,2010-01-25 15:37:00,United Kingdom,614.67,209,682,2,4,5,11,Lapsed
12858,177.92,1,2010-11-21 12:55:00,2010-11-21 12:55:00,United Kingdom,177.92,382,382,2,1,1,4,Lapsed
12859,575.1,1,2010-09-07 12:20:00,2010-09-07 12:20:00,United Kingdom,575.1,457,457,1,1,2,4,Lapsed
12860,55.47,1,2010-01-15 15:22:00,2010-01-15 15:22:00,United Kingdom,55.47,692,692,1,1,1,3,Lapsed
12861,68.25,1,2010-03-30 11:39:00,2010-03-30 11:39:00,United Kingdom,68.25,618,618,1,1,1,3,Lapsed
12862,1008.32,2,2010-10-10 11:47:00,2010-08-01 15:20:00,United Kingdom,504.16,424,494,1,2,3,6,Lapsed
12863,2792.55,6,2011-10-18 14:15:00,2010-04-29 13:54:00,United Kingdom,465.42,51,588,4,4,4,12,Active
12864,299.57,2,2011-07-24 13:03:00,2010-07-19 17:22:00,United Kingdom,149.78,137,507,3,2,2,7,At Risk
12865,3323.47,4,2011-11-13 14:31:00,2010-08-20 12:20:00,Austria,830.87,25,475,4,3,5,12,Active
12866,1227.35,3,2011-03-01 14:11:00,2010-07-25 11:37:00,Belgium,409.12,282,501,2,3,3,8,Lapsed
12867,7913.29,13,2011-11-13 15:30:00,2009-12-16 16:25:00,United Kingdom,608.71,25,722,4,5,5,14,Active
12868,2247.06,8,2011-06-07 10:42:00,2010-11-12 10:05:00,United Kingdom,280.88,184,391,3,4,4,11,Lapsed
12869,337.67,1,2010-01-27 12:10:00,2010-01-27 12:10:00,United Kingdom,337.67,680,680,1,1,2,4,Lapsed
12870,1676.95,3,2010-11-29 13:42:00,2010-03-25 14:32:00,United Kingdom,558.98,374,623,2,3,4,9,Lapsed
12871,744.02,3,2011-09-16 15:07:00,2010-09-26 10:34:00,United Kingdom,248.01,83,438,3,3,3,9,Active
12872,3685.49,12,2011-01-17 10:52:00,2009-12-03 20:03:00,United Kingdom,307.12,325,735,2,5,5,12,Lapsed
12873,2027.3,3,2011-03-02 14:58:00,2010-01-27 09:50:00,United Kingdom,675.77,281,680,2,3,4,9,Lapsed
12874,948.42,2,2010-11-19 15:23:00,2010-06-03 12:51:00,Belgium,474.21,384,553,2,2,3,7,Lapsed
12875,1356.99,5,2011-07-19 15:30:00,2010-01-11 12:37:00,United Kingdom,271.4,142,696,3,4,4,11,At Risk
12876,4081.79,4,2011-10-13 12:26:00,2010-04-28 13:26:00,Belgium,1020.45,56,589,4,3,5,12,Active
12877,2955.17,20,2011-12-06 10:30:00,2010-01-18 10:23:00,United Kingdom,147.76,2,689,5,5,4,14,Active
12878,854.99,2,2011-04-17 13:07:00,2011-03-18 14:02:00,United Kingdom,427.5,235,265,2,2,3,7,Lapsed
12879,573.22,3,2011-10-26 12:24:00,2011-09-09 12:11:00,United Kingdom,191.07,43,90,4,3,2,9,Active
12880,640.13,2,2010-11-23 10:50:00,2010-05-14 11:57:00,United Kingdom,320.06,380,573,2,2,3,7,Lapsed
12881,298.0,1,2011-03-09 11:44:00,2011-03-09 11:44:00,United Kingdom,298.0,274,274,2,1,2,5,Lapsed
12882,1463.04,2,2011-11-30 16:18:00,2011-11-06 11:22:00,United Kingdom,731.52,8,32,5,2,4,11,Active
12883,703.47,4,2011-11-15 09:32:00,2011-09-11 15:18:00,United Kingdom,175.87,23,88,4,3,3,10,Active
12884,309.05,1,2011-09-12 13:10:00,2011-09-12 13:10:00,United Kingdom,309.05,87,87,3,1,2,6,Active
12885,1175.22,3,2011-10-07 13:40:00,2011-08-08 11:45:00,United Kingdom,391.74,62,122,3,3,3,9,Active
12886,1378.4,2,2011-10-03 10:09:00,2011-05-04 11:21:00,United Kingdom,689.2,66,218,3,2,4,9,Active
12887,222.4,1,2010-11-21 11:18:00,2010-11-21 11:18:00,United Kingdom,222.4,382,382,2,1,1,4,Lapsed
12888,354.12,2,2011-05-09 16:02:00,2011-03-29 14:31:00,United Kingdom,177.06,213,254,2,2,2,6,Lapsed
12889,385.46,4,2010-11-23 16:08:00,2010-07-25 14:32:00,United Kingdom,96.36,380,501,2,3,2,7,Lapsed
12890,717.27,2,2011-11-15 17:26:00,2010-11-17 14:05:00,United Kingdom,358.64,23,386,4,2,3,9,Active
12891,840.5,11,2011-06-07 12:31:00,2010-02-18 14:32:00,United Kingdom,76.41,184,658,3,5,3,11,Lapsed
12892,263.38,1,2010-11-08 09:51:00,2010-11-08 09:51:00,United Kingdom,263.38,395,395,2,1,1,4,Lapsed
12893,188.14,1,2011-11-09 12:34:00,2011-11-09 12:34:00,United Kingdom,188.14,29,29,4,1,1,6,New
12894,157.35,1,2010-05-13 14:47:00,2010-05-13 14:47:00,United Kingdom,157.35,574,574,1,1,1,3,Lapsed
12895,372.8,2,2011-10-28 13:51:00,2011-09-14 08:35:00,United Kingdom,186.4,41,85,4,2,2,8,Active
12897,514.25,4,2011-05-19 12:13:00,2010-06-14 11:58:00,United Kingdom,128.56,203,542,2,3,2,7,Lapsed
12898,310.96,2,2010-09-02 08:08:00,2010-02-18 12:36:00,United Kingdom,155.48,462,658,1,2,2,5,Lapsed
12899,366.4,1,2010-10-22 09:53:00,2010-10-22 09:53:00,United Kingdom,366.4,412,412,1,1,2,4,Lapsed
12900,340.33,1,2010-10-13 15:17:00,2010-10-13 15:17:00,United Kingdom,340.33,421,421,1,1,2,4,Lapsed
12901,17654.54,28,2011-12-01 10:07:00,2011-03-14 10:41:00,United Kingdom,630.52,7,269,5,5,5,15,Active
12902,138.68,1,2011-03-20 12:06:00,2011-03-20 12:06:00,United Kingdom,138.68,263,263,2,1,1,4,Lapsed
12903,833.53,1,2010-10-07 12:39:00,2010-10-07 12:39:00,United Kingdom,833.53,427,427,1,1,3,5,Lapsed
12904,509.58,2,2011-11-21 14:34:00,2011-06-20 13:18:00,United Kingdom,254.79,17,171,5,2,2,9,Active
12905,1018.42,2,2010-05-12 10:05:00,2010-01-26 14:06:00,United Kingdom,509.21,575,681,1,2,3,6,Lapsed
12906,2919.81,5,2011-11-28 09:55:00,2011-09-22 15:03:00,United Kingdom,583.96,10,77,5,4,4,13,Active
12907,508.91,2,2010-11-09 12:08:00,2010-08-02 14:33:00,United Kingdom,254.46,394,493,2,2,2,6,Lapsed
12908,1776.0,5,2011-06-16 15:39:00,2010-03-19 15:59:00,United Kingdom,355.2,175,629,3,4,4,11,At Risk
12909,3103.19,8,2011-10-31 12:43:00,2010-02-24 12:14:00,United Kingdom,387.9,38,652,4,4,5,13,Active
12910,5796.52,13,2011-11-16 14:28:00,2010-03-28 13:10:00,United Kingdom,445.89,22,620,4,5,5,14,Active
12911,1680.47,1,2010-06-06 12:13:00,2010-06-06 12:13:00,United Kingdom,1680.47,550,550,1,1,4,6,Lapsed
12912,1662.3,5,2011-12-07 08:55:00,2011-10-30 11:35:00,United Kingdom,332.46,1,39,5,4,4,13,Active
12913,6700.86,13,2011-12-05 12:11:00,2009-12-01 12:18:00,United Kingdom,515.45,3,737,5,5,5,15,Active
12914,223.98,1,2010-11-04 12:28:00,2010-11-04 12:28:00,United Kingdom,223.98,399,399,2,1,1,4,Lapsed
12915,1174.75,4,2011-07-14 11:34:00,2010-04-29 19:36:00,United Kingdom,293.69,147,588,3,3,3,9,At Risk
12916,4654.02,7,2011-07-24 10:35:00,2010-01-24 11:26:00,United Kingdom,664.86,137,683,3,4,5,12,At Risk
12917,4359.2,6,2011-08-03 16:42:00,2009-12-09 14:22:00,United Kingdom,726.53,127,729,3,4,5,12,At Risk
12918,10953.5,1,2010-03-23 15:22:00,2010-03-23 15:22:00,United Kingdom,10953.5,625,625,1,1,5,7,Lapsed
12919,1335.19,6,2011-12-01 13:47:00,2011-06-23 09:22:00,United Kingdom,222.53,7,168,5,4,4,13,Active
12920,488.09,4,2011-11-22 15:05:00,2009-12-14 15:58:00,United Kingdom,122.02,16,724,5,3,2,10,Active
12921,35921.04,74,2011-11-30 16:22:00,2009-12-01 13:43:00,United Kingdom,485.42,8,737,5,5,5,15,Active
12922,405.38,1,2011-07-01 15:35:00,2011-07-01 15:35:00,United Kingdom,405.38,160,160,3,1,2,6,At Risk
12923,789.87,3,2011-10-06 16:20:00,2010-05-13 14:55:00,United Kingdom,263.29,63,574,3,3,3,9,Active
12924,2469.4,12,2011-09-12 13:55:00,2009-12-09 12:40:00,United Kingdom,205.78,87,729,3,5,4,12,Active
12925,729.33,3,2011-12-05 11:11:00,2010-04-26 10:32:00,United Kingdom,243.11,3,591,5,3,3,11,Active
12926,1548.46,4,2010-10-24 15:57:00,2009-12-14 14:35:00,United Kingdom,387.12,410,724,1,3,4,8,Lapsed
12927,197.31,1,2010-11-10 10:02:00,2010-11-10 10:02:00,United Kingdom,197.31,393,393,2,1,1,4,Lapsed
12928,4304.89,12,2011-11-04 14:24:00,2010-06-08 10:16:00,United Kingdom,358.74,34,548,4,5,5,14,Active
12929,117.85,1,2011-02-01 12:08:00,2011-02-01 12:08:00,United Kingdom,117.85,310,310,2,1,1,4,Lapsed
12930,415.8,2,2011-09-22 15:18:00,2011-06-21 13:25:00,United Kingdom,207.9,77,170,3,2,2,7,Active
12931,92347.34,57,2011-11-18 12:39:00,2009-12-01 11:46:00,United Kingdom,1620.13,20,737,4,5,5,14,Active
12932,1698.56,8,2010-06-18 14:22:00,2010-02-10 08:46:00,United Kingdom,212.32,538,666,1,4,4,9,Lapsed
12933,1687.03,8,2011-11-15 16:38:00,2009-12-10 16:39:00,United Kingdom,210.88,23,728,4,4,4,12,Active
12934,181.65,1,2009-12-03 10:51:00,2009-12-03 10:51:00,United Kingdom,181.65,735,735,1,1,1,3,Lapsed
12935,4243.86,15,2011-12-07 17:25:00,2010-04-11 15:59:00,United Kingdom,282.92,1,606,5,5,5,15,Active
12936,1063.9,4,2011-11-22 17:32:00,2011-09-22 13:51:00,United Kingdom,265.98,16,77,5,3,3,11,Active
12937,3097.61,9,2011-11-24 15:05:00,2009-12-03 15:43:00,United Kingdom,344.18,14,735,5,5,5,15,Active
12938,114.14,1,2011-11-14 11:21:00,2011-11-14 11:21:00,United Kingdom,114.14,24,24,4,1,1,6,New
12939,25264.8,20,2011-10-06 14:33:00,2010-01-12 11:27:00,United Kingdom,1263.24,63,695,3,5,5,13,Active
12940,913.54,2,2011-10-16 12:09:00,2011-09-13 10:16:00,United Kingdom,456.77,53,86,4,2,3,9,Active
12941,377.49,1,2009-12-15 13:12:00,2009-12-15 13:12:00,United Kingdom,377.49,723,723,1,1,2,4,Lapsed
12942,942.65,3,2011-07-31 14:39:00,2010-12-09 09:34:00,United Kingdom,314.22,130,364,3,3,3,9,At Risk
12943,496.5,2,2010-05-30 13:52:00,2010-04-13 11:03:00,United Kingdom,248.25,557,604,1,2,2,5,Lapsed
12944,604.51,2,2011-11-04 11:04:00,2010-12-20 10:41:00,United Kingdom,302.26,34,353,4,2,2,8,Active
12945,900.11,2,2011-02-24 14:15:00,2010-02-21 15:18:00,United Kingdom,450.06,287,655,2,2,3,7,Lapsed
12946,324.45,1,2010-09-29 10:14:00,2010-09-29 10:14:00,United Kingdom,324.45,435,435,1,1,2,4,Lapsed
12947,1908.03,6,2011-07-19 10:06:00,2010-12-01 16:21:00,United Kingdom,318.0,142,372,3,4,4,11,At Risk
12948,2317.43,9,2011-11-23 17:10:00,2009-12-02 12:28:00,United Kingdom,257.49,15,736,5,5,4,14,Active
12949,15526.7,22,2011-11-09 11:25:00,2009-12-03 15:56:00,United Kingdom,705.76,29,735,4,5,5,14,Active
12950,1843.0,3,2011-12-07 13:17:00,2011-11-15 13:48:00,United Kingdom,614.33,1,23,5,3,4,12,Active
12951,3213.72,15,2011-12-01 12:14:00,2010-01-10 12:43:00,United Kingdom,214.25,7,697,5,5,5,15,Active
12952,1387.79,4,2011-12-04 10:35:00,2011-09-22 16:37:00,United Kingdom,346.95,4,77,5,3,4,12,Active
12953,828.81,2,2011-11-30 09:24:00,2010-07-05 13:37:00,United Kingdom,414.4,8,521,5,2,3,10,Active
12954,162.45,1,2010-03-11 10:16:00,2010-03-11 10:16:00,United Kingdom,162.45,637,637,1,1,1,3,Lapsed
12955,4757.16,11,2011-12-08 16:29:00,2011-03-17 09:03:00,United Kingdom,432.47,0,266,5,5,5,15,Active
12956,521.89,4,2011-02-06 16:08:00,2009-12-15 19:03:00,United Kingdom,130.47,305,723,2,3,2,7,Lapsed
12957,8706.97,13,2011-11-30 09:53:00,2009-12-11 12:01:00,United Kingdom,669.77,8,727,5,5,5,15,Active
12958,539.49,2,2010-11-04 16:16:00,2010-05-05 16:22:00,United Kingdom,269.74,399,582,2,2,2,6,Lapsed
12959,150.95,1,2010-08-12 17:20:00,2010-08-12 17:20:00,United Kingdom,150.95,483,483,1,1,1,3,Lapsed
12960,1322.07,4,2010-10-22 09:31:00,2010-02-16 13:32:00,United Kingdom,330.52,412,660,1,3,4,8,Lapsed
12961,211.99,1,2010-11-25 16:44:00,2010-11-25 16:44:00,United Kingdom,211.99,378,378,2,1,1,4,Lapsed
12962,266.39,2,2011-12-02 15:55:00,2011-08-18 13:38:00,United Kingdom,133.2,6,112,5,2,1,8,Active
12963,3601.59,12,2011-12-01 12:55:00,2010-07-08 14:45:00,United Kingdom,300.13,7,518,5,5,5,15,Active
12964,132.24,1,2010-09-28 17:47:00,2010-09-28 17:47:00,United Kingdom,132.24,436,436,1,1,1,3,Lapsed
12965,771.91,1,2011-09-11 15:31:00,2011-09-11 15:31:00,United Kingdom,771.91,88,88,3,1,3,7,Active
12966,160.18,1,2011-11-30 12:38:00,2011-11-30 12:38:00,United Kingdom,160.18,8,8,5,1,1,7,New
12967,4306.92,3,2010-12-16 19:10:00,2010-11-21 11:03:00,United Kingdom,1435.64,357,382,2,3,5,10,Lapsed
12968,135.95,1,2011-08-19 15:44:00,2011-08-19 15:44:00,United Kingdom,135.95,111,111,3,1,1,5,At Risk
12969,122.45,1,2010-04-16 10:50:00,2010-04-16 10:50:00,United Kingdom,122.45,601,601,1,1,1,3,Lapsed
12970,1524.97,10,2011-12-02 14:30:00,2009-12-04 14:19:00,United Kingdom,152.5,6,734,5,5,4,14,Active
12971,15972.79,116,2011-12-06 12:20:00,2009-12-15 19:04:00,United Kingdom,137.7,2,723,5,5,5,15,Active
12972,1161.2,4,2010-10-22 08:41:00,2010-02-16 14:30:00,United Kingdom,290.3,412,660,1,3,3,7,Lapsed
12973,385.55,1,2010-10-22 10:14:00,2010-10-22 10:14:00,United Kingdom,385.55,412,412,1,1,2,4,Lapsed
12974,408.95,2,2011-05-26 09:33:00,2010-05-23 11:45:00,United Kingdom,204.48,196,564,2,2,2,6,Lapsed
12975,2100.09,6,2010-09-29 09:46:00,2009-12-06 10:38:00,United Kingdom,350.02,435,732,1,4,4,9,Lapsed
12976,3156.38,8,2011-05-12 09:55:00,2010-02-12 15:46:00,United Kingdom,394.55,210,664,2,4,5,11,Lapsed
12977,517.63,4,2011-07-06 16:40:00,2010-07-16 16:25:00,United Kingdom,129.41,155,510,3,3,2,8,At Risk
12978,2502.82,5,2010-11-19 14:29:00,2009-12-10 12:10:00,United Kingdom,500.56,384,728,2,4,4,10,Lapsed
12979,517.7,1,2009-12-10 15:45:00,2009-12-10 15:45:00,United Arab Emirates,517.7,728,728,1,1,2,4,Lapsed
12980,16245.78,21,2011-07-05 09:34:00,2009-12-02 11:26:00,United Kingdom,773.61,156,736,3,5,5,13,At Risk
12981,372.22,2,2011-11-10 12:00:00,2011-07-29 14:14:00,United Kingdom,186.11,28,132,4,2,2,8,Active
12982,2744.81,8,2011-04-11 11:51:00,2010-04-12 13:50:00,United Kingdom,343.1,241,605,2,4,4,10,Lapsed
12983,490.08,1,2010-04-20 12:58:00,2010-04-20 12:58:00,United Kingdom,490.08,597,597,1,1,2,4,Lapsed
12984,97.5,1,2011-11-21 12:37:00,2011-11-21 12:37:00,United Kingdom,97.5,17,17,5,1,1,7,New
12985,1239.38,2,2011-12-09 10:46:00,2011-11-11 12:44:00,United Kingdom,619.69,-1,27,5,2,3,10,Active
12986,2729.84,10,2010-10-07 11:57:00,2010-01-21 10:45:00,United Kingdom,272.98,427,686,1,5,4,10,Lapsed
12987,1312.21,5,2011-09-27 12:03:00,2010-01-20 09:57:00,United Kingdom,262.44,72,687,3,4,4,11,Active
12988,535.32,1,2011-02-20 14:31:00,2011-02-20 14:31:00,United Kingdom,535.32,291,291,2,1,2,5,Lapsed
12989,13551.75,33,2011-12-06 15:28:00,2009-12-10 13:27:00,United Kingdom,410.66,2,728,5,5,5,15,Active
12990,955.5,7,2011-11-08 13:01:00,2010-03-30 11:36:00,United Kingdom,136.5,30,618,4,4,3,11,Active
12991,764.82,3,2011-11-16 15:34:00,2010-11-15 13:43:00,United Kingdom,254.94,22,388,4,3,3,10,Active
12992,93.35,1,2009-12-14 16:46:00,2009-12-14 16:46:00,United Kingdom,93.35,724,724,1,1,1,3,Lapsed
12993,1259.63,8,2011-11-16 15:49:00,2010-02-18 10:35:00,United Kingdom,157.45,22,658,4,4,4,12,Active
12994,974.42,3,2011-12-05 15:43:00,2011-03-16 08:31:00,United Kingdom,324.81,3,267,5,3,3,11,Active
12995,211.32,1,2011-09-15 15:44:00,2011-09-15 15:44:00,United Kingdom,211.32,84,84,3,1,1,5,Active
12996,355.5,1,2010-11-29 09:27:00,2010-11-29 09:27:00,United Kingdom,355.5,374,374,2,1,2,5,Lapsed
12997,2110.91,8,2011-11-17 15:47:00,2010-04-06 11:06:00,United Kingdom,263.86,21,611,4,4,4,12,Active
12998,920.08,3,2010-08-04 08:05:00,2010-02-24 11:55:00,United Kingdom,306.69,491,652,1,3,3,7,Lapsed
12999,455.88,3,2011-05-27 13:24:00,2011-04-08 10:26:00,United Kingdom,151.96,195,244,2,3,2,7,Lapsed
13000,1032.5,4,2011-08-25 10:43:00,2009-12-14 17:03:00,United Kingdom,258.12,105,724,3,3,3,9,At Risk
13001,24172.1,33,2011-12-05 14:51:00,2009-12-03 16:21:00,United Kingdom,732.49,3,735,5,5,5,15,Active
13002,414.13,3,2011-01-25 15:18:00,2010-10-01 11:58:00,United Kingdom,138.04,317,433,2,3,2,7,Lapsed
13003,149.05,3,2011-08-26 10:50:00,2011-05-09 08:23:00,United Kingdom,49.68,104,213,3,3,1,7,At Risk
13004,11650.85,36,2011-11-28 11:27:00,2009-12-15 09:44:00,United Kingdom,323.63,10,723,5,5,5,15,Active
13005,999.68,4,2011-06-19 10:53:00,2010-09-08 12:52:00,United Kingdom,249.92,172,456,3,3,3,9,At Risk
13006,81.57,1,2011-10-14 13:49:00,2011-10-14 13:49:00,United Kingdom,81.57,55,55,4,1,1,6,Active
13007,175.25,1,2010-05-09 10:38:00,2010-05-09 10:38:00,United Kingdom,175.25,578,578,1,1,1,3,Lapsed
13008,612.13,3,2011-01-20 14:24:00,2009-12-16 16:07:00,United Kingdom,204.04,322,722,2,3,2,7,Lapsed
13009,234.0,1,2010-02-05 12:22:00,2010-02-05 12:22:00,United Kingdom,234.0,671,671,1,1,1,3,Lapsed
13010,330.12,2,2010-11-30 15:09:00,2010-03-01 11:28:00,United Kingdom,165.06,373,647,2,2,2,6,Lapsed
13011,101.1,1,2010-12-02 17:22:00,2010-12-02 17:22:00,United Kingdom,101.1,371,371,2,1,1,4,Lapsed
13012,2972.83,11,2011-11-30 13:05:00,2010-04-26 14:14:00,United Kingdom,270.26,8,591,5,5,5,15,Active
13013,12625.77,29,2011-12-08 15:01:00,2009-12-14 10:34:00,United Kingdom,435.37,0,724,5,5,5,15,Active
13014,5381.08,11,2011-11-29 12:27:00,2010-10-03 11:35:00,United Kingdom,489.19,9,431,5,5,5,15,Active
13015,6586.42,11,2011-10-17 13:19:00,2010-04-15 16:35:00,United Kingdom,598.77,52,602,4,5,5,14,Active
13016,789.89,3,2011-09-27 14:08:00,2011-08-08 15:00:00,United Kingdom,263.3,72,122,3,3,3,9,Active
13017,204.0,1,2011-12-02 15:53:00,2011-12-02 15:53:00,United Kingdom,204.0,6,6,5,1,1,7,New
13018,9763.16,35,2011-11-23 13:28:00,2010-03-01 12:34:00,United Kingdom,278.95,15,647,5,5,5,15,Active
13019,1229.95,6,2010-11-25 14:56:00,2009-12-06 15:40:00,United Kingdom,204.99,378,732,2,4,3,9,Lapsed
13020,618.96,2,2010-05-26 11:12:00,2010-02-18 10:35:00,United Kingdom,309.48,561,658,1,2,3,6,Lapsed
13021,4887.24,17,2011-12-05 16:37:00,2009-12-05 12:02:00,United Kingdom,287.48,3,733,5,5,5,15,Active
13022,65.3,1,2010-10-06 10:50:00,2010-10-06 10:50:00,Belgium,65.3,428,428,1,1,1,3,Lapsed
13023,1449.03,3,2011-10-06 16:27:00,2010-06-29 09:51:00,United Kingdom,483.01,63,527,3,3,4,10,Active
13024,555.87,2,2010-08-26 09:42:00,2010-05-06 14:25:00,United Kingdom,277.94,469,581,1,2,2,5,Lapsed
13025,323.39,1,2009-12-08 10:02:00,2009-12-08 10:02:00,United Kingdom,323.39,730,730,1,1,2,4,Lapsed
13026,1733.08,9,2011-12-08 16:58:00,2009-12-13 11:34:00,United Kingdom,192.56,0,725,5,5,4,14,Active
13027,17335.2,19,2011-08-18 09:39:00,2010-01-20 10:41:00,United Kingdom,912.38,112,687,3,5,5,13,At Risk
13028,661.32,2,2011-11-17 11:10:00,2011-10-25 14:09:00,United Kingdom,330.66,21,44,4,2,3,9,Active
13029,1927.3,5,2011-11-09 09:13:00,2010-07-04 13:46:00,United Kingdom,385.46,29,522,4,4,4,12,Active
13030,1227.22,2,2011-11-28 14:30:00,2010-12-06 14:31:00,United Kingdom,613.61,10,367,5,2,3,10,Active
13031,3419.27,5,2010-10-28 15:34:00,2010-06-03 14:57:00,United Kingdom,683.85,406,553,2,4,5,11,Lapsed
13032,2843.55,9,2011-10-18 15:54:00,2010-09-05 14:01:00,United Kingdom,315.95,51,459,4,5,4,13,Active
13033,220.55,2,2010-12-17 14:23:00,2010-10-06 09:37:00,United Kingdom,110.28,356,428,2,2,1,5,Lapsed
13034,922.68,3,2011-10-16 12:21:00,2010-11-03 15:22:00,United Kingdom,307.56,53,400,4,3,3,10,Active
13035,1364.2,3,2011-09-27 08:57:00,2010-10-04 15:41:00,United Kingdom,454.73,72,430,3,3,4,10,Active
13036,307.1,1,2010-01-24 11:35:00,2010-01-24 11:35:00,United Kingdom,307.1,683,683,1,1,2,4,Lapsed
13037,3914.95,12,2011-07-24 15:46:00,2009-12-03 17:04:00,United Kingdom,326.25,137,735,3,5,5,13,At Risk
13038,908.46,3,2011-09-20 14:37:00,2011-02-22 11:43:00,United Kingdom,302.82,79,289,3,3,3,9,Active
13039,1010.73,4,2010-05-04 16:45:00,2009-12-17 16:43:00,United Kingdom,252.68,583,721,1,3,3,7,Lapsed
13040,676.99,2,2011-12-01 10:38:00,2011-11-06 13:53:00,United Kingdom,338.5,7,32,5,2,3,10,Active
13041,799.13,4,2010-09-15 11:44:00,2010-04-29 08:43:00,United Kingdom,199.78,449,588,1,3,3,7,Lapsed
13042,1556.54,3,2010-04-20 13:43:00,2009-12-07 15:42:00,United Kingdom,518.85,597,731,1,3,4,8,Lapsed
13043,516.42,1,2011-03-11 14:52:00,2011-03-11 14:52:00,United Kingdom,516.42,272,272,2,1,2,5,Lapsed
13044,4853.9,11,2011-02-21 15:20:00,2010-01-08 14:46:00,United Kingdom,441.26,290,699,2,5,5,12,Lapsed
13045,808.92,3,2011-09-01 15:04:00,2010-08-10 13:02:00,United Kingdom,269.64,98,485,3,3,3,9,At Risk
13046,949.25,3,2011-11-09 08:36:00,2010-09-09 13:09:00,United Kingdom,316.42,29,455,4,3,3,10,Active
13047,8795.16,24,2011-11-08 12:06:00,2009-12-16 11:43:00,United Kingdom,366.46,30,722,4,5,5,14,Active
13048,4084.21,9,2011-11-25 13:23:00,2010-01-27 12:55:00,United Kingdom,453.8,13,680,5,5,5,15,Active
13049,1408.24,4,2011-10-06 15:31:00,2010-11-03 15:39:00,United Kingdom,352.06,63,400,3,3,4,10,Active
13050,12344.53,35,2011-11-25 09:18:00,2009-12-15 15:06:00,United Kingdom,352.7,13,723,5,5,5,15,Active
13051,155.8,2,2010-05-10 09:14:00,2010-03-30 11:11:00,United Kingdom,77.9,577,618,1,2,1,4,Lapsed
13052,3168.53,7,2011-05-11 14:12:00,2010-02-23 12:31:00,United Kingdom,452.65,211,653,2,4,5,11,Lapsed
13053,127.65,1,2010-03-28 11:28:00,2010-03-28 11:28:00,United Kingdom,127.65,620,620,1,1,1,3,Lapsed
13055,2321.11,4,2011-09-22 14:26:00,2010-10-06 08:17:00,United Kingdom,580.28,77,428,3,3,4,10,Active
13056,209.48,1,2010-06-06 14:10:00,2010-06-06 14:10:00,United Kingdom,209.48,550,550,1,1,1,3,Lapsed
13057,722.09,3,2010-06-27 15:44:00,2010-03-18 12:14:00,United Kingdom,240.7,529,630,1,3,3,7,Lapsed
13058,271.4,3,2011-11-15 12:43:00,2011-07-11 12:01:00,United Kingdom,90.47,23,150,4,3,1,8,Active
13059,2303.17,10,2011-04-04 10:40:00,2010-03-31 12:23:00,United Kingdom,230.32,248,617,2,5,4,11,Lapsed
13060,307.53,1,2011-03-31 11:37:00,2011-03-31 11:37:00,United Kingdom,307.53,252,252,2,1,2,5,Lapsed
13061,248.61,1,2011-09-28 16:04:00,2011-09-28 16:04:00,United Kingdom,248.61,71,71,3,1,1,5,Active
13062,346.98,1,2011-06-01 15:12:00,2011-06-01 15:12:00,United Kingdom,346.98,190,190,2,1,2,5,Lapsed
13063,188.4,1,2010-08-16 12:27:00,2010-08-16 12:27:00,United Kingdom,188.4,479,479,1,1,1,3,Lapsed
13064,1680.74,6,2011-11-27 12:31:00,2010-04-27 10:08:00,United Kingdom,280.12,11,590,5,4,4,13,Active
13065,1260.91,5,2010-12-01 16:52:00,2010-06-10 11:44:00,United Kingdom,252.18,372,546,2,4,4,10,Lapsed
13066,470.8,2,2011-11-15 12:57:00,2011-11-07 17:06:00,United Kingdom,235.4,23,31,4,2,2,8,Active
13067,508.51,3,2011-09-18 13:38:00,2010-09-19 13:43:00,United Kingdom,169.5,81,445,3,3,2,8,Active
13068,344.0,2,2011-11-29 15:00:00,2011-01-24 08:20:00,United Kingdom,172.0,9,318,5,2,2,9,Active
13069,9683.13,38,2011-12-09 08:39:00,2010-06-14 14:27:00,United Kingdom,254.82,-1,542,5,5,5,15,Active
13070,751.7,4,2011-05-31 13:45:00,2009-12-07 14:44:00,United Kingdom,187.92,191,731,2,3,3,8,Lapsed
13071,129.22,1,2010-04-06 13:37:00,2010-04-06 13:37:00,United Kingdom,129.22,611,611,1,1,1,3,Lapsed
13072,177.15,1,2011-03-18 08:12:00,2011-03-18 08:12:00,United Kingdom,177.15,265,265,2,1,1,4,Lapsed
13073,418.08,2,2010-10-24 14:06:00,2010-09-28 09:27:00,United Kingdom,209.04,410,436,1,2,2,5,Lapsed
13074,1378.74,4,2010-07-16 16:53:00,2009-12-16 11:46:00,United Kingdom,344.68,510,722,1,3,4,8,Lapsed
13075,919.61,1,2011-08-02 10:19:00,2011-08-02 10:19:00,United Kingdom,919.61,128,128,3,1,3,7,At Risk
13076,135.4,1,2010-09-08 10:27:00,2010-09-08 10:27:00,United Kingdom,135.4,456,456,1,1,1,3,Lapsed
13077,3064.67,11,2011-12-08 19:24:00,2009-12-11 11:17:00,United Kingdom,278.61,0,727,5,5,5,15,Active
13078,29532.45,57,2011-12-06 15:36:00,2009-12-01 09:06:00,United Kingdom,518.11,2,737,5,5,5,15,Active
13079,419.18,6,2011-12-05 16:53:00,2010-10-18 14:15:00,United Kingdom,69.86,3,416,5,4,2,11,Active
13080,280.73,4,2011-06-13 14:59:00,2010-04-09 13:07:00,United Kingdom,70.18,178,608,3,3,1,7,At Risk
13081,59205.15,28,2011-11-28 10:54:00,2009-12-08 13:58:00,United Kingdom,2114.47,10,730,5,5,5,15,Active
13082,7335.75,21,2011-08-05 16:16:00,2009-12-22 15:37:00,United Kingdom,349.32,125,716,3,5,5,13,At Risk
13083,395.43,3,2011-12-05 15:01:00,2010-10-10 13:38:00,United Kingdom,131.81,3,424,5,3,2,10,Active
13084,122.4,1,2010-08-05 08:49:00,2010-08-05 08:49:00,United Kingdom,122.4,490,490,1,1,1,3,Lapsed
13085,2433.28,8,2011-07-05 12:11:00,2009-12-01 07:45:00,United Kingdom,304.16,156,737,3,4,4,11,At Risk
13086,439.33,1,2010-11-22 10:28:00,2010-11-22 10:28:00,United Kingdom,439.33,381,381,2,1,2,5,Lapsed
13087,313.64,1,2009-12-13 15:16:00,2009-12-13 15:16:00,United Kingdom,313.64,725,725,1,1,2,4,Lapsed
13088,236.11,1,2010-10-18 15:35:00,2010-10-18 15:35:00,United Kingdom,236.11,416,416,1,1,1,3,Lapsed
13089,116737.86,203,2011-12-07 09:02:00,2009-12-02 15:44:00,United Kingdom,575.06,1,736,5,5,5,15,Active
13090,14103.09,24,2011-12-01 12:39:00,2010-08-02 13:58:00,United Kingdom,587.63,7,493,5,5,5,15,Active
13091,2321.82,3,2011-11-11 15:54:00,2009-12-10 11:50:00,United Kingdom,773.94,27,728,4,3,4,11,Active
13092,2140.28,12,2011-09-30 11:18:00,2010-02-10 08:44:00,United Kingdom,178.36,69,666,3,5,4,12,Active
13093,54943.65,55,2011-03-09 12:14:00,2009-12-04 10:32:00,United Kingdom,998.98,274,734,2,5,5,12,Lapsed
13094,2433.12,13,2011-11-18 14:07:00,2010-11-15 14:15:00,United Kingdom,187.16,20,388,4,5,4,13,Active
13095,74.4,1,2011-09-30 12:03:00,2011-09-30 12:03:00,United Kingdom,74.4,69,69,3,1,1,5,Active
13096,419.7,1,2010-11-10 14:08:00,2010-11-10 14:08:00,United Kingdom,419.7,393,393,2,1,2,5,Lapsed
13097,13389.22,28,2011-11-07 10:43:00,2009-12-01 13:31:00,United Kingdom,478.19,31,737,4,5,5,14,Active
13098,28882.44,28,2011-12-08 14:14:00,2011-01-26 13:46:00,United Kingdom,1031.52,0,316,5,5,5,15,Active
13099,207.36,1,2011-09-01 17:40:00,2011-09-01 17:40:00,United Kingdom,207.36,98,98,3,1,1,5,At Risk
13101,695.4,4,2011-04-19 14:37:00,2010-01-27 15:49:00,United Kingdom,173.85,233,680,2,3,3,8,Lapsed
13102,11696.92,37,2011-12-08 12:52:00,2010-05-06 13:12:00,United Kingdom,316.13,0,581,5,5,5,15,Active
13103,709.64,3,2011-10-31 09:38:00,2010-05-11 14:41:00,United Kingdom,236.55,38,576,4,3,3,10,Active
13104,1709.1,9,2011-12-06 13:10:00,2010-02-24 15:06:00,United Kingdom,189.9,2,652,5,5,4,14,Active
13105,72.0,1,2010-09-29 13:41:00,2010-09-29 13:41:00,United Kingdom,72.0,435,435,1,1,1,3,Lapsed
13106,603.46,2,2011-07-29 15:12:00,2010-10-22 13:10:00,United Kingdom,301.73,132,412,3,2,2,7,At Risk
13107,5253.07,9,2011-10-26 14:52:00,2010-02-04 10:50:00,United Kingdom,583.67,43,672,4,5,5,14,Active
13108,1098.52,2,2010-12-02 10:35:00,2010-09-30 17:09:00,United Kingdom,549.26,371,434,2,2,3,7,Lapsed
13109,1134.03,3,2011-10-11 10:16:00,2010-06-06 12:59:00,United Kingdom,378.01,58,550,3,3,3,9,Active
13110,2957.47,12,2011-11-08 14:30:00,2009-12-01 14:14:00,United Kingdom,246.46,30,737,4,5,4,13,Active
13111,321.88,1,2009-12-21 09:00:00,2009-12-21 09:00:00,United Kingdom,321.88,717,717,1,1,2,4,Lapsed
13112,20.6,1,2010-06-16 17:03:00,2010-06-16 17:03:00,United Kingdom,20.6,540,540,1,1,1,3,Lapsed
13113,18625.73,37,2011-12-09 12:49:00,2010-03-28 16:13:00,United Kingdom,503.4,-1,620,5,5,5,15,Active
13114,234.38,1,2009-12-09 09:56:00,2009-12-09 09:56:00,United Kingdom,234.38,729,729,1,1,1,3,Lapsed
13115,5494.7,10,2011-11-28 12:38:00,2010-04-19 13:29:00,United Kingdom,549.47,10,598,5,5,5,15,Active
13116,501.14,1,2011-07-24 14:33:00,2011-07-24 14:33:00,United Kingdom,501.14,137,137,3,1,2,6,At Risk
13117,2643.81,18,2011-11-18 12:02:00,2010-03-26 13:50:00,United Kingdom,146.88,20,622,4,5,4,13,Active
13118,2415.41,9,2011-11-20 12:46:00,2010-09-26 15:46:00,United Kingdom,268.38,18,438,4,5,4,13,Active
13119,134.9,1,2010-02-09 08:38:00,2010-02-09 08:38:00,United Kingdom,134.9,667,667,1,1,1,3,Lapsed
13120,30.6,1,2011-04-15 10:19:00,2011-04-15 10:19:00,United Kingdom,30.6,237,237,2,1,1,4,Lapsed
13121,283.73,1,2011-03-15 16:47:00,2011-03-15 16:47:00,United Kingdom,283.73,268,268,2,1,1,4,Lapsed
13122,922.39,2,2011-09-06 15:53:00,2011-04-13 14:12:00,United Kingdom,461.2,93,239,3,2,3,8,At Risk
13123,506.75,2,2010-08-24 10:18:00,2010-06-28 12:43:00,United Kingdom,253.38,471,528,1,2,2,5,Lapsed
13124,4782.45,4,2011-09-11 12:45:00,2010-11-19 15:50:00,United Kingdom,1195.61,88,384,3,3,5,11,Active
13125,158.57,1,2010-07-04 11:58:00,2010-07-04 11:58:00,United Kingdom,158.57,522,522,1,1,1,3,Lapsed
13126,3998.25,13,2011-12-05 10:00:00,2010-03-02 12:24:00,United Kingdom,307.56,3,646,5,5,5,15,Active
13127,259.17,1,2011-09-23 10:26:00,2011-09-23 10:26:00,United Kingdom,259.17,76,76,3,1,1,5,Active
13128,263.5,1,2010-03-18 15:08:00,2010-03-18 15:08:00,United Kingdom,263.5,630,630,1,1,1,3,Lapsed
13129,233.25,2,2010-09-13 13:47:00,2010-06-28 11:54:00,United Kingdom,116.62,451,528,1,2,1,4,Lapsed
13130,64.0,1,2011-09-06 15:30:00,2011-09-06 15:30:00,United Kingdom,64.0,93,93,3,1,1,5,At Risk
13131,3313.77,7,2011-11-16 13:21:00,2010-02-09 09:47:00,United Kingdom,473.4,22,667,4,4,5,13,Active
13132,77.3,1,2011-03-23 12:44:00,2011-03-23 12:44:00,United Kingdom,77.3,260,260,2,1,1,4,Lapsed
13133,200.45,3,2011-03-11 10:31:00,2010-09-06 15:30:00,United Kingdom,66.82,272,458,2,3,1,6,Lapsed
13134,2475.23,6,2011-09-15 10:35:00,2010-10-19 13:21:00,United Kingdom,412.54,84,415,3,4,4,11,Active
13135,3371.45,2,2011-05-27 10:52:00,2010-08-05 17:28:00,United Kingdom,1685.72,195,490,2,2,5,9,Lapsed
13136,6274.56,13,2011-10-14 13:41:00,2009-12-08 18:30:00,United Kingdom,482.66,55,730,4,5,5,14,Active
13137,7712.7,16,2011-11-29 12:09:00,2010-07-25 15:40:00,United Kingdom,482.04,9,501,5,5,5,15,Active
13138,1467.24,7,2011-11-17 16:51:00,2010-11-08 11:45:00,United Kingdom,209.61,21,395,4,4,4,12,Active
13139,8202.98,8,2011-11-23 13:54:00,2010-09-28 09:12:00,United Kingdom,1025.37,15,436,5,4,5,14,Active
13140,1215.68,5,2011-08-23 15:33:00,2010-08-05 19:05:00,United Kingdom,243.14,107,490,3,4,3,10,At Risk
13141,7668.58,17,2011-09-16 09:54:00,2009-12-09 13:34:00,United Kingdom,451.09,83,729,3,5,5,13,Active
13142,307.09,1,2011-11-20 16:07:00,2011-11-20 16:07:00,United Kingdom,307.09,18,18,4,1,2,7,New
13143,405.1,1,2010-05-04 12:22:00,2010-05-04 12:22:00,United Kingdom,405.1,583,583,1,1,2,4,Lapsed
13144,135.35,2,2011-01-11 11:15:00,2010-10-04 14:14:00,United Kingdom,67.68,331,430,2,2,1,5,Lapsed
13145,1423.52,7,2011-10-31 12:45:00,2010-04-19 11:11:00,United Kingdom,203.36,38,598,4,4,4,12,Active
13146,228.91,1,2011-11-13 15:29:00,2011-11-13 15:29:00,United Kingdom,228.91,25,25,4,1,1,6,New
13147,712.8,4,2011-11-29 13:59:00,2011-09-01 12:28:00,United Kingdom,178.2,9,98,5,3,3,11,Active
13148,8621.81,26,2011-11-10 15:23:00,2009-12-07 15:26:00,United Kingdom,331.61,28,731,4,5,5,14,Active
13149,1676.06,4,2011-11-25 13:09:00,2011-02-23 13:57:00,United Kingdom,419.02,13,288,5,3,4,12,Active
13150,449.97,3,2010-08-12 12:59:00,2010-03-19 09:03:00,United Kingdom,149.99,483,629,1,3,2,6,Lapsed
13151,2580.74,3,2011-02-17 12:29:00,2010-03-22 10:26:00,United Kingdom,860.25,294,626,2,3,4,9,Lapsed
13152,2146.38,7,2010-10-18 13:44:00,2010-01-14 10:01:00,United Kingdom,306.63,416,693,1,4,4,9,Lapsed
13153,486.22,1,2011-12-04 12:14:00,2011-12-04 12:14:00,United Kingdom,486.22,4,4,5,1,2,8,New
13154,1624.84,3,2010-11-05 16:00:00,2009-12-04 08:46:00,United Kingdom,541.61,398,734,2,3,4,9,Lapsed
13155,1750.18,6,2011-11-06 15:41:00,2010-08-05 09:30:00,United Kingdom,291.7,32,490,4,4,4,12,Active
13156,1586.54,3,2010-11-19 13:09:00,2010-02-01 13:45:00,United Kingdom,528.85,384,675,2,3,4,9,Lapsed
13157,5687.36,9,2011-10-21 13:50:00,2010-03-08 11:59:00,United Kingdom,631.93,48,640,4,5,5,14,Active
13158,1508.18,5,2011-09-06 11:58:00,2010-11-16 17:12:00,United Kingdom,301.64,93,387,3,4,4,11,At Risk
13159,1437.85,4,2011-12-01 11:20:00,2011-08-16 11:44:00,United Kingdom,359.46,7,114,5,3,4,12,Active
13160,91.8,1,2011-11-17 13:07:00,2011-11-17 13:07:00,United Kingdom,91.8,21,21,4,1,1,6,New
13161,478.88,2,2011-01-30 14:03:00,2010-07-27 12:44:00,United Kingdom,239.44,312,499,2,2,2,6,Lapsed
13162,9275.49,16,2011-08-09 15:59:00,2009-12-04 13:59:00,United Kingdom,579.72,121,734,3,5,5,13,At Risk
13163,17.65,1,2010-04-08 16:21:00,2010-04-08 16:21:00,United Kingdom,17.65,609,609,1,1,1,3,Lapsed
13164,372.2,2,2010-05-19 13:52:00,2010-02-10 11:52:00,United Kingdom,186.1,568,666,1,2,2,5,Lapsed
13165,1451.16,3,2011-10-24 15:05:00,2010-10-22 17:04:00,United Kingdom,483.72,45,412,4,3,4,11,Active
13166,884.18,2,2011-03-01 15:16:00,2010-10-21 14:29:00,United Kingdom,442.09,282,413,2,2,3,7,Lapsed
13167,1125.15,5,2011-11-21 12:24:00,2010-11-14 12:58:00,United Kingdom,225.03,17,389,5,4,3,12,Active
13168,1875.31,5,2011-11-03 12:56:00,2010-06-15 15:00:00,United Kingdom,375.06,35,541,4,4,4,12,Active
13169,840.08,3,2011-10-07 12:11:00,2010-05-26 15:58:00,United Kingdom,280.03,62,561,3,3,3,9,Active
13170,116.01,1,2011-11-13 12:19:00,2011-11-13 12:19:00,United Kingdom,116.01,25,25,4,1,1,6,New
13171,468.41,3,2011-11-18 10:27:00,2011-02-13 14:16:00,United Kingdom,156.14,20,298,4,3,2,9,Active
13172,69.6,1,2010-11-04 15:10:00,2010-11-04 15:10:00,United Kingdom,69.6,399,399,2,1,1,4,Lapsed
13173,2639.35,11,2011-12-05 15:51:00,2009-12-10 12:52:00,United Kingdom,239.94,3,728,5,5,4,14,Active
13174,9494.84,12,2011-11-23 14:35:00,2009-12-04 15:40:00,United Kingdom,791.24,15,734,5,5,5,15,Active
13175,831.45,2,2010-05-06 13:13:00,2009-12-04 12:11:00,United Kingdom,415.72,581,734,1,2,3,6,Lapsed
13176,492.84,1,2011-10-24 15:43:00,2011-10-24 15:43:00,United Kingdom,492.84,45,45,4,1,2,7,Active
13177,512.2,2,2011-10-06 09:56:00,2010-10-05 10:35:00,United Kingdom,256.1,63,429,3,2,2,7,Active
13178,14059.19,21,2011-11-13 16:14:00,2009-12-16 14:00:00,United Kingdom,669.49,25,722,4,5,5,14,Active
13179,572.31,1,2010-03-31 11:40:00,2010-03-31 11:40:00,United Kingdom,572.31,617,617,1,1,2,4,Lapsed
13180,86.1,1,2010-04-11 13:37:00,2010-04-11 13:37:00,United Kingdom,86.1,606,606,1,1,1,3,Lapsed
13181,359.69,1,2010-11-23 15:05:00,2010-11-23 15:05:00,United Kingdom,359.69,380,380,2,1,2,5,Lapsed
13182,121.18,1,2011-10-25 13:46:00,2011-10-25 13:46:00,United Kingdom,121.18,44,44,4,1,1,6,Active
13183,7036.18,15,2011-12-02 10:30:00,2010-03-14 12:32:00,United Kingdom,469.08,6,634,5,5,5,15,Active
13184,1701.29,10,2011-11-25 12:02:00,2011-02-22 17:25:00,United Kingdom,170.13,13,289,5,5,4,14,Active
13185,71.4,1,2011-03-17 11:56:00,2011-03-17 11:56:00,United Kingdom,71.4,266,266,2,1,1,4,Lapsed
13186,1575.89,3,2011-10-31 11:40:00,2011-08-03 09:09:00,United Kingdom,525.3,38,127,4,3,4,11,Active
13187,367.01,4,2011-01-06 18:57:00,2010-03-25 17:18:00,United Kingdom,91.75,336,623,2,3,2,7,Lapsed
13188,114.6,1,2011-11-28 15:28:00,2011-11-28 15:28:00,United Kingdom,114.6,10,10,5,1,1,7,New
13189,260.68,2,2011-11-21 10:39:00,2011-08-16 13:12:00,United Kingdom,130.34,17,114,5,2,1,8,Active
13190,570.66,3,2010-06-13 15:47:00,2009-12-07 12:13:00,United Kingdom,190.22,543,731,1,3,2,6,Lapsed
13191,164.69,1,2010-02-19 17:02:00,2010-02-19 17:02:00,United Kingdom,164.69,657,657,1,1,1,3,Lapsed
13192,2558.58,6,2011-09-05 14:13:00,2010-01-22 08:37:00,United Kingdom,426.43,94,685,3,4,4,11,At Risk
13193,117.88,1,2011-10-09 14:30:00,2011-10-09 14:30:00,United Kingdom,117.88,60,60,3,1,1,5,Active
13194,472.78,2,2011-07-27 09:01:00,2010-10-14 11:54:00,United Kingdom,236.39,134,420,3,2,2,7,At Risk
13195,172.38,1,2010-10-21 13:07:00,2010-10-21 13:07:00,United Kingdom,172.38,413,413,1,1,1,3,Lapsed
13196,3068.84,7,2011-11-28 13:54:00,2010-04-01 12:54:00,United Kingdom,438.41,10,616,5,4,5,14,Active
13197,373.01,1,2010-04-09 09:14:00,2010-04-09 09:14:00,United Kingdom,373.01,608,608,1,1,2,4,Lapsed
13198,4974.23,8,2011-11-29 15:17:00,2010-10-01 13:27:00,United Kingdom,621.78,9,433,5,4,5,14,Active
13199,16432.89,67,2011-12-06 12:30:00,2009-12-05 10:11:00,United Kingdom,245.27,2,733,5,5,5,15,Active
13200,870.09,4,2011-11-20 15:35:00,2011-08-05 14:50:00,United Kingdom,217.52,18,125,4,3,3,10,Active
13201,1240.61,4,2010-07-25 14:30:00,2010-03-07 11:01:00,United Kingdom,310.15,501,641,1,3,3,7,Lapsed
13202,1580.3,7,2010-11-10 16:24:00,2009-12-09 10:48:00,United Kingdom,225.76,393,729,2,4,4,10,Lapsed
13203,2648.25,10,2011-11-30 10:45:00,2009-12-17 14:15:00,United Kingdom,264.82,8,721,5,5,4,14,Active
13204,966.66,1,2009-12-08 14:56:00,2009-12-08 14:56:00,United Kingdom,966.66,730,730,1,1,3,5,Lapsed
13205,2803.2,1,2010-09-22 16:26:00,2010-09-22 16:26:00,United Kingdom,2803.2,442,442,1,1,4,6,Lapsed
13206,8377.32,13,2010-11-04 16:50:00,2009-12-07 13:48:00,United Kingdom,644.41,399,731,2,5,5,12,Lapsed
13207,535.86,4,2011-11-24 14:52:00,2010-04-06 16:37:00,United Kingdom,133.96,14,611,5,3,2,10,Active
13208,1988.5,9,2011-10-12 09:54:00,2009-12-03 13:25:00,United Kingdom,220.94,57,735,4,5,4,13,Active
13209,8509.51,13,2011-11-09 13:54:00,2010-01-24 14:30:00,United Kingdom,654.58,29,683,4,5,5,14,Active
13210,353.48,1,2011-09-07 08:18:00,2011-09-07 08:18:00,United Kingdom,353.48,92,92,3,1,2,6,At Risk
13211,2729.32,10,2011-11-29 14:43:00,2009-12-06 15:24:00,United Kingdom,272.93,9,732,5,5,4,14,Active
13212,788.08,3,2011-11-20 12:40:00,2011-10-09 14:48:00,United Kingdom,262.69,18,60,4,3,3,10,Active
13213,3851.52,11,2011-10-14 11:42:00,2010-05-20 14:50:00,United Kingdom,350.14,55,567,4,5,5,14,Active
13214,3264.23,7,2010-10-18 10:00:00,2010-03-03 14:10:00,United Kingdom,466.32,416,645,1,4,5,10,Lapsed
13215,81.6,1,2010-11-02 18:26:00,2010-11-02 18:26:00,United Kingdom,81.6,401,401,2,1,1,4,Lapsed
13216,333.74,1,2011-03-17 12:18:00,2011-03-17 12:18:00,United Kingdom,333.74,266,266,2,1,2,5,Lapsed
13217,666.48,4,2011-08-09 15:32:00,2010-02-22 12:49:00,United Kingdom,166.62,121,654,3,3,3,9,At Risk
13218,62.64,1,2011-08-04 16:59:00,2011-08-04 16:59:00,United Kingdom,62.64,126,126,3,1,1,5,At Risk
13219,76.23,1,2010-03-31 14:18:00,2010-03-31 14:18:00,United Kingdom,76.23,617,617,1,1,1,3,Lapsed
13220,1336.09,5,2011-09-22 13:38:00,2010-05-13 10:35:00,United Kingdom,267.22,77,574,3,4,4,11,Active
13221,847.41,2,2011-04-13 16:58:00,2010-12-15 13:24:00,United Kingdom,423.7,239,358,2,2,3,7,Lapsed
13222,88.5,1,2010-05-11 13:54:00,2010-05-11 13:54:00,United Kingdom,88.5,576,576,1,1,1,3,Lapsed
13223,969.12,6,2011-05-23 13:03:00,2010-02-12 13:27:00,United Kingdom,161.52,199,664,2,4,3,9,Lapsed
13224,2155.95,2,2011-10-10 14:55:00,2011-07-11 14:10:00,United Kingdom,1077.97,59,150,3,2,4,9,Active
13225,16260.07,16,2011-12-06 13:29:00,2009-12-17 09:09:00,United Kingdom,1016.25,2,721,5,5,5,15,Active
13226,312.46,2,2011-03-11 14:35:00,2010-11-11 13:46:00,United Kingdom,156.23,272,392,2,2,2,6,Lapsed
13227,257.7,1,2011-05-22 11:47:00,2011-05-22 11:47:00,United Kingdom,257.7,200,200,2,1,1,4,Lapsed
13228,358.0,1,2011-09-19 14:28:00,2011-09-19 14:28:00,United Kingdom,358.0,80,80,3,1,2,6,Active
13229,160.95,1,2011-04-28 12:07:00,2011-04-28 12:07:00,United Kingdom,160.95,224,224,2,1,1,4,Lapsed
13230,6360.78,30,2011-12-05 16:03:00,2010-03-18 20:02:00,United Kingdom,212.03,3,630,5,5,5,15,Active
13232,1357.6,7,2011-11-27 10:39:00,2011-04-10 13:48:00,United Kingdom,193.94,11,242,5,4,4,13,Active
13233,1176.46,4,2011-09-26 13:25:00,2010-01-14 14:10:00,United Kingdom,294.12,73,693,3,3,3,9,Active
13234,356.95,2,2010-02-05 11:41:00,2009-12-07 12:32:00,United Kingdom,178.48,671,731,1,2,2,5,Lapsed
13235,1031.07,1,2011-05-11 17:13:00,2011-05-11 17:13:00,United Kingdom,1031.07,211,211,2,1,3,6,Lapsed
13236,744.85,2,2011-11-15 12:50:00,2011-08-25 08:58:00,United Kingdom,372.42,23,105,4,2,3,9,Active
13237,643.0,1,2010-11-17 10:07:00,2010-11-17 10:07:00,United Kingdom,643.0,386,386,2,1,3,6,Lapsed
13238,1006.63,6,2011-11-22 15:37:00,2010-04-28 15:02:00,United Kingdom,167.77,16,589,5,4,3,12,Active
13239,1594.69,5,2011-03-23 10:25:00,2010-07-25 13:34:00,United Kingdom,318.94,260,501,2,4,4,10,Lapsed
13240,1738.52,8,2011-09-04 14:08:00,2010-02-25 13:17:00,United Kingdom,217.32,95,651,3,4,4,11,At Risk
13241,115.58,1,2010-10-24 11:17:00,2010-10-24 11:17:00,United Kingdom,115.58,410,410,1,1,1,3,Lapsed
13242,699.4,7,2011-08-19 12:53:00,2010-02-09 13:12:00,United Kingdom,99.91,111,667,3,4,3,10,At Risk
13243,1278.04,5,2011-05-20 13:14:00,2010-03-18 13:10:00,United Kingdom,255.61,202,630,2,4,4,10,Lapsed
13244,121.74,1,2011-09-08 11:46:00,2011-09-08 11:46:00,United Kingdom,121.74,91,91,3,1,1,5,At Risk
13245,989.22,2,2011-10-20 11:40:00,2010-10-03 14:03:00,United Kingdom,494.61,49,431,4,2,3,9,Active
13246,3387.43,11,2011-11-21 16:50:00,2010-07-02 13:36:00,United Kingdom,307.95,17,524,5,5,5,15,Active
13247,501.12,4,2011-11-22 10:59:00,2011-09-18 11:31:00,United Kingdom,125.28,16,81,5,3,2,10,Active
13248,465.68,2,2011-08-07 12:40:00,2011-06-03 13:05:00,United Kingdom,232.84,123,188,3,2,2,7,At Risk
13249,1608.93,9,2011-09-08 13:26:00,2010-01-24 12:11:00,United Kingdom,178.77,91,683,3,5,4,12,At Risk
13250,256.04,2,2010-09-05 11:33:00,2010-07-25 14:01:00,United Kingdom,128.02,459,501,1,2,1,4,Lapsed
13251,252.68,1,2010-11-02 13:20:00,2010-11-02 13:20:00,United Kingdom,252.68,401,401,2,1,1,4,Lapsed
13252,399.3,2,2010-11-10 16:00:00,2010-03-24 10:30:00,United Kingdom,199.65,393,624,2,2,2,6,Lapsed
13253,2951.11,4,2011-07-06 10:09:00,2010-01-05 12:13:00,United Kingdom,737.78,155,702,3,3,4,10,At Risk
13254,51.41,1,2010-11-28 15:42:00,2010-11-28 15:42:00,United Kingdom,51.41,375,375,2,1,1,4,Lapsed
13255,904.46,3,2011-11-30 13:14:00,2010-07-15 13:20:00,United Kingdom,301.49,8,511,5,3,3,11,Active
13257,149.75,1,2010-09-29 14:58:00,2010-09-29 14:58:00,United Kingdom,149.75,435,435,1,1,1,3,Lapsed
13258,1035.18,5,2011-11-28 09:31:00,2010-11-04 12:45:00,United Kingdom,207.04,10,399,5,4,3,12,Active
13259,1433.38,9,2011-10-09 10:48:00,2010-01-10 10:26:00,United Kingdom,159.26,60,697,3,5,4,12,Active
13260,557.62,1,2011-10-09 13:21:00,2011-10-09 13:21:00,United Kingdom,557.62,60,60,3,1,2,6,Active
13261,944.1,2,2011-03-16 12:22:00,2011-02-27 10:41:00,United Kingdom,472.05,267,284,2,2,3,7,Lapsed
13262,573.45,3,2011-03-21 15:06:00,2010-04-18 12:14:00,United Kingdom,191.15,262,599,2,3,2,7,Lapsed
13263,8704.69,39,2011-12-08 13:59:00,2010-10-22 17:07:00,United Kingdom,223.2,0,412,5,5,5,15,Active
13264,722.56,1,2010-09-23 12:42:00,2010-09-23 12:42:00,United Kingdom,722.56,441,441,1,1,3,5,Lapsed
13265,2107.66,5,2011-10-17 15:02:00,2011-03-11 09:54:00,United Kingdom,421.53,52,272,4,4,4,12,Active
13266,6135.04,19,2011-11-28 14:39:00,2009-12-17 10:52:00,United Kingdom,322.9,10,721,5,5,5,15,Active
13267,9758.26,36,2011-12-07 11:12:00,2009-12-07 16:56:00,United Kingdom,271.06,1,731,5,5,5,15,Active
13268,3214.69,11,2011-11-22 11:51:00,2011-03-17 13:20:00,United Kingdom,292.24,16,266,5,5,5,15,Active
13269,8891.7,28,2011-12-08 14:53:00,2009-12-02 11:47:00,United Kingdom,317.56,0,736,5,5,5,15,Active
13270,1180.0,1,2010-12-08 14:53:00,2010-12-08 14:53:00,United Kingdom,1180.0,365,365,2,1,3,6,Lapsed
13271,217.38,1,2011-11-02 14:31:00,2011-11-02 14:31:00,United Kingdom,217.38,36,36,4,1,1,6,Active
13272,276.56,2,2011-11-08 14:00:00,2011-09-11 12:06:00,United Kingdom,138.28,30,88,4,2,1,7,Active
13273,138.98,1,2011-08-18 14:02:00,2011-08-18 14:02:00,United Kingdom,138.98,112,112,3,1,1,5,At Risk
13274,360.85,1,2010-10-26 13:48:00,2010-10-26 13:48:00,United Kingdom,360.85,408,408,2,1,2,5,Lapsed
13275,241.66,2,2010-11-21 12:09:00,2010-03-17 14:05:00,United Kingdom,120.83,382,631,2,2,1,5,Lapsed
13276,1939.26,5,2011-10-07 12:44:00,2010-03-07 14:05:00,United Kingdom,387.85,62,641,3,4,4,11,Active
13277,523.3,7,2011-11-24 09:21:00,2010-06-18 08:45:00,United Kingdom,74.76,14,538,5,4,2,11,Active
13278,1435.85,4,2011-10-30 11:49:00,2010-04-08 11:59:00,United Kingdom,358.96,39,609,4,3,4,11,Active
13279,137.75,1,2011-09-22 17:24:00,2011-09-22 17:24:00,United Kingdom,137.75,77,77,3,1,1,5,Active
13280,2322.63,7,2011-08-09 13:14:00,2010-03-05 09:07:00,United Kingdom,331.8,121,643,3,4,4,11,At Risk
13281,350.85,1,2010-09-26 16:03:00,2010-09-26 16:03:00,United Kingdom,350.85,438,438,1,1,2,4,Lapsed
13282,1313.19,4,2011-11-21 15:33:00,2010-10-29 14:11:00,United Kingdom,328.3,17,405,5,3,4,12,Active
13283,373.36,4,2011-10-11 09:50:00,2010-03-09 14:36:00,United Kingdom,93.34,58,639,3,3,2,8,Active
13284,201.19,1,2011-01-13 09:23:00,2011-01-13 09:23:00,United Kingdom,201.19,329,329,2,1,1,4,Lapsed
13285,3364.59,6,2011-11-16 13:19:00,2010-03-25 14:26:00,United Kingdom,560.76,22,623,4,4,5,13,Active
13286,734.91,1,2010-04-18 15:35:00,2010-04-18 15:35:00,United Kingdom,734.91,599,599,1,1,3,5,Lapsed
13287,781.59,3,2010-04-15 15:26:00,2010-01-04 10:43:00,United Kingdom,260.53,602,703,1,3,3,7,Lapsed
13288,927.61,5,2010-09-22 16:32:00,2010-02-11 14:59:00,United Kingdom,185.52,442,665,1,4,3,8,Lapsed
13289,307.95,1,2009-12-16 11:53:00,2009-12-16 11:53:00,United Kingdom,307.95,722,722,1,1,2,4,Lapsed
13290,208.63,1,2010-09-27 16:29:00,2010-09-27 16:29:00,United Kingdom,208.63,437,437,1,1,1,3,Lapsed
13291,3320.84,11,2011-07-07 10:36:00,2010-02-11 18:36:00,United Kingdom,301.89,154,665,3,5,5,13,At Risk
13292,994.51,5,2011-11-01 10:04:00,2010-07-01 14:36:00,United Kingdom,198.9,37,525,4,4,3,11,Active
13293,1192.94,6,2010-11-12 13:28:00,2010-02-09 12:05:00,United Kingdom,198.82,391,667,2,4,3,9,Lapsed
13294,1689.53,3,2011-06-03 08:54:00,2010-03-03 12:54:00,United Kingdom,563.18,188,645,2,3,4,9,Lapsed
13295,1101.97,4,2010-12-15 11:21:00,2010-05-12 09:13:00,United Kingdom,275.49,358,575,2,3,3,8,Lapsed
13296,792.51,6,2011-07-25 13:46:00,2010-05-11 14:29:00,United Kingdom,132.08,136,576,3,4,3,10,At Risk
13297,4368.62,7,2011-12-02 09:32:00,2010-06-15 12:35:00,United Kingdom,624.09,6,541,5,4,5,14,Active
13298,360.0,1,2011-12-08 13:11:00,2011-12-08 13:11:00,United Kingdom,360.0,0,0,5,1,2,8,New
13299,1218.7,3,2011-03-16 12:55:00,2010-06-29 11:30:00,United Kingdom,406.23,267,527,2,3,3,8,Lapsed
13300,1285.51,3,2011-06-23 13:09:00,2010-05-14 15:56:00,United Kingdom,428.5,168,573,3,3,4,10,At Risk
13301,618.09,4,2011-08-28 11:25:00,2011-02-20 13:13:00,United Kingdom,154.52,102,291,3,3,2,8,At Risk
13302,159.2,2,2011-07-07 17:56:00,2010-07-01 12:32:00,United Kingdom,79.6,154,525,3,2,1,6,At Risk
13303,61.72,1,2010-11-04 14:55:00,2010-11-04 14:55:00,United Kingdom,61.72,399,399,2,1,1,4,Lapsed
13304,1217.99,4,2010-12-23 14:35:00,2010-02-08 12:42:00,United Kingdom,304.5,350,668,2,3,3,8,Lapsed
13305,3754.71,16,2011-12-05 15:15:00,2010-03-10 14:49:00,United Kingdom,234.67,3,638,5,5,5,15,Active
13306,53.65,1,2010-10-05 14:55:00,2010-10-05 14:55:00,United Kingdom,53.65,429,429,1,1,1,3,Lapsed
13307,273.34,3,2011-08-11 17:14:00,2010-04-26 13:28:00,United Kingdom,91.11,119,591,3,3,1,7,At Risk
13308,1670.37,4,2011-11-17 09:31:00,2010-04-22 09:22:00,United Kingdom,417.59,21,595,4,3,4,11,Active
13309,1706.37,6,2011-12-02 16:34:00,2010-11-12 12:10:00,United Kingdom,284.4,6,391,5,4,4,13,Active
13310,1541.2,5,2011-11-11 17:23:00,2010-11-02 17:03:00,United Kingdom,308.24,27,401,4,4,4,12,Active
13311,598.57,2,2011-12-05 12:55:00,2011-07-12 14:26:00,United Kingdom,299.29,3,149,5,2,2,9,Active
13312,124.75,1,2010-09-14 14:36:00,2010-09-14 14:36:00,United Kingdom,124.75,450,450,1,1,1,3,Lapsed
13313,3445.32,12,2011-11-17 16:48:00,2009-12-02 16:18:00,United Kingdom,287.11,21,736,4,5,5,14,Active
13314,775.94,3,2011-12-08 12:29:00,2011-09-27 10:20:00,United Kingdom,258.65,0,72,5,3,3,11,Active
13315,310.26,1,2010-01-19 15:34:00,2010-01-19 15:34:00,United Kingdom,310.26,688,688,1,1,2,4,Lapsed
13316,13191.57,10,2011-11-02 13:40:00,2010-03-10 10:01:00,United Kingdom,1319.16,36,638,4,5,5,14,Active
13317,6486.09,19,2011-10-04 13:35:00,2009-12-13 11:11:00,United Kingdom,341.37,65,725,3,5,5,13,Active
13318,640.76,3,2011-12-08 18:51:00,2011-11-02 13:26:00,United Kingdom,213.59,0,36,5,3,3,11,Active
13319,22082.5,58,2011-12-04 13:34:00,2009-12-06 14:46:00,United Kingdom,380.73,4,732,5,5,5,15,Active
13320,2228.1,6,2011-09-22 18:07:00,2010-08-18 10:29:00,United Kingdom,371.35,77,477,3,4,4,11,Active
13321,567.36,2,2011-09-28 15:24:00,2011-09-14 15:18:00,United Kingdom,283.68,71,85,3,2,2,7,Active
13322,199.48,1,2011-11-22 14:21:00,2011-11-22 14:21:00,United Kingdom,199.48,16,16,5,1,1,7,New
13323,787.85,5,2011-12-06 17:12:00,2011-09-16 13:23:00,United Kingdom,157.57,2,83,5,4,3,12,Active
13324,10513.47,18,2011-11-03 16:28:00,2010-05-25 10:23:00,United Kingdom,584.08,35,562,4,5,5,14,Active
13325,675.3,1,2011-09-19 10:36:00,2011-09-19 10:36:00,United Kingdom,675.3,80,80,3,1,3,7,Active
13326,281.76,1,2010-10-03 16:00:00,2010-10-03 16:00:00,United Kingdom,281.76,431,431,1,1,1,3,Lapsed
13327,9879.48,20,2011-11-01 10:21:00,2009-12-18 15:35:00,United Kingdom,493.97,37,720,4,5,5,14,Active
13328,1308.48,1,2011-01-27 15:22:00,2011-01-27 15:22:00,United Kingdom,1308.48,315,315,2,1,4,7,Lapsed
13329,5112.97,8,2011-11-08 10:29:00,2009-12-04 15:41:00,United Kingdom,639.12,30,734,4,4,5,13,Active
13330,2806.18,6,2011-09-08 12:27:00,2010-02-23 10:12:00,United Kingdom,467.7,91,653,3,4,4,11,At Risk
13331,262.4,1,2010-11-03 08:04:00,2010-11-03 08:04:00,United Kingdom,262.4,400,400,2,1,1,4,Lapsed
13332,350.9,1,2011-11-25 13:30:00,2011-11-25 13:30:00,United Kingdom,350.9,13,13,5,1,2,8,New
13333,1015.74,3,2010-10-24 13:24:00,2010-02-19 09:26:00,United Kingdom,338.58,410,657,1,3,3,7,Lapsed
13334,6263.75,5,2011-09-18 15:21:00,2010-02-25 12:21:00,United Kingdom,1252.75,81,651,3,4,5,12,Active
13336,795.12,1,2011-09-23 14:05:00,2011-09-23 14:05:00,United Kingdom,795.12,76,76,3,1,3,7,Active
13337,1575.26,1,2010-06-11 13:27:00,2010-06-11 13:27:00,United Kingdom,1575.26,545,545,1,1,4,6,Lapsed
13338,2445.62,4,2011-07-05 09:06:00,2010-01-05 12:25:00,United Kingdom,611.4,156,702,3,3,4,10,At Risk
13339,860.12,1,2011-05-23 08:31:00,2011-05-23 08:31:00,United Kingdom,860.12,199,199,2,1,3,6,Lapsed
13340,22100.56,12,2011-10-25 13:15:00,2010-02-22 14:54:00,United Kingdom,1841.71,44,654,4,5,5,14,Active
13341,775.85,1,2011-03-24 09:50:00,2011-03-24 09:50:00,United Kingdom,775.85,259,259,2,1,3,6,Lapsed
13343,353.43,1,2011-06-15 12:24:00,2011-06-15 12:24:00,United Kingdom,353.43,176,176,3,1,2,6,At Risk
13344,2543.72,3,2011-10-03 09:45:00,2011-03-07 10:28:00,United Kingdom,847.91,66,276,3,3,4,10,Active
13345,389.5,1,2011-02-25 09:01:00,2011-02-25 09:01:00,United Kingdom,389.5,286,286,2,1,2,5,Lapsed
13346,299.4,6,2010-09-03 11:41:00,2010-04-22 12:34:00,United Kingdom,49.9,461,595,1,4,2,7,Lapsed
13347,341.36,1,2011-09-30 13:28:00,2011-09-30 13:28:00,United Kingdom,341.36,69,69,3,1,2,6,Active
13348,233.76,1,2011-10-06 17:28:00,2011-10-06 17:28:00,United Kingdom,233.76,63,63,3,1,1,5,Active
13349,247.32,1,2011-11-29 08:07:00,2011-11-29 08:07:00,United Kingdom,247.32,9,9,5,1,1,7,New
13350,979.12,2,2011-11-23 16:33:00,2011-09-21 13:33:00,United Kingdom,489.56,15,78,5,2,3,10,Active
13351,373.94,1,2011-10-04 12:55:00,2011-10-04 12:55:00,United Kingdom,373.94,65,65,3,1,2,6,Active
13352,397.98,1,2011-10-10 13:55:00,2011-10-10 13:55:00,United Kingdom,397.98,59,59,3,1,2,6,Active
13354,743.53,1,2011-09-29 13:17:00,2011-09-29 13:17:00,United Kingdom,743.53,70,70,3,1,3,7,Active
13355,674.7,1,2011-08-09 14:48:00,2011-08-09 14:48:00,United Kingdom,674.7,121,121,3,1,3,7,At Risk
13356,768.24,1,2011-09-20 14:33:00,2011-09-20 14:33:00,United Kingdom,768.24,79,79,3,1,3,7,Active
13357,3838.36,5,2011-03-27 13:56:00,2010-03-22 14:30:00,United Kingdom,767.67,256,626,2,4,5,11,Lapsed
13358,439.03,1,2011-03-16 11:52:00,2011-03-16 11:52:00,United Kingdom,439.03,267,267,2,1,2,5,Lapsed
13359,1043.31,2,2011-10-07 09:30:00,2010-11-01 15:05:00,United Kingdom,521.66,62,402,3,2,3,8,Active
13360,1553.65,4,2010-10-04 12:37:00,2010-01-08 11:16:00,United Kingdom,388.41,430,699,1,3,4,8,Lapsed
13361,1450.5,2,2010-08-24 14:56:00,2010-04-01 07:49:00,United Kingdom,725.25,471,616,1,2,4,7,Lapsed
13362,5394.07,7,2011-11-30 14:41:00,2010-10-10 15:27:00,United Kingdom,770.58,8,424,5,4,5,14,Active
13363,1723.86,3,2011-11-22 12:40:00,2010-10-26 11:07:00,United Kingdom,574.62,16,408,5,3,4,12,Active
13364,134.96,1,2011-09-29 18:13:00,2011-09-29 18:13:00,United Kingdom,134.96,70,70,3,1,1,5,Active
13365,2225.37,2,2011-11-06 12:36:00,2011-05-06 12:00:00,United Kingdom,1112.68,32,216,4,2,4,10,Active
13366,56.16,1,2011-10-20 13:37:00,2011-10-20 13:37:00,United Kingdom,56.16,49,49,4,1,1,6,Active
13367,510.2,1,2010-10-04 10:00:00,2010-10-04 10:00:00,United Kingdom,510.2,430,430,1,1,2,4,Lapsed
13368,1121.5,4,2011-03-28 09:59:00,2010-10-12 10:43:00,United Kingdom,280.38,255,422,2,3,3,8,Lapsed
13369,616.56,1,2010-12-09 11:30:00,2010-12-09 11:30:00,United Kingdom,616.56,364,364,2,1,2,5,Lapsed
13370,1509.74,1,2010-12-03 10:26:00,2010-12-03 10:26:00,United Kingdom,1509.74,370,370,2,1,4,7,Lapsed
13371,2297.66,2,2010-07-22 17:33:00,2010-03-17 15:29:00,United Kingdom,1148.83,504,631,1,2,4,7,Lapsed
13372,378.64,1,2011-09-11 12:46:00,2011-09-11 12:46:00,United Kingdom,378.64,88,88,3,1,2,6,Active
13373,7587.19,6,2011-10-10 10:51:00,2009-12-06 12:34:00,United Kingdom,1264.53,59,732,3,4,5,12,Active
13374,422.8,2,2010-10-21 10:04:00,2010-09-16 10:29:00,United Kingdom,211.4,413,448,1,2,2,5,Lapsed
13375,1792.23,2,2011-09-12 10:19:00,2010-09-21 08:12:00,United Kingdom,896.12,87,443,3,2,4,9,Active
13376,1019.76,3,2011-09-01 16:16:00,2011-04-19 13:03:00,United Kingdom,339.92,98,233,3,3,3,9,At Risk
13377,1552.88,2,2010-11-08 12:20:00,2010-03-04 10:06:00,United Kingdom,776.44,395,644,2,2,4,8,Lapsed
13379,572.56,3,2011-11-13 13:45:00,2011-07-26 12:26:00,United Kingdom,190.85,25,135,4,3,2,9,Active
13380,62.4,1,2010-10-03 10:18:00,2010-10-03 10:18:00,United Kingdom,62.4,431,431,1,1,1,3,Lapsed
13381,8224.37,12,2011-11-08 11:58:00,2009-12-01 15:19:00,United Kingdom,685.36,30,737,4,5,5,14,Active
13382,1387.58,5,2011-03-04 10:03:00,2009-12-08 09:56:00,United Kingdom,277.52,279,730,2,4,4,10,Lapsed
13383,305.28,1,2010-06-14 11:45:00,2010-06-14 11:45:00,United Kingdom,305.28,542,542,1,1,2,4,Lapsed
13384,6680.83,11,2011-11-09 11:04:00,2010-07-27 12:22:00,United Kingdom,607.35,29,499,4,5,5,14,Active
13385,534.57,1,2011-01-14 09:52:00,2011-01-14 09:52:00,United Kingdom,534.57,328,328,2,1,2,5,Lapsed
13386,835.46,2,2010-10-21 12:52:00,2010-09-28 13:09:00,United Kingdom,417.73,413,436,1,2,3,6,Lapsed
13387,189.44,1,2010-10-18 14:07:00,2010-10-18 14:07:00,United Kingdom,189.44,416,416,1,1,1,3,Lapsed
13388,1185.65,3,2011-07-31 12:52:00,2010-04-15 10:18:00,United Kingdom,395.22,130,602,3,3,3,9,At Risk
13389,797.96,3,2011-11-28 14:01:00,2011-04-21 12:12:00,United Kingdom,265.99,10,231,5,3,3,11,Active
13390,544.08,1,2011-09-26 08:38:00,2011-09-26 08:38:00,United Kingdom,544.08,73,73,3,1,2,6,Active
13391,59.8,1,2011-05-20 10:50:00,2011-05-20 10:50:00,United Kingdom,59.8,202,202,2,1,1,4,Lapsed
13392,91.14,1,2010-01-31 13:34:00,2010-01-31 13:34:00,United Kingdom,91.14,676,676,1,1,1,3,Lapsed
13393,1131.45,4,2010-05-05 09:34:00,2009-12-07 18:12:00,United Kingdom,282.86,582,731,1,3,3,7,Lapsed
13394,6621.7,19,2011-12-08 11:36:00,2009-12-01 11:58:00,United Kingdom,348.51,0,737,5,5,5,15,Active
13395,1180.23,3,2011-06-07 15:04:00,2010-10-14 13:00:00,United Kingdom,393.41,184,420,3,3,3,9,Lapsed
13396,1360.99,2,2011-11-10 16:59:00,2011-01-24 13:37:00,United Kingdom,680.5,28,318,4,2,4,10,Active
13397,3191.87,10,2011-09-28 10:56:00,2010-01-20 09:50:00,United Kingdom,319.19,71,687,3,5,5,13,Active
13398,670.34,2,2011-05-31 13:17:00,2010-09-17 09:34:00,United Kingdom,335.17,191,447,2,2,3,7,Lapsed
13399,275.4,3,2010-09-01 13:59:00,2010-07-08 17:47:00,United Kingdom,91.8,463,518,1,3,1,5,Lapsed
13400,310.83,1,2010-05-06 09:00:00,2010-05-06 09:00:00,United Kingdom,310.83,581,581,1,1,2,4,Lapsed
13402,1535.13,4,2011-08-04 15:51:00,2010-05-24 10:56:00,United Kingdom,383.78,126,563,3,3,4,10,At Risk
13403,229.5,3,2011-11-22 08:28:00,2009-12-16 13:23:00,United Kingdom,76.5,16,722,5,3,1,9,Active
13404,252.49,2,2011-12-08 15:37:00,2011-05-11 11:57:00,United Kingdom,126.24,0,211,5,2,1,8,Active
13405,1213.81,6,2011-09-26 17:01:00,2009-12-15 14:13:00,United Kingdom,202.3,73,723,3,4,3,10,Active
13406,568.92,2,2010-10-08 14:44:00,2010-03-18 07:29:00,United Kingdom,284.46,426,630,1,2,2,5,Lapsed
13407,2244.7,3,2010-05-10 12:41:00,2010-02-16 11:13:00,United Kingdom,748.23,577,660,1,3,4,8,Lapsed
13408,51733.46,106,2011-12-08 09:05:00,2009-12-04 09:31:00,United Kingdom,488.05,0,734,5,5,5,15,Active
13410,2201.96,9,2011-11-15 15:33:00,2009-12-08 13:43:00,United Kingdom,244.66,23,730,4,5,4,13,Active
13411,213.55,1,2011-08-24 13:57:00,2011-08-24 13:57:00,United Kingdom,213.55,106,106,3,1,1,5,At Risk
13412,487.35,1,2010-03-29 16:28:00,2010-03-29 16:28:00,United Kingdom,487.35,619,619,1,1,2,4,Lapsed
13413,429.44,6,2010-03-10 12:17:00,2010-01-21 17:43:00,United Kingdom,71.57,638,686,1,4,2,7,Lapsed
13414,2494.14,6,2011-07-29 11:45:00,2010-04-15 17:00:00,United Kingdom,415.69,132,602,3,4,4,11,At Risk
13415,800.67,4,2010-08-24 11:38:00,2009-12-11 14:20:00,United Kingdom,200.17,471,727,1,3,3,7,Lapsed
13416,940.8,3,2011-10-27 08:56:00,2009-12-03 13:02:00,United Kingdom,313.6,42,735,4,3,3,10,Active
13417,1669.49,6,2011-12-05 08:49:00,2010-02-08 12:39:00,United Kingdom,278.25,3,668,5,4,4,13,Active
13418,12233.6,31,2011-11-28 10:23:00,2009-12-11 12:51:00,United Kingdom,394.63,10,727,5,5,5,15,Active
13419,221.06,1,2011-10-07 12:49:00,2011-10-07 12:49:00,United Kingdom,221.06,62,62,3,1,1,5,Active
13420,159.85,2,2011-07-13 08:48:00,2011-06-22 11:35:00,United Kingdom,79.92,148,169,3,2,1,6,At Risk
13421,4103.12,8,2011-10-30 14:21:00,2010-02-14 14:45:00,United Kingdom,512.89,39,662,4,4,5,13,Active
13422,2626.3,1,2011-10-06 13:42:00,2011-10-06 13:42:00,United Kingdom,2626.3,63,63,3,1,4,8,Active
13423,217.03,1,2010-10-07 09:02:00,2010-10-07 09:02:00,United Kingdom,217.03,427,427,1,1,1,3,Lapsed
13424,572.77,1,2010-09-16 10:49:00,2010-09-16 10:49:00,United Kingdom,572.77,448,448,1,1,2,4,Lapsed
13425,3403.63,5,2011-08-23 17:13:00,2010-05-09 14:35:00,United Kingdom,680.73,107,578,3,4,5,12,At Risk
13426,8167.38,22,2011-12-09 08:59:00,2009-12-09 15:16:00,United Kingdom,371.24,-1,729,5,5,5,15,Active
13427,1006.53,6,2011-11-20 13:02:00,2009-12-17 13:44:00,United Kingdom,167.76,18,721,4,4,3,11,Active
13428,499.98,3,2011-11-29 14:20:00,2010-07-13 13:20:00,United Kingdom,166.66,9,513,5,3,2,10,Active
13429,1006.8,4,2011-11-29 09:10:00,2011-09-25 15:59:00,United Kingdom,251.7,9,74,5,3,3,11,Active
13430,679.45,2,2011-11-21 08:19:00,2011-09-14 14:26:00,United Kingdom,339.72,17,85,5,2,3,10,Active
13431,3316.24,8,2011-10-03 13:49:00,2010-02-18 11:53:00,United Kingdom,414.53,66,658,3,4,5,12,Active
13432,439.1,2,2010-05-17 13:18:00,2010-04-06 14:42:00,United Kingdom,219.55,570,611,1,2,2,5,Lapsed
13433,658.32,4,2010-07-26 16:55:00,2010-01-12 08:59:00,United Kingdom,164.58,500,695,1,3,3,7,Lapsed
13434,1666.86,5,2011-09-26 14:30:00,2010-02-22 09:54:00,United Kingdom,333.37,73,654,3,4,4,11,Active
13435,4475.23,9,2011-12-04 14:45:00,2010-07-27 16:56:00,United Kingdom,497.25,4,499,5,5,5,15,Active
13436,196.89,1,2011-12-08 10:33:00,2011-12-08 10:33:00,United Kingdom,196.89,0,0,5,1,1,7,New
13437,3408.06,7,2011-11-25 14:00:00,2011-06-02 14:30:00,United Kingdom,486.87,13,189,5,4,5,14,Active
13438,46.5,1,2010-06-10 18:46:00,2010-06-10 18:46:00,United Kingdom,46.5,546,546,1,1,1,3,Lapsed
13439,986.61,3,2011-03-29 14:20:00,2010-07-01 14:36:00,United Kingdom,328.87,254,525,2,3,3,8,Lapsed
13440,1295.25,7,2010-10-12 13:11:00,2010-09-14 10:34:00,United Kingdom,185.04,422,450,1,4,4,9,Lapsed
13441,720.9,2,2011-09-09 09:38:00,2010-10-04 10:38:00,United Kingdom,360.45,90,430,3,2,3,8,Active
13442,419.87,3,2010-02-10 14:03:00,2009-12-01 14:59:00,United Kingdom,139.96,666,737,1,3,2,6,Lapsed
13443,1280.16,6,2010-09-17 12:31:00,2010-01-31 13:30:00,United Kingdom,213.36,447,676,1,4,4,9,Lapsed
13444,631.68,2,2010-11-30 13:02:00,2010-07-21 14:34:00,United Kingdom,315.84,373,505,2,2,3,7,Lapsed
13445,241.9,1,2010-03-23 15:34:00,2010-03-23 15:34:00,United Kingdom,241.9,625,625,1,1,1,3,Lapsed
13446,3881.89,11,2010-10-05 18:51:00,2010-02-14 11:52:00,United Kingdom,352.9,429,662,1,5,5,11,Lapsed
13447,1129.14,3,2011-11-16 13:38:00,2011-11-04 10:10:00,United Kingdom,376.38,22,34,4,3,3,10,Active
13448,9240.87,13,2011-11-23 12:33:00,2009-12-06 12:14:00,United Kingdom,710.84,15,732,5,5,5,15,Active
13449,291.88,1,2011-11-16 08:28:00,2011-11-16 08:28:00,United Kingdom,291.88,22,22,4,1,2,7,New
13450,4120.04,13,2011-11-13 11:54:00,2010-04-15 19:15:00,United Kingdom,316.93,25,602,4,5,5,14,Active
13451,7190.92,11,2011-11-13 15:58:00,2010-03-21 16:13:00,United Kingdom,653.72,25,627,4,5,5,14,Active
13452,729.8,3,2011-03-25 14:19:00,2010-08-24 09:53:00,United Kingdom,243.27,258,471,2,3,3,8,Lapsed
13453,781.69,3,2011-06-27 09:34:00,2010-11-02 13:23:00,United Kingdom,260.56,164,401,3,3,3,9,At Risk
13454,219.87,1,2010-03-08 14:40:00,2010-03-08 14:40:00,United Kingdom,219.87,640,640,1,1,1,3,Lapsed
13455,2905.93,6,2011-11-15 11:21:00,2009-12-09 08:58:00,United Kingdom,484.32,23,729,4,4,4,12,Active
13456,1766.72,6,2011-11-22 09:18:00,2011-05-16 15:34:00,United Kingdom,294.45,16,206,5,4,4,13,Active
13457,148.22,2,2010-01-20 08:48:00,2009-12-02 12:46:00,United Kingdom,74.11,687,736,1,2,1,4,Lapsed
13458,11959.27,16,2011-12-02 15:29:00,2010-11-16 14:01:00,United Kingdom,747.45,6,387,5,5,5,15,Active
13459,1160.41,2,2010-03-25 10:24:00,2010-01-26 13:35:00,United Kingdom,580.21,623,681,1,2,3,6,Lapsed
13460,183.44,2,2011-11-10 17:17:00,2011-10-21 09:50:00,United Kingdom,91.72,28,48,4,2,1,7,Active
13461,4160.0,6,2011-11-01 09:01:00,2010-04-21 16:01:00,United Kingdom,693.33,37,596,4,4,5,13,Active
13462,1153.85,5,2011-04-01 11:20:00,2009-12-14 09:48:00,United Kingdom,230.77,251,724,2,4,3,9,Lapsed
13464,3097.64,6,2011-10-12 15:01:00,2010-03-31 15:22:00,United Kingdom,516.27,57,617,4,4,5,13,Active
13465,931.12,2,2010-09-19 15:13:00,2010-05-02 15:30:00,United Kingdom,465.56,445,585,1,2,3,6,Lapsed
13466,1013.35,5,2011-06-08 16:39:00,2010-03-21 13:50:00,United Kingdom,202.67,183,627,3,4,3,10,Lapsed
13467,1083.71,2,2011-11-29 10:01:00,2011-11-03 16:56:00,United Kingdom,541.86,9,35,5,2,3,10,Active
13468,13390.51,72,2011-12-08 10:39:00,2009-12-03 13:32:00,United Kingdom,185.98,0,735,5,5,5,15,Active
13469,82.4,1,2010-02-24 15:03:00,2010-02-24 15:03:00,United Kingdom,82.4,652,652,1,1,1,3,Lapsed
13470,165.0,2,2011-09-01 14:57:00,2011-08-16 17:06:00,United Kingdom,82.5,98,114,3,2,1,6,At Risk
13471,2531.58,4,2011-12-08 15:44:00,2011-10-23 13:10:00,United Kingdom,632.9,0,46,5,3,4,12,Active
13472,592.24,2,2010-09-02 09:41:00,2010-06-02 09:48:00,United Kingdom,296.12,462,554,1,2,2,5,Lapsed
13473,2657.76,8,2011-10-10 11:20:00,2009-12-15 19:02:00,United Kingdom,332.22,59,723,3,4,4,11,Active
13474,663.79,3,2011-04-17 13:53:00,2010-08-01 14:40:00,United Kingdom,221.26,235,494,2,3,3,8,Lapsed
13475,1431.78,4,2011-06-01 13:52:00,2011-02-14 12:36:00,United Kingdom,357.94,190,297,2,3,4,9,Lapsed
13476,2061.47,5,2011-06-14 12:00:00,2010-03-05 09:39:00,United Kingdom,412.29,177,643,3,4,4,11,At Risk
13477,2834.17,11,2011-11-02 12:04:00,2010-01-25 11:52:00,United Kingdom,257.65,36,682,4,5,4,13,Active
13478,2215.78,5,2010-08-27 13:23:00,2010-01-31 15:51:00,United Kingdom,443.16,468,676,1,4,4,9,Lapsed
13479,851.37,4,2011-05-23 10:45:00,2010-08-19 16:18:00,United Kingdom,212.84,199,476,2,3,3,8,Lapsed
13480,627.82,2,2010-10-19 11:53:00,2010-01-29 12:35:00,United Kingdom,313.91,415,678,1,2,3,6,Lapsed
13481,3830.84,11,2011-10-25 09:07:00,2009-12-04 12:37:00,United Kingdom,348.26,44,734,4,5,5,14,Active
13482,336.09,2,2011-04-21 17:03:00,2010-03-22 10:31:00,United Kingdom,168.04,231,626,2,2,2,6,Lapsed
13483,140.34,1,2011-10-05 11:53:00,2011-10-05 11:53:00,United Kingdom,140.34,64,64,3,1,1,5,Active
13484,790.72,3,2011-04-12 16:30:00,2010-03-10 11:46:00,United Kingdom,263.57,240,638,2,3,3,8,Lapsed
13485,3019.22,11,2011-04-20 13:58:00,2009-12-03 13:46:00,United Kingdom,274.47,232,735,2,5,5,12,Lapsed
13486,1122.41,3,2011-09-22 13:13:00,2011-07-07 17:19:00,United Kingdom,374.14,77,154,3,3,3,9,Active
13487,846.87,5,2011-10-13 12:07:00,2009-12-05 10:25:00,United Kingdom,169.37,56,733,4,4,3,11,Active
13488,15587.88,23,2011-11-22 14:41:00,2010-01-25 10:13:00,United Kingdom,677.73,16,682,5,5,5,15,Active
13489,449.52,4,2011-08-26 13:16:00,2011-02-18 10:42:00,United Kingdom,112.38,104,293,3,3,2,8,At Risk
13490,154.25,1,2010-02-23 14:48:00,2010-02-23 14:48:00,United Kingdom,154.25,653,653,1,1,1,3,Lapsed
13491,4566.56,27,2011-10-19 08:32:00,2009-12-07 08:24:00,United Kingdom,169.13,50,731,4,5,5,14,Active
13492,1269.84,3,2011-07-26 14:25:00,2011-05-09 10:06:00,Switzerland,423.28,135,213,3,3,4,10,At Risk
13493,618.63,2,2011-03-09 15:35:00,2011-02-25 16:42:00,Switzerland,309.32,274,286,2,2,3,7,Lapsed
13494,316.26,1,2011-02-01 11:58:00,2011-02-01 11:58:00,United Kingdom,316.26,310,310,2,1,2,5,Lapsed
13495,5374.26,10,2011-12-02 11:21:00,2009-12-07 12:12:00,United Kingdom,537.43,6,731,5,5,5,15,Active
13496,653.33,2,2011-11-29 10:58:00,2010-12-15 10:17:00,United Kingdom,326.67,9,358,5,2,3,10,Active
13497,1320.33,6,2011-03-02 09:04:00,2010-02-08 10:27:00,United Kingdom,220.05,281,668,2,4,4,10,Lapsed
13498,327.38,1,2009-12-09 15:26:00,2009-12-09 15:26:00,United Kingdom,327.38,729,729,1,1,2,4,Lapsed
13499,1159.11,5,2011-11-22 11:21:00,2011-03-15 08:52:00,United Kingdom,231.82,16,268,5,4,3,12,Active
13500,1466.3,4,2011-11-16 15:35:00,2010-11-03 13:16:00,United Kingdom,366.58,22,400,4,3,4,11,Active
13501,2885.11,3,2011-02-24 18:59:00,2010-05-18 13:24:00,Switzerland,961.7,287,569,2,3,4,9,Lapsed
13502,780.5,5,2011-11-23 10:39:00,2010-06-09 10:52:00,United Kingdom,156.1,15,547,5,4,3,12,Active
13503,1905.39,6,2011-09-29 13:23:00,2010-02-16 13:49:00,United Kingdom,317.56,70,660,3,4,4,11,Active
13504,295.93,1,2011-10-06 13:20:00,2011-10-06 13:20:00,United Kingdom,295.93,63,63,3,1,2,6,Active
13505,4393.63,4,2011-09-28 11:56:00,2011-04-21 12:07:00,Switzerland,1098.41,71,231,3,3,5,11,Active
13506,1639.2,5,2011-01-27 13:53:00,2010-09-05 12:33:00,United Kingdom,327.84,315,459,2,4,4,10,Lapsed
13507,2479.16,4,2011-12-06 13:13:00,2011-07-17 11:50:00,United Kingdom,619.79,2,144,5,3,4,12,Active
13508,287.05,2,2011-04-10 11:58:00,2010-03-07 11:58:00,United Kingdom,143.52,242,641,2,2,1,5,Lapsed
13509,1114.72,8,2011-12-01 10:10:00,2010-07-20 12:10:00,United Kingdom,139.34,7,506,5,4,3,12,Active
13510,4558.29,11,2011-12-08 13:46:00,2009-12-21 11:53:00,United Kingdom,414.39,0,717,5,5,5,15,Active
13511,282.76,1,2010-02-01 12:10:00,2010-02-01 12:10:00,United Kingdom,282.76,675,675,1,1,1,3,Lapsed
13512,713.39,4,2011-03-24 10:03:00,2010-05-05 13:22:00,United Kingdom,178.35,259,582,2,3,3,8,Lapsed
13513,824.59,3,2011-08-05 11:50:00,2010-02-22 16:36:00,United Kingdom,274.86,125,654,3,3,3,9,At Risk
13514,815.9,4,2011-09-27 09:39:00,2010-01-26 15:11:00,United Kingdom,203.98,72,681,3,3,3,9,Active
13515,1265.82,6,2011-09-28 11:26:00,2010-03-05 11:58:00,United Kingdom,210.97,71,643,3,4,4,11,Active
13516,1685.26,4,2011-11-18 13:15:00,2010-10-18 08:52:00,United Kingdom,421.32,20,416,4,3,4,11,Active
13517,2128.42,3,2011-10-11 11:43:00,2011-06-13 08:44:00,United Kingdom,709.47,58,178,3,3,4,10,Active
13518,659.44,1,2011-09-15 10:29:00,2011-09-15 10:29:00,United Kingdom,659.44,84,84,3,1,3,7,Active
13519,343.21,2,2011-09-22 18:24:00,2010-09-23 11:45:00,United Kingdom,171.6,77,441,3,2,2,7,Active
13520,6909.4,11,2011-10-12 10:20:00,2009-12-17 11:11:00,Switzerland,628.13,57,721,4,5,5,14,Active
13521,1093.65,3,2011-12-08 13:50:00,2011-11-29 15:09:00,United Kingdom,364.55,0,9,5,3,3,11,Active
13522,125.8,1,2011-11-09 15:11:00,2011-11-09 15:11:00,United Kingdom,125.8,29,29,4,1,1,6,New
13523,5101.52,6,2011-11-06 15:11:00,2010-11-02 14:55:00,United Kingdom,850.25,32,401,4,4,5,13,Active
13524,680.18,5,2011-10-30 12:34:00,2011-05-04 12:26:00,United Kingdom,136.04,39,218,4,4,3,11,Active
13525,628.78,2,2011-11-25 12:01:00,2011-04-05 15:36:00,United Kingdom,314.39,13,247,5,2,3,10,Active
13526,1182.0,2,2009-12-01 13:13:00,2009-12-01 12:56:00,United Kingdom,591.0,737,737,1,2,3,6,Lapsed
13527,4683.74,12,2011-11-06 12:04:00,2010-01-21 12:37:00,United Kingdom,390.31,32,686,4,5,5,14,Active
13529,307.76,2,2011-09-22 09:15:00,2011-05-19 11:50:00,United Kingdom,153.88,77,203,3,2,2,7,Active
13530,402.98,1,2010-03-15 14:10:00,2010-03-15 14:10:00,United Kingdom,402.98,633,633,1,1,2,4,Lapsed
13531,1738.52,6,2011-05-18 16:56:00,2009-12-03 15:20:00,United Kingdom,289.75,204,735,2,4,4,10,Lapsed
13532,210.31,1,2011-11-06 12:25:00,2011-11-06 12:25:00,United Kingdom,210.31,32,32,4,1,1,6,Active
13533,270.79,3,2011-06-10 11:54:00,2011-03-17 12:47:00,United Kingdom,90.26,181,266,3,3,1,7,Lapsed
13534,7720.9,35,2011-12-07 14:52:00,2010-07-07 15:00:00,United Kingdom,220.6,1,519,5,5,5,15,Active
13535,89.5,1,2010-11-02 11:49:00,2010-11-02 11:49:00,United Kingdom,89.5,401,401,2,1,1,4,Lapsed
13536,3448.29,7,2011-12-08 16:38:00,2011-09-25 13:30:00,United Kingdom,492.61,0,74,5,4,5,14,Active
13537,717.85,2,2010-10-10 12:45:00,2010-09-14 10:41:00,United Kingdom,358.92,424,450,1,2,3,6,Lapsed
13538,3112.73,12,2011-10-27 16:34:00,2010-02-02 12:47:00,United Kingdom,259.39,42,674,4,5,5,14,Active
13539,1569.36,7,2011-09-15 10:18:00,2010-04-28 12:04:00,United Kingdom,224.19,84,589,3,4,4,11,Active
13540,632.39,3,2010-08-29 14:20:00,2010-02-22 09:22:00,United Kingdom,210.8,466,654,1,3,3,7,Lapsed
13541,785.25,2,2010-10-08 16:37:00,2010-05-18 16:15:00,United Kingdom,392.62,426,569,1,2,3,6,Lapsed
13542,4006.17,17,2010-11-28 11:24:00,2009-12-10 19:53:00,United Kingdom,235.66,375,728,2,5,5,12,Lapsed
13543,1439.61,2,2010-03-15 13:34:00,2010-01-21 14:30:00,United Kingdom,719.8,633,686,1,2,4,7,Lapsed
13544,829.0,6,2011-10-31 11:57:00,2010-03-05 11:31:00,United Kingdom,138.17,38,643,4,4,3,11,Active
13545,374.64,2,2010-11-14 11:27:00,2010-06-13 11:49:00,United Kingdom,187.32,389,543,2,2,2,6,Lapsed
13546,1092.14,5,2011-11-27 14:50:00,2010-10-11 17:23:00,United Kingdom,218.43,11,423,5,4,3,12,Active
13547,175.53,1,2010-10-27 14:14:00,2010-10-27 14:14:00,United Kingdom,175.53,407,407,2,1,1,4,Lapsed
13548,908.99,3,2011-09-04 14:50:00,2010-08-25 13:44:00,United Kingdom,303.0,95,470,3,3,3,9,At Risk
13549,1005.8,8,2011-11-14 09:20:00,2010-11-17 12:17:00,United Kingdom,125.72,24,386,4,4,3,11,Active
13550,349.51,1,2010-11-21 15:24:00,2010-11-21 15:24:00,United Kingdom,349.51,382,382,2,1,2,5,Lapsed
13551,244.2,2,2011-01-24 14:46:00,2010-02-11 15:01:00,United Kingdom,122.1,318,665,2,2,1,5,Lapsed
13552,6978.92,22,2011-10-04 15:19:00,2010-02-19 13:28:00,United Kingdom,317.22,65,657,3,5,5,13,Active
13553,517.8,1,2010-02-03 12:21:00,2010-02-03 12:21:00,United Kingdom,517.8,673,673,1,1,2,4,Lapsed
13554,1638.28,7,2010-11-24 15:05:00,2010-09-19 12:39:00,United Kingdom,234.04,379,445,2,4,4,10,Lapsed
13555,8999.19,13,2011-09-27 12:36:00,2010-01-19 13:20:00,United Kingdom,692.25,72,688,3,5,5,13,Active
13556,200.82,2,2010-10-06 16:44:00,2010-09-30 09:01:00,United Kingdom,100.41,428,434,1,2,1,4,Lapsed
13557,3032.26,13,2011-11-11 15:24:00,2009-12-08 17:41:00,United Kingdom,233.25,27,730,4,5,5,14,Active
13558,605.06,4,2011-12-04 11:24:00,2011-10-02 13:01:00,United Kingdom,151.26,4,67,5,3,2,10,Active
13559,990.0,2,2010-07-15 09:52:00,2010-06-14 11:52:00,United Kingdom,495.0,511,542,1,2,3,6,Lapsed
13560,174.37,1,2011-12-02 13:11:00,2011-12-02 13:11:00,United Kingdom,174.37,6,6,5,1,1,7,New
13561,1820.72,11,2011-05-08 12:39:00,2010-02-28 13:42:00,United Kingdom,165.52,214,648,2,5,4,11,Lapsed
13562,4838.18,8,2011-09-19 10:51:00,2010-01-14 16:33:00,United Kingdom,604.77,80,693,3,4,5,12,Active
13563,777.53,2,2011-09-16 14:45:00,2011-07-22 17:21:00,United Kingdom,388.76,83,139,3,2,3,8,Active
13564,17249.55,37,2011-07-18 14:33:00,2009-12-02 11:55:00,United Kingdom,466.2,143,736,3,5,5,13,At Risk
13565,414.8,3,2011-11-20 14:33:00,2010-10-24 15:51:00,United Kingdom,138.27,18,410,4,3,2,9,Active
13566,1708.12,5,2011-10-30 11:59:00,2010-03-10 12:22:00,United Kingdom,341.62,39,638,4,4,4,12,Active
13567,1083.69,4,2010-10-07 12:51:00,2010-06-16 12:48:00,United Kingdom,270.92,427,540,1,3,3,7,Lapsed
13568,192.85,1,2011-06-19 14:42:00,2011-06-19 14:42:00,United Kingdom,192.85,172,172,3,1,1,5,At Risk
13569,893.78,4,2011-11-22 13:07:00,2010-10-07 13:05:00,United Kingdom,223.44,16,427,5,3,3,11,Active
13570,239.49,1,2011-04-10 13:36:00,2011-04-10 13:36:00,United Kingdom,239.49,242,242,2,1,1,4,Lapsed
13571,4546.54,26,2011-11-27 10:47:00,2009-12-08 13:02:00,United Kingdom,174.87,11,730,5,5,5,15,Active
13572,1384.25,1,2011-05-18 11:59:00,2011-05-18 11:59:00,United Kingdom,1384.25,204,204,2,1,4,7,Lapsed
13573,916.47,6,2011-10-20 14:33:00,2010-03-12 16:06:00,United Kingdom,152.74,49,636,4,4,3,11,Active
13574,421.25,1,2010-10-24 13:28:00,2010-10-24 13:28:00,United Kingdom,421.25,410,410,1,1,2,4,Lapsed
13575,732.07,5,2011-11-16 13:14:00,2011-06-16 14:24:00,United Kingdom,146.41,22,175,4,4,3,11,Active
13576,11551.74,28,2011-11-29 15:34:00,2009-12-08 15:12:00,United Kingdom,412.56,9,730,5,5,5,15,Active
13577,3489.28,11,2011-11-14 15:19:00,2009-12-14 16:10:00,United Kingdom,317.21,24,724,4,5,5,14,Active
13578,147.66,1,2010-10-26 13:44:00,2010-10-26 13:44:00,United Kingdom,147.66,408,408,2,1,1,4,Lapsed
13579,1539.04,5,2011-11-25 08:41:00,2010-02-18 13:53:00,United Kingdom,307.81,13,658,5,4,4,13,Active
13580,107.75,1,2010-10-29 15:01:00,2010-10-29 15:01:00,United Kingdom,107.75,405,405,2,1,1,4,Lapsed
13581,280.53,2,2011-02-03 14:41:00,2010-10-21 16:30:00,United Kingdom,140.26,308,413,2,2,1,5,Lapsed
13582,241.68,2,2010-11-15 11:34:00,2010-04-01 11:38:00,United Kingdom,120.84,388,616,2,2,1,5,Lapsed
13583,1445.03,2,2011-07-07 10:40:00,2010-01-29 13:53:00,United Kingdom,722.52,154,678,3,2,4,9,At Risk
13584,392.45,3,2011-02-06 12:49:00,2010-02-02 08:40:00,United Kingdom,130.82,305,674,2,3,2,7,Lapsed
13585,684.54,3,2010-06-27 12:33:00,2009-12-01 14:56:00,United Kingdom,228.18,529,737,1,3,3,7,Lapsed
13586,131.53,1,2010-06-16 13:47:00,2010-06-16 13:47:00,United Kingdom,131.53,540,540,1,1,1,3,Lapsed
13587,1673.5,4,2011-10-07 12:31:00,2010-02-14 13:17:00,United Kingdom,418.38,62,662,3,3,4,10,Active
13588,2478.95,9,2011-11-24 10:42:00,2011-03-29 15:53:00,United Kingdom,275.44,14,254,5,5,4,14,Active
13589,1120.74,6,2011-11-25 12:10:00,2009-12-06 10:26:00,United Kingdom,186.79,13,732,5,4,3,12,Active
13590,6349.59,18,2011-11-28 12:54:00,2009-12-01 13:37:00,United Kingdom,352.76,10,737,5,5,5,15,Active
13591,2093.94,7,2011-10-06 12:26:00,2009-12-14 15:44:00,United Kingdom,299.13,63,724,3,4,4,11,Active
13592,247.96,4,2011-11-04 09:49:00,2011-03-20 14:01:00,United Kingdom,61.99,34,263,4,3,1,8,Active
13593,5523.69,14,2011-08-23 13:35:00,2010-03-02 16:36:00,United Kingdom,394.55,107,646,3,5,5,13,At Risk
13594,533.32,2,2011-10-18 10:19:00,2010-08-11 10:23:00,United Kingdom,266.66,51,484,4,2,2,8,Active
13595,818.22,3,2010-07-11 12:36:00,2010-03-03 14:42:00,United Kingdom,272.74,515,645,1,3,3,7,Lapsed
13596,697.04,2,2011-12-04 12:01:00,2011-11-27 11:57:00,United Kingdom,348.52,4,11,5,2,3,10,Active
13597,396.71,2,2010-11-04 14:54:00,2010-11-02 09:30:00,United Kingdom,198.36,399,401,2,2,2,6,Lapsed
13598,789.59,5,2011-10-23 14:28:00,2010-02-26 11:22:00,United Kingdom,157.92,46,650,4,4,3,11,Active
13599,10167.63,33,2011-12-08 16:10:00,2009-12-01 12:30:00,United Kingdom,308.11,0,737,5,5,5,15,Active
13600,518.42,2,2011-01-31 15:27:00,2010-03-15 17:16:00,United Kingdom,259.21,311,633,2,2,2,6,Lapsed
13601,1185.14,4,2011-10-25 17:31:00,2010-06-11 15:03:00,United Kingdom,296.29,44,545,4,3,3,10,Active
13602,1025.17,4,2011-10-06 11:47:00,2010-05-28 11:49:00,United Kingdom,256.29,63,559,3,3,3,9,Active
13603,164.34,1,2011-11-13 15:57:00,2011-11-13 15:57:00,United Kingdom,164.34,25,25,4,1,1,6,New
13604,717.62,1,2010-02-19 12:02:00,2010-02-19 12:02:00,United Kingdom,717.62,657,657,1,1,3,5,Lapsed
13605,522.67,2,2010-11-17 17:16:00,2010-05-17 15:46:00,United Kingdom,261.33,386,570,2,2,2,6,Lapsed
13606,280.54,3,2011-11-10 17:46:00,2011-02-01 11:42:00,United Kingdom,93.51,28,310,4,3,1,8,Active
13607,1078.31,2,2011-10-30 16:17:00,2010-11-02 11:48:00,United Kingdom,539.16,39,401,4,2,3,9,Active
13608,236.2,1,2010-06-17 12:28:00,2010-06-17 12:28:00,United Kingdom,236.2,539,539,1,1,1,3,Lapsed
13609,167.35,1,2010-04-25 13:26:00,2010-04-25 13:26:00,United Kingdom,167.35,592,592,1,1,1,3,Lapsed
13610,2175.88,14,2011-11-27 15:38:00,2010-01-05 14:12:00,United Kingdom,155.42,11,702,5,5,4,14,Active
13611,3319.53,10,2011-09-11 14:51:00,2009-12-03 07:57:00,United Kingdom,331.95,88,735,3,5,5,13,Active
13612,818.29,1,2010-03-17 12:14:00,2010-03-17 12:14:00,United Kingdom,818.29,631,631,1,1,3,5,Lapsed
13613,1039.85,5,2010-09-13 12:01:00,2010-02-17 12:40:00,United Kingdom,207.97,451,659,1,4,3,8,Lapsed
13614,2359.19,6,2011-11-15 14:47:00,2010-06-06 13:42:00,United Kingdom,393.2,23,550,4,4,4,12,Active
13615,6272.53,8,2011-01-25 08:21:00,2010-01-28 15:43:00,United Kingdom,784.07,317,679,2,4,5,11,Lapsed
13616,288.1,2,2010-05-20 12:59:00,2010-01-17 14:56:00,United Kingdom,144.05,567,690,1,2,1,4,Lapsed
13617,1278.75,8,2011-10-30 13:50:00,2010-08-01 15:23:00,United Kingdom,159.84,39,494,4,4,4,12,Active
13618,177.34,1,2011-06-19 11:09:00,2011-06-19 11:09:00,United Kingdom,177.34,172,172,3,1,1,5,At Risk
13619,231.69,2,2010-06-13 11:39:00,2010-02-03 14:16:00,United Kingdom,115.84,543,673,1,2,1,4,Lapsed
13620,112.34,1,2010-06-29 15:02:00,2010-06-29 15:02:00,United Kingdom,112.34,527,527,1,1,1,3,Lapsed
13621,213.85,1,2011-08-15 08:26:00,2011-08-15 08:26:00,United Kingdom,213.85,115,115,3,1,1,5,At Risk
13622,658.95,1,2010-01-12 13:22:00,2010-01-12 13:22:00,United Kingdom,658.95,695,695,1,1,3,5,Lapsed
13623,2566.49,10,2011-11-09 12:00:00,2009-12-02 13:57:00,United Kingdom,256.65,29,736,4,5,4,13,Active
13624,462.08,1,2010-11-16 13:43:00,2010-11-16 13:43:00,United Kingdom,462.08,387,387,2,1,2,5,Lapsed
13625,301.26,1,2010-04-22 10:50:00,2010-04-22 10:50:00,United Kingdom,301.26,595,595,1,1,2,4,Lapsed
13626,707.04,2,2011-04-01 10:05:00,2010-11-25 16:12:00,United Kingdom,353.52,251,378,2,2,3,7,Lapsed
13627,2245.9,7,2011-10-11 14:20:00,2010-03-09 14:03:00,United Kingdom,320.84,58,639,3,4,4,11,Active
13628,310.14,1,2010-02-01 14:44:00,2010-02-01 14:44:00,United Kingdom,310.14,675,675,1,1,2,4,Lapsed
13629,13370.86,19,2011-11-16 13:21:00,2010-02-11 17:34:00,United Kingdom,703.73,22,665,4,5,5,14,Active
13630,2031.78,7,2011-12-04 15:16:00,2011-02-27 12:49:00,United Kingdom,290.25,4,284,5,4,4,13,Active
13631,3070.42,11,2011-09-01 09:57:00,2011-03-17 17:13:00,United Kingdom,279.13,98,266,3,5,5,13,At Risk
13632,3648.15,8,2011-11-15 10:51:00,2010-04-07 10:59:00,United Kingdom,456.02,23,610,4,4,5,13,Active
13634,5073.47,16,2011-11-06 13:40:00,2010-01-10 14:26:00,United Kingdom,317.09,32,697,4,5,5,14,Active
13635,2999.16,4,2011-10-03 10:55:00,2009-12-01 09:46:00,United Kingdom,749.79,66,737,3,3,5,11,Active
13636,949.12,5,2011-11-03 10:30:00,2011-02-27 14:29:00,United Kingdom,189.82,35,284,4,4,3,11,Active
13637,810.5,3,2011-10-18 13:32:00,2011-04-27 13:06:00,United Kingdom,270.17,51,225,4,3,3,10,Active
13638,122.64,1,2011-11-24 10:38:00,2011-11-24 10:38:00,United Kingdom,122.64,14,14,5,1,1,7,New
13639,1346.27,2,2011-09-26 13:36:00,2010-09-29 10:05:00,United Kingdom,673.14,73,435,3,2,4,9,Active
13640,405.0,1,2010-04-07 15:33:00,2010-04-07 15:33:00,United Kingdom,405.0,610,610,1,1,2,4,Lapsed
13641,1016.47,5,2010-03-09 07:37:00,2009-12-05 13:17:00,United Kingdom,203.29,639,733,1,4,3,8,Lapsed
13642,514.72,4,2011-05-08 12:34:00,2010-10-03 12:23:00,United Kingdom,128.68,214,431,2,3,2,7,Lapsed
13643,2156.77,10,2011-11-08 15:37:00,2009-12-08 12:48:00,United Kingdom,215.68,30,730,4,5,4,13,Active
13644,2624.26,4,2011-11-23 14:07:00,2011-08-26 11:53:00,United Kingdom,656.06,15,104,5,3,4,12,Active
13645,252.1,1,2011-08-11 16:11:00,2011-08-11 16:11:00,United Kingdom,252.1,119,119,3,1,1,5,At Risk
13646,326.25,2,2010-11-05 12:13:00,2010-11-05 12:00:00,United Kingdom,163.12,398,398,2,2,2,6,Lapsed
13647,3071.68,8,2011-11-30 12:00:00,2010-04-15 12:55:00,United Kingdom,383.96,8,602,5,4,5,14,Active
13648,1764.02,8,2010-11-04 14:46:00,2009-12-01 18:13:00,United Kingdom,220.5,399,737,2,4,4,10,Lapsed
13649,1678.88,6,2011-03-28 11:51:00,2010-06-30 16:35:00,United Kingdom,279.81,255,526,2,4,4,10,Lapsed
13650,3288.0,10,2011-11-23 12:22:00,2010-01-26 08:44:00,United Kingdom,328.8,15,681,5,5,5,15,Active
13651,226.85,3,2011-11-04 14:59:00,2010-11-23 09:44:00,United Kingdom,75.62,34,380,4,3,1,8,Active
13652,2570.85,5,2011-10-25 08:51:00,2010-02-25 17:37:00,United Kingdom,514.17,44,651,4,4,4,12,Active
13653,152.2,1,2010-08-09 08:19:00,2010-08-09 08:19:00,United Kingdom,152.2,486,486,1,1,1,3,Lapsed
13654,6308.0,11,2011-10-27 16:24:00,2009-12-02 11:43:00,United Kingdom,573.45,42,736,4,5,5,14,Active
13655,2280.51,6,2011-08-17 14:25:00,2010-04-27 09:59:00,United Kingdom,380.08,113,590,3,4,4,11,At Risk
13656,1078.85,4,2011-06-28 10:31:00,2010-04-23 12:50:00,United Kingdom,269.71,163,594,3,3,3,9,At Risk
13657,382.14,2,2011-11-29 12:32:00,2011-05-22 12:35:00,United Kingdom,191.07,9,200,5,2,2,9,Active
13658,6025.5,9,2011-11-30 10:13:00,2010-02-05 13:17:00,United Kingdom,669.5,8,671,5,5,5,15,Active
13659,4894.88,12,2011-05-18 12:37:00,2010-02-17 09:05:00,United Kingdom,407.91,204,659,2,5,5,12,Lapsed
13660,314.59,1,2010-11-04 16:10:00,2010-11-04 16:10:00,United Kingdom,314.59,399,399,2,1,2,5,Lapsed
13661,325.24,1,2010-04-15 14:58:00,2010-04-15 14:58:00,United Kingdom,325.24,602,602,1,1,2,4,Lapsed
13662,2250.11,11,2011-09-15 12:04:00,2010-02-19 13:21:00,United Kingdom,204.56,84,657,3,5,4,12,Active
13663,2047.51,5,2011-06-13 15:44:00,2010-03-03 10:11:00,United Kingdom,409.5,178,645,3,4,4,11,At Risk
13665,1711.66,3,2010-11-18 13:06:00,2010-07-23 13:29:00,United Kingdom,570.55,385,503,2,3,4,9,Lapsed
13666,127.9,5,2011-10-10 15:39:00,2009-12-04 10:48:00,United Kingdom,25.58,59,734,3,4,1,8,Active
13667,305.02,1,2011-07-13 15:42:00,2011-07-13 15:42:00,United Kingdom,305.02,148,148,3,1,2,6,At Risk
13668,13089.94,35,2011-12-07 12:11:00,2009-12-11 14:28:00,United Kingdom,374.0,1,727,5,5,5,15,Active
13669,413.55,3,2011-10-20 09:32:00,2010-10-28 15:05:00,United Kingdom,137.85,49,406,4,3,2,9,Active
13670,349.7,1,2011-09-25 15:25:00,2011-09-25 15:25:00,United Kingdom,349.7,74,74,3,1,2,6,Active
13671,194.95,1,2010-11-10 10:50:00,2010-11-10 10:50:00,United Kingdom,194.95,393,393,2,1,1,4,Lapsed
13672,419.92,3,2011-02-11 13:53:00,2009-12-09 11:40:00,United Kingdom,139.97,300,729,2,3,2,7,Lapsed
13673,396.92,2,2011-11-21 12:11:00,2011-11-07 15:40:00,United Kingdom,198.46,17,31,5,2,2,9,Active
13674,240.68,1,2010-10-03 10:41:00,2010-10-03 10:41:00,United Kingdom,240.68,431,431,1,1,1,3,Lapsed
13675,486.82,2,2011-07-11 12:57:00,2011-02-28 12:14:00,United Kingdom,243.41,150,283,3,2,2,7,At Risk
13676,243.9,2,2010-06-18 17:30:00,2010-03-30 16:53:00,United Kingdom,121.95,538,618,1,2,1,4,Lapsed
13677,556.19,2,2010-10-31 11:32:00,2010-07-07 17:25:00,United Kingdom,278.1,403,519,2,2,2,6,Lapsed
13678,232.6,1,2011-07-11 10:14:00,2011-07-11 10:14:00,United Kingdom,232.6,150,150,3,1,1,5,At Risk
13679,281.26,3,2010-08-03 12:13:00,2009-12-04 16:52:00,United Kingdom,93.75,492,734,1,3,1,5,Lapsed
13680,11435.67,12,2011-12-08 13:47:00,2009-12-04 14:14:00,United Kingdom,952.97,0,734,5,5,5,15,Active
13681,827.83,4,2011-11-22 11:13:00,2011-07-07 15:21:00,United Kingdom,206.96,16,154,5,3,3,11,Active
13682,59.5,1,2011-06-05 14:06:00,2011-06-05 14:06:00,United Kingdom,59.5,186,186,3,1,1,5,Lapsed
13683,258.6,1,2010-09-08 10:00:00,2010-09-08 10:00:00,United Kingdom,258.6,456,456,1,1,1,3,Lapsed
13684,596.98,4,2011-02-27 10:13:00,2010-03-28 14:48:00,United Kingdom,149.24,284,620,2,3,2,7,Lapsed
13685,3119.44,7,2011-12-07 11:41:00,2011-10-10 12:59:00,United Kingdom,445.63,1,59,5,4,5,14,Active
13686,409.04,3,2011-06-10 09:10:00,2010-11-03 13:44:00,United Kingdom,136.35,181,400,3,3,2,8,Lapsed
13687,11880.84,1,2010-09-27 16:30:00,2010-09-27 16:30:00,United Kingdom,11880.84,437,437,1,1,5,7,Lapsed
13688,375.5,1,2010-03-14 14:11:00,2010-03-14 14:11:00,United Kingdom,375.5,634,634,1,1,2,4,Lapsed
13689,1259.5,2,2011-10-07 13:21:00,2010-09-21 10:27:00,United Kingdom,629.75,62,443,3,2,4,9,Active
13690,172.25,1,2011-10-11 15:03:00,2011-10-11 15:03:00,United Kingdom,172.25,58,58,3,1,1,5,Active
13691,212.78,1,2010-11-08 17:34:00,2010-11-08 17:34:00,United Kingdom,212.78,395,395,2,1,1,4,Lapsed
13692,3114.4,5,2011-11-15 11:17:00,2010-10-15 13:28:00,United Kingdom,622.88,23,419,4,4,5,13,Active
13693,2011.82,9,2010-11-30 18:21:00,2009-12-07 11:29:00,United Kingdom,223.54,373,731,2,5,4,11,Lapsed
13694,196482.81,143,2011-12-06 09:32:00,2009-12-04 15:26:00,United Kingdom,1374.01,2,734,5,5,5,15,Active
13695,2770.73,16,2011-11-08 14:26:00,2010-05-11 11:07:00,United Kingdom,173.17,30,576,4,5,4,13,Active
13696,2020.4,3,2010-10-14 09:44:00,2010-02-11 14:17:00,United Kingdom,673.47,420,665,1,3,4,8,Lapsed
13697,151.3,1,2011-11-01 09:14:00,2011-11-01 09:14:00,United Kingdom,151.3,37,37,4,1,1,6,Active
13698,465.53,2,2010-04-22 11:52:00,2010-01-27 09:02:00,United Kingdom,232.76,595,680,1,2,2,5,Lapsed
13699,764.15,2,2011-07-07 16:51:00,2010-06-07 13:03:00,United Kingdom,382.08,154,549,3,2,3,8,At Risk
13700,2613.46,13,2011-11-13 13:00:00,2010-02-07 10:53:00,United Kingdom,201.04,25,669,4,5,4,13,Active
13701,161.0,1,2010-09-19 12:39:00,2010-09-19 12:39:00,United Kingdom,161.0,445,445,1,1,1,3,Lapsed
13702,135.18,1,2010-09-20 11:40:00,2010-09-20 11:40:00,United Kingdom,135.18,444,444,1,1,1,3,Lapsed
13703,425.56,2,2011-01-25 13:10:00,2010-10-20 13:11:00,United Kingdom,212.78,317,414,2,2,2,6,Lapsed
13704,2308.06,9,2011-12-04 15:13:00,2011-09-12 14:40:00,United Kingdom,256.45,4,87,5,5,4,14,Active
13705,2035.33,7,2011-12-02 12:32:00,2010-03-25 17:19:00,United Kingdom,290.76,6,623,5,4,4,13,Active
13706,631.17,2,2011-02-10 09:21:00,2010-03-23 09:18:00,United Kingdom,315.58,301,625,2,2,3,7,Lapsed
13707,3365.86,5,2011-03-17 18:03:00,2010-06-21 11:57:00,United Kingdom,673.17,266,535,2,4,5,11,Lapsed
13708,296.88,1,2011-03-13 13:46:00,2011-03-13 13:46:00,United Kingdom,296.88,270,270,2,1,2,5,Lapsed
13709,7591.75,18,2011-12-06 10:28:00,2010-01-11 10:40:00,United Kingdom,421.76,2,696,5,5,5,15,Active
13710,509.52,3,2011-11-08 08:16:00,2010-04-06 12:54:00,United Kingdom,169.84,30,611,4,3,2,9,Active
13711,1792.26,9,2011-05-05 10:31:00,2009-12-15 19:04:00,United Kingdom,199.14,217,723,2,5,4,11,Lapsed
13712,766.42,2,2011-04-07 12:33:00,2010-04-08 11:16:00,United Kingdom,383.21,245,609,2,2,3,7,Lapsed
13713,743.26,3,2010-10-27 16:18:00,2010-05-05 16:48:00,United Kingdom,247.75,407,582,2,3,3,8,Lapsed
13714,161.35,1,2010-08-31 13:57:00,2010-08-31 13:57:00,United Kingdom,161.35,464,464,1,1,1,3,Lapsed
13715,8483.29,17,2011-03-03 19:21:00,2010-03-11 15:33:00,United Kingdom,499.02,280,637,2,5,5,12,Lapsed
13716,138.28,1,2011-03-15 13:49:00,2011-03-15 13:49:00,United Kingdom,138.28,268,268,2,1,1,4,Lapsed
13717,1763.3,8,2011-11-07 14:13:00,2010-08-11 09:40:00,United Kingdom,220.41,31,484,4,4,4,12,Active
13718,306.55,2,2011-04-07 13:24:00,2011-02-17 11:58:00,United Kingdom,153.28,245,294,2,2,2,6,Lapsed
13719,2815.25,11,2011-11-24 15:26:00,2010-05-17 14:36:00,United Kingdom,255.93,14,570,5,5,4,14,Active
13720,799.9,4,2011-08-15 12:46:00,2011-03-30 09:17:00,United Kingdom,199.98,115,253,3,3,3,9,At Risk
13721,741.54,2,2011-11-03 14:05:00,2010-11-09 17:59:00,United Kingdom,370.77,35,394,4,2,3,9,Active
13722,5635.41,10,2011-07-31 12:44:00,2010-03-03 14:13:00,United Kingdom,563.54,130,645,3,5,5,13,At Risk
13723,1209.2,6,2011-05-06 17:04:00,2010-04-07 14:32:00,United Kingdom,201.53,216,610,2,4,3,9,Lapsed
13724,213.01,1,2010-03-12 15:28:00,2010-03-12 15:28:00,United Kingdom,213.01,636,636,1,1,1,3,Lapsed
13725,1980.56,8,2011-10-21 10:03:00,2011-02-04 12:18:00,United Kingdom,247.57,48,307,4,4,4,12,Active
13726,1079.66,2,2011-11-01 10:49:00,2011-08-31 11:06:00,United Kingdom,539.83,37,99,4,2,3,9,Active
13727,1080.05,8,2011-11-11 09:46:00,2009-12-09 13:25:00,United Kingdom,135.01,27,729,4,4,3,11,Active
13728,2855.17,16,2011-11-03 10:49:00,2009-12-09 17:13:00,United Kingdom,178.45,35,729,4,5,4,13,Active
13729,724.73,3,2010-09-30 10:44:00,2010-01-24 14:57:00,United Kingdom,241.58,434,683,1,3,3,7,Lapsed
13730,752.6,2,2011-07-27 08:35:00,2011-07-01 12:47:00,United Kingdom,376.3,134,160,3,2,3,8,At Risk
13731,610.59,2,2011-05-04 14:33:00,2011-04-07 10:10:00,United Kingdom,305.3,218,245,2,2,2,6,Lapsed
13732,491.86,1,2011-11-11 15:49:00,2011-11-11 15:49:00,United Kingdom,491.86,27,27,4,1,2,7,New
13733,487.03,2,2010-10-25 12:18:00,2009-12-04 15:28:00,United Kingdom,243.52,409,734,1,2,2,5,Lapsed
13734,6701.64,4,2010-07-19 12:04:00,2010-04-16 08:42:00,United Kingdom,1675.41,507,601,1,3,5,9,Lapsed
13735,9813.22,13,2011-11-15 11:14:00,2009-12-13 13:31:00,United Kingdom,754.86,23,725,4,5,5,14,Active
13736,2766.21,7,2011-12-04 15:19:00,2009-12-06 12:07:00,United Kingdom,395.17,4,732,5,4,4,13,Active
13737,339.6,1,2011-05-23 16:32:00,2011-05-23 16:32:00,United Kingdom,339.6,199,199,2,1,2,5,Lapsed
13738,440.93,1,2010-11-08 15:23:00,2010-11-08 15:23:00,United Kingdom,440.93,395,395,2,1,2,5,Lapsed
13739,292.2,2,2011-11-21 13:35:00,2010-06-30 10:25:00,United Kingdom,146.1,17,526,5,2,2,9,Active
13740,1597.77,5,2011-04-13 10:32:00,2009-12-02 12:22:00,United Kingdom,319.55,239,736,2,4,4,10,Lapsed
13741,668.43,3,2011-09-29 09:19:00,2011-05-06 13:43:00,United Kingdom,222.81,70,216,3,3,3,9,Active
13742,3131.02,12,2011-11-23 11:07:00,2011-01-23 14:59:00,United Kingdom,260.92,15,319,5,5,5,15,Active
13743,1341.6,7,2011-12-07 10:09:00,2011-03-25 14:46:00,United Kingdom,191.66,1,258,5,4,4,13,Active
13744,1156.36,2,2011-09-05 15:19:00,2011-02-20 14:08:00,United Kingdom,578.18,94,291,3,2,3,8,At Risk
13745,777.36,2,2011-06-30 16:43:00,2010-06-11 17:19:00,United Kingdom,388.68,161,545,3,2,3,8,At Risk
13746,176.69,1,2010-10-22 11:55:00,2010-10-22 11:55:00,United Kingdom,176.69,412,412,1,1,1,3,Lapsed
13747,249.4,2,2010-12-01 10:37:00,2010-10-11 09:15:00,United Kingdom,124.7,372,423,2,2,1,5,Lapsed
13748,2268.35,9,2011-09-05 09:45:00,2009-12-01 16:44:00,United Kingdom,252.04,94,737,3,5,4,12,At Risk
13750,3602.18,11,2011-10-17 12:16:00,2010-04-01 14:49:00,United Kingdom,327.47,52,616,4,5,5,14,Active
13751,296.25,1,2011-02-24 15:56:00,2011-02-24 15:56:00,United Kingdom,296.25,287,287,2,1,2,5,Lapsed
13752,1590.73,7,2011-08-07 14:16:00,2010-06-30 10:23:00,United Kingdom,227.25,123,526,3,4,4,11,At Risk
13753,2094.57,4,2011-02-25 12:48:00,2009-12-03 10:20:00,United Kingdom,523.64,286,735,2,3,4,9,Lapsed
13754,447.05,3,2011-07-11 11:51:00,2010-09-28 15:29:00,United Kingdom,149.02,150,436,3,3,2,8,At Risk
13755,2161.35,9,2011-12-06 12:26:00,2011-10-07 15:45:00,United Kingdom,240.15,2,62,5,5,4,14,Active
13756,9207.5,23,2011-12-07 16:44:00,2009-12-15 15:18:00,United Kingdom,400.33,1,723,5,5,5,15,Active
13757,195.55,1,2010-02-03 12:37:00,2010-02-03 12:37:00,United Kingdom,195.55,673,673,1,1,1,3,Lapsed
13758,9416.98,15,2011-11-28 11:11:00,2009-12-01 10:06:00,United Kingdom,627.8,10,737,5,5,5,15,Active
13759,659.41,2,2011-11-06 14:47:00,2011-09-29 15:40:00,United Kingdom,329.7,32,70,4,2,3,9,Active
13760,1363.64,5,2011-10-16 16:13:00,2010-04-25 13:10:00,United Kingdom,272.73,53,592,4,4,4,12,Active
13761,1952.17,6,2011-10-20 14:01:00,2010-02-21 11:08:00,United Kingdom,325.36,49,655,4,4,4,12,Active
13762,2472.48,5,2011-05-05 09:15:00,2010-01-10 12:13:00,United Kingdom,494.5,217,697,2,4,4,10,Lapsed
13763,5217.44,3,2011-10-07 15:13:00,2010-09-30 17:39:00,United Kingdom,1739.15,62,434,3,3,5,11,Active
13764,2953.26,6,2011-09-30 12:03:00,2010-03-07 12:56:00,United Kingdom,492.21,69,641,3,4,4,11,Active
13765,352.82,1,2010-02-24 13:46:00,2010-02-24 13:46:00,United Kingdom,352.82,652,652,1,1,2,4,Lapsed
13766,190.35,1,2010-08-01 14:25:00,2010-08-01 14:25:00,United Kingdom,190.35,494,494,1,1,1,3,Lapsed
13767,35540.53,73,2011-12-07 15:00:00,2009-12-01 10:52:00,United Kingdom,486.86,1,737,5,5,5,15,Active
13768,875.97,2,2009-12-13 10:41:00,2009-12-09 10:25:00,United Kingdom,437.98,725,729,1,2,3,6,Lapsed
13769,5800.42,20,2011-12-07 15:08:00,2009-12-16 11:59:00,United Kingdom,290.02,1,722,5,5,5,15,Active
13770,785.37,4,2010-10-13 15:10:00,2009-12-09 14:44:00,United Kingdom,196.34,421,729,1,3,3,7,Lapsed
13771,5728.82,9,2011-10-06 14:18:00,2010-02-25 12:37:00,United Kingdom,636.54,63,651,3,5,5,13,Active
13772,3114.22,8,2011-11-06 11:43:00,2010-02-23 13:55:00,United Kingdom,389.28,32,653,4,4,5,13,Active
13773,301.54,2,2010-11-08 11:49:00,2010-02-18 10:27:00,United Kingdom,150.77,395,658,2,2,2,6,Lapsed
13774,345.0,1,2011-09-19 12:06:00,2011-09-19 12:06:00,United Kingdom,345.0,80,80,3,1,2,6,Active
13775,1049.66,1,2010-04-28 12:15:00,2010-04-28 12:15:00,United Kingdom,1049.66,589,589,1,1,3,5,Lapsed
13776,623.98,2,2010-10-07 16:11:00,2010-10-07 16:07:00,United Kingdom,311.99,427,427,1,2,3,6,Lapsed
13777,56478.42,61,2011-12-09 12:25:00,2009-12-02 09:47:00,United Kingdom,925.88,-1,736,5,5,5,15,Active
13778,1124.49,4,2011-08-28 15:25:00,2010-05-23 13:34:00,United Kingdom,281.12,102,564,3,3,3,9,At Risk
13779,161.13,1,2010-07-12 11:24:00,2010-07-12 11:24:00,United Kingdom,161.13,514,514,1,1,1,3,Lapsed
13780,735.82,3,2011-12-02 13:49:00,2010-10-28 19:51:00,United Kingdom,245.27,6,406,5,3,3,11,Active
13781,778.83,3,2011-04-03 12:08:00,2009-12-18 15:46:00,United Kingdom,259.61,249,720,2,3,3,8,Lapsed
13782,1793.72,13,2011-11-27 11:54:00,2009-12-06 12:52:00,United Kingdom,137.98,11,732,5,5,4,14,Active
13783,1542.09,4,2010-08-09 09:23:00,2010-02-04 13:47:00,United Kingdom,385.52,486,672,1,3,4,8,Lapsed
13784,2910.23,14,2011-11-30 09:33:00,2010-09-15 12:27:00,United Kingdom,207.87,8,449,5,5,4,14,Active
13785,542.49,4,2010-10-07 09:25:00,2010-09-05 16:01:00,United Kingdom,135.62,427,459,1,3,2,6,Lapsed
13786,3358.94,6,2010-12-07 13:53:00,2009-12-03 15:32:00,United Kingdom,559.82,366,735,2,4,5,11,Lapsed
13787,1222.5,6,2011-09-25 12:06:00,2010-01-14 10:13:00,United Kingdom,203.75,74,693,3,4,3,10,Active
13788,3.75,1,2010-07-22 15:50:00,2010-07-22 15:50:00,United Kingdom,3.75,504,504,1,1,1,3,Lapsed
13789,239.46,1,2010-11-16 15:31:00,2010-11-16 15:31:00,United Kingdom,239.46,387,387,2,1,1,4,Lapsed
13790,348.8,1,2011-12-05 15:48:00,2011-12-05 15:48:00,United Kingdom,348.8,3,3,5,1,2,8,New
13791,1516.0,2,2011-08-04 11:44:00,2011-06-24 16:38:00,United Kingdom,758.0,126,167,3,2,4,9,At Risk
13792,383.95,3,2011-10-04 14:31:00,2010-10-13 11:05:00,United Kingdom,127.98,65,421,3,3,2,8,Active
13793,96.0,1,2010-03-03 08:25:00,2010-03-03 08:25:00,United Kingdom,96.0,645,645,1,1,1,3,Lapsed
13794,126.03,1,2010-06-11 12:30:00,2010-06-11 12:30:00,United Kingdom,126.03,545,545,1,1,1,3,Lapsed
13795,836.3,4,2010-11-16 17:25:00,2010-03-12 12:44:00,United Kingdom,209.08,387,636,2,3,3,8,Lapsed
13796,289.7,1,2010-07-28 14:45:00,2010-07-28 14:45:00,United Kingdom,289.7,498,498,1,1,1,3,Lapsed
13797,1179.45,3,2010-09-29 10:34:00,2010-03-02 12:17:00,United Kingdom,393.15,435,646,1,3,3,7,Lapsed
13798,75836.87,110,2011-12-08 15:51:00,2009-12-08 16:21:00,United Kingdom,689.43,0,730,5,5,5,15,Active
13799,2803.57,9,2011-08-15 12:07:00,2010-03-05 16:39:00,United Kingdom,311.51,115,643,3,5,4,12,At Risk
13800,1679.56,3,2011-02-03 12:27:00,2009-12-03 10:03:00,United Kingdom,559.85,308,735,2,3,4,9,Lapsed
13801,324.8,1,2011-10-04 10:15:00,2011-10-04 10:15:00,United Kingdom,324.8,65,65,3,1,2,6,Active
13802,26259.11,19,2011-07-24 10:54:00,2010-02-16 10:11:00,United Kingdom,1382.06,137,660,3,5,5,13,At Risk
13803,1338.91,3,2011-03-29 12:57:00,2010-03-31 10:00:00,United Kingdom,446.3,254,617,2,3,4,9,Lapsed
13804,3208.52,9,2011-11-09 12:32:00,2010-09-29 10:26:00,United Kingdom,356.5,29,435,4,5,5,14,Active
13805,924.6,2,2011-10-18 14:50:00,2011-08-02 15:29:00,United Kingdom,462.3,51,128,4,2,3,9,Active
13806,256.38,1,2011-10-07 11:43:00,2011-10-07 11:43:00,United Kingdom,256.38,62,62,3,1,1,5,Active
13807,534.8,3,2010-12-07 15:48:00,2009-12-04 12:41:00,United Kingdom,178.27,366,734,2,3,2,7,Lapsed
13808,1747.66,5,2011-12-04 12:18:00,2011-09-04 12:07:00,United Kingdom,349.53,4,95,5,4,4,13,Active
13809,679.7,3,2011-02-07 13:15:00,2010-09-05 11:42:00,Cyprus,226.57,304,459,2,3,3,8,Lapsed
13810,1499.01,3,2011-11-11 08:33:00,2011-10-14 12:57:00,Germany,499.67,27,55,4,3,4,11,Active
13811,814.5,3,2011-06-09 09:54:00,2011-04-14 18:40:00,Germany,271.5,182,238,3,3,3,9,Lapsed
13812,539.0,3,2011-10-28 14:27:00,2011-08-26 12:54:00,Germany,179.67,41,104,4,3,2,9,Active
13813,2765.47,8,2011-10-31 10:38:00,2009-12-06 10:16:00,Germany,345.68,38,732,4,4,4,12,Active
13814,2257.32,3,2011-09-08 13:48:00,2010-06-30 14:12:00,Germany,752.44,91,526,3,3,4,10,At Risk
13815,7475.74,8,2011-11-17 14:19:00,2010-02-12 10:26:00,Germany,934.47,21,664,4,4,5,13,Active
13816,571.67,2,2011-11-16 08:38:00,2011-10-06 14:37:00,Germany,285.83,22,63,4,2,2,8,Active
13817,382.98,2,2011-11-10 17:49:00,2010-12-23 11:46:00,Germany,191.49,28,350,4,2,2,8,Active
13818,61.28,1,2010-10-06 12:35:00,2010-10-06 12:35:00,United Kingdom,61.28,428,428,1,1,1,3,Lapsed
13819,2642.35,6,2011-02-11 10:38:00,2009-12-01 16:18:00,United Kingdom,440.39,300,737,2,4,4,10,Lapsed
13820,660.65,3,2010-10-17 13:46:00,2010-01-28 12:26:00,United Kingdom,220.22,417,679,1,3,3,7,Lapsed
13821,1410.73,6,2011-07-18 09:49:00,2010-01-04 13:36:00,United Kingdom,235.12,143,703,3,4,4,11,At Risk
13822,632.0,2,2011-12-04 12:13:00,2011-10-30 15:55:00,United Kingdom,316.0,4,39,5,2,3,10,Active
13823,3403.45,7,2011-11-21 10:22:00,2009-12-15 14:34:00,United Kingdom,486.21,17,723,5,4,5,14,Active
13824,3314.76,12,2011-11-07 12:41:00,2010-03-12 15:17:00,United Kingdom,276.23,31,636,4,5,5,14,Active
13825,255.59,2,2010-03-28 11:02:00,2009-12-09 14:30:00,United Kingdom,127.8,620,729,1,2,1,4,Lapsed
13826,189.5,1,2011-06-16 13:48:00,2011-06-16 13:48:00,United Kingdom,189.5,175,175,3,1,1,5,At Risk
13827,412.05,3,2011-10-13 12:38:00,2011-07-19 15:38:00,United Kingdom,137.35,56,142,4,3,2,9,Active
13828,209.49,1,2011-11-17 16:02:00,2011-11-17 16:02:00,United Kingdom,209.49,21,21,4,1,1,6,New
13829,102.0,1,2010-10-14 18:19:00,2010-10-14 18:19:00,United Kingdom,102.0,420,420,1,1,1,3,Lapsed
13830,156.85,1,2010-05-07 12:24:00,2010-05-07 12:24:00,United Kingdom,156.85,580,580,1,1,1,3,Lapsed
13831,7023.58,18,2011-11-23 15:41:00,2009-12-10 14:50:00,United Kingdom,390.2,15,728,5,5,5,15,Active
13832,613.69,2,2011-11-20 15:36:00,2010-10-13 14:41:00,United Kingdom,306.85,18,421,4,2,2,8,Active
13833,701.36,2,2011-07-03 13:27:00,2010-10-31 14:11:00,United Kingdom,350.68,158,403,3,2,3,8,At Risk
13834,324.19,2,2010-05-12 10:27:00,2010-02-08 12:52:00,United Kingdom,162.1,575,668,1,2,2,5,Lapsed
13835,1095.27,7,2011-11-14 15:37:00,2010-03-04 08:26:00,United Kingdom,156.47,24,644,4,4,3,11,Active
13836,620.37,2,2010-11-05 13:31:00,2010-10-21 13:27:00,United Kingdom,310.18,398,413,2,2,3,7,Lapsed
13837,271.24,2,2011-05-12 12:10:00,2011-01-26 12:15:00,United Kingdom,135.62,210,316,2,2,1,5,Lapsed
13838,1966.09,10,2011-12-04 11:00:00,2010-05-09 11:40:00,United Kingdom,196.61,4,578,5,5,4,14,Active
13839,139.95,1,2010-08-10 13:52:00,2010-08-10 13:52:00,United Kingdom,139.95,485,485,1,1,1,3,Lapsed
13840,651.4,1,2010-10-19 13:34:00,2010-10-19 13:34:00,United Kingdom,651.4,415,415,1,1,3,5,Lapsed
13841,85.0,1,2011-04-01 12:10:00,2011-04-01 12:10:00,United Kingdom,85.0,251,251,2,1,1,4,Lapsed
13842,5629.91,18,2011-10-12 10:51:00,2010-02-16 15:54:00,United Kingdom,312.77,57,660,4,5,5,14,Active
13843,319.75,1,2010-11-23 17:48:00,2010-11-23 17:48:00,United Kingdom,319.75,380,380,2,1,2,5,Lapsed
13844,361.62,1,2011-11-28 13:21:00,2011-11-28 13:21:00,United Kingdom,361.62,10,10,5,1,2,8,New
13845,312.98,1,2011-10-06 08:25:00,2011-10-06 08:25:00,United Kingdom,312.98,63,63,3,1,2,6,Active
13846,1307.79,4,2011-11-15 12:07:00,2010-11-05 09:47:00,United Kingdom,326.95,23,398,4,3,4,11,Active
13847,310.72,1,2009-12-20 10:41:00,2009-12-20 10:41:00,United Kingdom,310.72,718,718,1,1,2,4,Lapsed
13848,3335.0,8,2011-09-08 12:58:00,2009-12-09 16:17:00,United Kingdom,416.88,91,729,3,4,5,12,At Risk
13849,3469.3,5,2011-10-19 10:59:00,2010-03-25 12:03:00,United Kingdom,693.86,50,623,4,4,5,13,Active
13850,1595.48,1,2011-08-02 14:04:00,2011-08-02 14:04:00,United Kingdom,1595.48,128,128,3,1,4,8,At Risk
13851,4606.46,8,2011-09-05 12:36:00,2010-01-29 11:54:00,United Kingdom,575.81,94,678,3,4,5,12,At Risk
13852,187.35,1,2010-04-08 09:06:00,2010-04-08 09:06:00,United Kingdom,187.35,609,609,1,1,1,3,Lapsed
13853,1090.14,1,2011-10-13 14:18:00,2011-10-13 14:18:00,United Kingdom,1090.14,56,56,4,1,3,8,Active
13854,12253.96,39,2011-12-01 09:06:00,2010-01-08 11:28:00,United Kingdom,314.2,7,699,5,5,5,15,Active
13855,1310.34,4,2010-07-27 09:53:00,2009-12-08 16:56:00,United Kingdom,327.58,499,730,1,3,4,8,Lapsed
13856,1142.03,11,2011-06-24 10:03:00,2010-03-30 15:40:00,United Kingdom,103.82,167,618,3,5,3,11,At Risk
13857,1001.01,6,2010-11-11 12:54:00,2010-05-17 14:21:00,United Kingdom,166.84,392,570,2,4,3,9,Lapsed
13858,216.17,1,2011-10-13 16:17:00,2011-10-13 16:17:00,United Kingdom,216.17,56,56,4,1,1,6,Active
13859,515.86,2,2011-01-17 16:14:00,2010-06-28 15:36:00,United Kingdom,257.93,325,528,2,2,2,6,Lapsed
13860,1245.9,5,2011-12-08 12:57:00,2011-09-14 09:27:00,United Kingdom,249.18,0,85,5,4,3,12,Active
13861,273.26,2,2010-10-06 14:20:00,2010-06-27 11:37:00,United Kingdom,136.63,428,529,1,2,1,4,Lapsed
13862,2556.09,9,2011-11-21 16:24:00,2010-11-15 13:43:00,United Kingdom,284.01,17,388,5,5,4,14,Active
13863,1239.55,4,2011-04-06 10:20:00,2010-04-25 13:09:00,United Kingdom,309.89,246,592,2,3,3,8,Lapsed
13864,662.4,1,2010-11-18 12:50:00,2010-11-18 12:50:00,United Kingdom,662.4,385,385,2,1,3,6,Lapsed
13865,501.56,4,2011-10-12 13:31:00,2011-02-23 12:04:00,United Kingdom,125.39,57,288,4,3,2,9,Active
13866,145.67,1,2011-09-26 14:54:00,2011-09-26 14:54:00,United Kingdom,145.67,73,73,3,1,1,5,Active
13867,1015.29,3,2011-11-08 15:48:00,2011-05-05 17:28:00,United Kingdom,338.43,30,217,4,3,3,10,Active
13868,3192.54,2,2011-12-02 16:32:00,2011-11-01 12:45:00,United Kingdom,1596.27,6,37,5,2,5,12,Active
13869,8111.57,10,2011-08-08 13:53:00,2010-01-17 14:53:00,United Kingdom,811.16,122,690,3,5,5,13,At Risk
13870,5712.08,15,2011-12-07 13:23:00,2010-02-08 12:08:00,United Kingdom,380.81,1,668,5,5,5,15,Active
13871,7885.85,17,2011-11-17 10:49:00,2009-12-20 13:09:00,United Kingdom,463.87,21,718,4,5,5,14,Active
13872,919.57,3,2010-06-30 15:35:00,2009-12-14 09:56:00,United Kingdom,306.52,526,724,1,3,3,7,Lapsed
13873,1038.92,8,2011-08-12 10:08:00,2010-03-03 12:31:00,United Kingdom,129.86,118,645,3,4,3,10,At Risk
13874,2049.15,7,2010-12-16 18:20:00,2010-02-04 18:39:00,United Kingdom,292.74,357,672,2,4,4,10,Lapsed
13875,4814.37,14,2011-10-17 09:36:00,2009-12-17 10:30:00,United Kingdom,343.88,52,721,4,5,5,14,Active
13876,122.7,1,2011-10-07 10:22:00,2011-10-07 10:22:00,United Kingdom,122.7,62,62,3,1,1,5,Active
13877,449.68,3,2011-09-14 15:49:00,2010-01-19 10:53:00,United Kingdom,149.89,85,688,3,3,2,8,Active
13878,2473.06,4,2011-10-16 12:19:00,2010-04-14 13:50:00,United Kingdom,618.26,53,603,4,3,4,11,Active
13879,395.5,1,2010-03-04 10:49:00,2010-03-04 10:49:00,United Kingdom,395.5,644,644,1,1,2,4,Lapsed
13880,4391.66,17,2011-11-18 13:44:00,2010-05-26 14:29:00,United Kingdom,258.33,20,561,4,5,5,14,Active
13881,45179.1,43,2011-12-06 12:50:00,2010-03-04 14:41:00,United Kingdom,1050.68,2,644,5,5,5,15,Active
13882,1191.13,5,2011-12-07 11:16:00,2011-10-06 15:28:00,United Kingdom,238.23,1,63,5,4,3,12,Active
13883,6560.02,15,2011-11-29 10:45:00,2009-12-08 17:26:00,United Kingdom,437.33,9,730,5,5,5,15,Active
13884,1888.48,10,2011-12-02 16:30:00,2010-08-26 19:57:00,United Kingdom,188.85,6,469,5,5,4,14,Active
13885,506.8,2,2011-06-03 15:07:00,2011-05-23 08:52:00,United Kingdom,253.4,188,199,2,2,2,6,Lapsed
13886,243.56,1,2011-09-29 13:17:00,2011-09-29 13:17:00,United Kingdom,243.56,70,70,3,1,1,5,Active
13887,349.55,1,2011-05-19 17:22:00,2011-05-19 17:22:00,United Kingdom,349.55,203,203,2,1,2,5,Lapsed
13888,2169.05,7,2011-08-12 10:13:00,2010-05-13 11:57:00,United Kingdom,309.86,118,574,3,4,4,11,At Risk
13889,1991.23,6,2011-09-08 09:13:00,2010-01-22 14:32:00,United Kingdom,331.87,91,685,3,4,4,11,At Risk
13890,2927.38,14,2011-12-08 15:36:00,2009-12-06 15:15:00,United Kingdom,209.1,0,732,5,5,4,14,Active
13891,863.56,3,2010-11-26 15:57:00,2010-05-06 16:02:00,United Kingdom,287.85,377,581,2,3,3,8,Lapsed
13892,1267.65,6,2011-11-13 11:50:00,2010-05-13 10:32:00,United Kingdom,211.28,25,574,4,4,4,12,Active
13893,821.1,1,2011-02-15 11:30:00,2011-02-15 11:30:00,United Kingdom,821.1,296,296,2,1,3,6,Lapsed
13894,564.62,3,2011-11-16 09:44:00,2011-02-02 12:54:00,United Kingdom,188.21,22,309,4,3,2,9,Active
13895,4008.52,6,2011-11-11 16:57:00,2009-12-03 13:09:00,United Kingdom,668.09,27,735,4,4,5,13,Active
13896,388.55,1,2010-03-24 08:55:00,2010-03-24 08:55:00,United Kingdom,388.55,624,624,1,1,2,4,Lapsed
13897,1160.72,3,2011-10-20 14:30:00,2010-01-31 13:48:00,United Kingdom,386.91,49,676,4,3,3,10,Active
13898,686.4,2,2011-01-18 10:28:00,2010-10-24 15:42:00,United Kingdom,343.2,324,410,2,2,3,7,Lapsed
13899,388.52,2,2011-11-23 13:40:00,2011-03-10 09:30:00,United Kingdom,194.26,15,273,5,2,2,9,Active
13900,1610.59,6,2011-06-09 19:26:00,2010-03-25 13:46:00,United Kingdom,268.43,182,623,3,4,4,11,Lapsed
13901,5676.34,15,2011-09-28 14:48:00,2010-01-05 09:29:00,United Kingdom,378.42,71,702,3,5,5,13,Active
13902,34095.26,5,2010-03-17 13:09:00,2009-12-15 10:02:00,Denmark,6819.05,631,723,1,4,5,10,Lapsed
13903,165.45,1,2010-11-04 17:44:00,2010-11-04 17:44:00,United Kingdom,165.45,399,399,2,1,1,4,Lapsed
13904,332.64,2,2011-11-02 13:41:00,2011-02-18 11:18:00,United Kingdom,166.32,36,293,4,2,2,8,Active
13905,312.65,1,2009-12-07 11:41:00,2009-12-07 11:41:00,United Kingdom,312.65,731,731,1,1,2,4,Lapsed
13906,42.0,1,2010-10-26 15:00:00,2010-10-26 15:00:00,United Kingdom,42.0,408,408,2,1,1,4,Lapsed
13907,136.8,1,2010-01-17 12:22:00,2010-01-17 12:22:00,United Kingdom,136.8,690,690,1,1,1,3,Lapsed
13908,2369.55,4,2011-09-21 11:49:00,2011-03-08 12:04:00,United Kingdom,592.39,78,275,3,3,4,10,Active
13909,286.6,2,2010-10-12 17:22:00,2010-07-06 16:52:00,United Kingdom,143.3,422,520,1,2,1,4,Lapsed
13911,4234.99,20,2011-10-13 15:43:00,2010-03-01 16:31:00,United Kingdom,211.75,56,647,4,5,5,14,Active
13912,124.95,1,2010-10-12 08:43:00,2010-10-12 08:43:00,United Kingdom,124.95,422,422,1,1,1,3,Lapsed
13913,42.22,1,2010-07-21 10:11:00,2010-07-21 10:11:00,United Kingdom,42.22,505,505,1,1,1,3,Lapsed
13914,626.45,2,2011-11-28 10:35:00,2011-11-03 16:28:00,United Kingdom,313.23,10,35,5,2,3,10,Active
13915,70.8,1,2010-11-10 15:17:00,2010-11-10 15:17:00,United Kingdom,70.8,393,393,2,1,1,4,Lapsed
13916,1275.81,4,2010-09-02 10:04:00,2010-02-02 10:06:00,United Kingdom,318.95,462,674,1,3,4,8,Lapsed
13917,272.04,2,2011-10-21 09:56:00,2011-06-01 12:46:00,United Kingdom,136.02,48,190,4,2,1,7,Active
13918,1212.84,2,2011-10-21 12:25:00,2011-03-31 18:05:00,United Kingdom,606.42,48,252,4,2,3,9,Active
13919,1360.68,4,2011-10-11 14:24:00,2010-06-17 09:30:00,Denmark,340.17,58,539,3,3,4,10,Active
13920,1774.68,4,2010-10-04 12:37:00,2010-05-26 15:48:00,United Kingdom,443.67,430,561,1,3,4,8,Lapsed
13921,730.7,4,2010-11-02 16:32:00,2009-12-18 12:19:00,United Kingdom,182.68,401,720,2,3,3,8,Lapsed
13922,865.2,3,2010-12-23 10:38:00,2010-08-29 14:36:00,United Kingdom,288.4,350,466,2,3,3,8,Lapsed
13923,351.13,1,2011-10-17 12:33:00,2011-10-17 12:33:00,United Kingdom,351.13,52,52,4,1,2,7,Active
13924,1838.85,6,2011-12-08 09:39:00,2011-09-28 15:07:00,United Kingdom,306.47,0,71,5,4,4,13,Active
13925,678.25,4,2011-09-08 12:47:00,2011-07-28 12:09:00,United Kingdom,169.56,91,133,3,3,3,9,At Risk
13926,223.85,1,2011-11-16 13:16:00,2011-11-16 13:16:00,United Kingdom,223.85,22,22,4,1,1,6,New
13927,708.26,2,2011-09-26 12:00:00,2010-09-28 16:12:00,United Kingdom,354.13,73,436,3,2,3,8,Active
13928,464.57,4,2011-11-29 10:33:00,2011-07-29 15:59:00,United Kingdom,116.14,9,132,5,3,2,10,Active
13929,3494.1,11,2011-06-23 15:26:00,2010-01-14 07:25:00,United Kingdom,317.65,168,693,3,5,5,13,At Risk
13930,337.34,2,2011-10-13 09:45:00,2011-07-26 11:00:00,United Kingdom,168.67,56,135,4,2,2,8,Active
13931,5257.38,11,2011-09-05 10:12:00,2009-12-03 10:26:00,United Kingdom,477.94,94,735,3,5,5,13,At Risk
13932,307.4,1,2011-02-18 12:02:00,2011-02-18 12:02:00,United Kingdom,307.4,293,293,2,1,2,5,Lapsed
13933,608.79,2,2011-08-22 14:03:00,2011-07-14 13:35:00,United Kingdom,304.4,108,147,3,2,2,7,At Risk
13934,922.1,1,2011-03-21 08:39:00,2011-03-21 08:39:00,United Kingdom,922.1,262,262,2,1,3,6,Lapsed
13935,6116.92,3,2010-04-22 11:21:00,2010-02-25 16:01:00,United Kingdom,2038.97,595,651,1,3,5,9,Lapsed
13936,939.66,3,2011-06-13 08:47:00,2010-10-21 14:21:00,United Kingdom,313.22,178,413,3,3,3,9,At Risk
13937,880.13,2,2011-06-23 16:35:00,2010-11-02 12:37:00,United Kingdom,440.06,168,401,3,2,3,8,At Risk
13938,71.66,1,2011-11-04 14:37:00,2011-11-04 14:37:00,United Kingdom,71.66,34,34,4,1,1,6,Active
13939,1560.96,7,2011-11-16 13:33:00,2010-04-06 12:43:00,United Kingdom,222.99,22,611,4,4,4,12,Active
13940,839.14,4,2011-11-22 15:15:00,2011-07-18 16:05:00,United Kingdom,209.78,16,143,5,3,3,11,Active
13941,11122.3,15,2011-11-18 09:43:00,2009-12-16 16:10:00,United Kingdom,741.49,20,722,4,5,5,14,Active
13942,320.0,1,2010-06-23 12:35:00,2010-06-23 12:35:00,United Kingdom,320.0,533,533,1,1,2,4,Lapsed
13943,246.54,1,2010-05-11 11:30:00,2010-05-11 11:30:00,United Kingdom,246.54,576,576,1,1,1,3,Lapsed
13944,200.43,1,2010-02-24 15:02:00,2010-02-24 15:02:00,United Kingdom,200.43,652,652,1,1,1,3,Lapsed
13945,854.15,2,2010-11-10 10:00:00,2010-08-17 09:59:00,United Kingdom,427.08,393,478,2,2,3,7,Lapsed
13946,1876.23,6,2011-09-21 13:33:00,2009-12-04 11:07:00,United Kingdom,312.7,78,734,3,4,4,11,Active
13947,90.6,1,2011-10-05 14:42:00,2011-10-05 14:42:00,United Kingdom,90.6,64,64,3,1,1,5,Active
13948,548.76,4,2010-12-14 10:18:00,2009-12-04 12:14:00,United Kingdom,137.19,359,734,2,3,2,7,Lapsed
13949,2427.32,6,2011-12-07 09:35:00,2011-09-06 11:55:00,United Kingdom,404.55,1,93,5,4,4,13,Active
13950,745.06,4,2011-11-28 14:44:00,2011-04-07 11:29:00,United Kingdom,186.26,10,245,5,3,3,11,Active
13951,674.45,3,2011-06-16 16:43:00,2011-02-18 15:21:00,United Kingdom,224.82,175,293,3,3,3,9,At Risk
13952,12823.52,14,2011-05-06 09:00:00,2009-12-16 09:41:00,United Kingdom,915.97,216,722,2,5,5,12,Lapsed
13953,6640.68,12,2011-12-02 16:04:00,2009-12-11 12:58:00,United Kingdom,553.39,6,727,5,5,5,15,Active
13954,439.92,2,2011-12-08 12:50:00,2011-09-30 10:52:00,United Kingdom,219.96,0,69,5,2,2,9,Active
13955,545.17,3,2011-07-08 17:19:00,2010-11-29 17:35:00,United Kingdom,181.72,153,374,3,3,2,8,At Risk
13956,1026.42,5,2011-12-04 13:20:00,2011-03-13 12:51:00,United Kingdom,205.28,4,270,5,4,3,12,Active
13957,458.25,3,2010-10-18 10:02:00,2010-02-19 10:32:00,United Kingdom,152.75,416,657,1,3,2,6,Lapsed
13958,4709.23,8,2010-11-25 10:11:00,2009-12-05 13:12:00,United Kingdom,588.65,378,733,2,4,5,11,Lapsed
13959,1076.18,6,2011-09-21 15:06:00,2010-07-16 15:11:00,United Kingdom,179.36,78,510,3,4,3,10,Active
13960,230.22,2,2011-11-18 15:27:00,2011-09-29 12:39:00,United Kingdom,115.11,20,70,4,2,1,7,Active
13961,538.4,1,2010-11-12 14:40:00,2010-11-12 14:40:00,United Kingdom,538.4,391,391,2,1,2,5,Lapsed
13962,362.8,3,2011-11-18 08:47:00,2010-09-30 10:35:00,United Kingdom,120.93,20,434,4,3,2,9,Active
13963,3011.87,17,2011-02-04 14:43:00,2010-04-21 16:20:00,United Kingdom,177.17,307,596,2,5,5,12,Lapsed
13964,438.9,2,2010-11-17 13:53:00,2010-10-05 12:38:00,United Kingdom,219.45,386,429,2,2,2,6,Lapsed
13965,996.61,3,2010-08-20 10:40:00,2010-01-05 15:21:00,United Kingdom,332.2,475,702,1,3,3,7,Lapsed
13966,390.86,1,2010-09-30 13:08:00,2010-09-30 13:08:00,United Kingdom,390.86,434,434,1,1,2,4,Lapsed
13967,166.3,2,2011-07-17 12:02:00,2010-11-08 13:24:00,United Kingdom,83.15,144,395,3,2,1,6,At Risk
13968,123.66,1,2010-10-12 13:22:00,2010-10-12 13:22:00,United Kingdom,123.66,422,422,1,1,1,3,Lapsed
13969,13365.87,35,2011-12-02 15:11:00,2010-03-25 13:15:00,United Kingdom,381.88,6,623,5,5,5,15,Active
13970,846.55,2,2010-11-18 13:21:00,2010-09-28 11:53:00,United Kingdom,423.28,385,436,2,2,3,7,Lapsed
13971,4667.57,14,2011-11-21 12:06:00,2010-01-26 09:51:00,United Kingdom,333.4,17,681,5,5,5,15,Active
13972,190.25,2,2011-09-30 11:54:00,2011-05-22 11:34:00,United Kingdom,95.12,69,200,3,2,1,6,Active
13973,264.7,1,2011-02-25 15:21:00,2011-02-25 15:21:00,United Kingdom,264.7,286,286,2,1,1,4,Lapsed
13974,677.72,2,2011-10-21 14:41:00,2010-05-06 17:55:00,United Kingdom,338.86,48,581,4,2,3,9,Active
13975,5358.84,12,2011-11-08 13:19:00,2010-02-02 13:13:00,United Kingdom,446.57,30,674,4,5,5,14,Active
13976,1192.36,4,2011-05-17 09:13:00,2010-02-09 13:08:00,United Kingdom,298.09,205,667,2,3,3,8,Lapsed
13977,519.81,1,2010-10-24 14:08:00,2010-10-24 14:08:00,United Kingdom,519.81,410,410,1,1,2,4,Lapsed
13978,196.79,2,2011-11-25 11:36:00,2011-10-25 15:04:00,United Kingdom,98.4,13,44,5,2,1,8,Active
13979,3416.23,7,2011-09-27 13:32:00,2009-12-03 10:02:00,United Kingdom,488.03,72,735,3,4,5,12,Active
13980,799.92,5,2011-10-10 13:34:00,2010-02-21 14:18:00,United Kingdom,159.98,59,655,3,4,3,10,Active
13981,331.14,1,2010-10-20 10:03:00,2010-10-20 10:03:00,United Kingdom,331.14,414,414,1,1,2,4,Lapsed
13982,4445.59,9,2011-10-31 16:24:00,2010-01-20 14:04:00,United Kingdom,493.95,38,687,4,5,5,14,Active
13983,7108.45,21,2011-11-10 11:06:00,2009-12-09 13:53:00,United Kingdom,338.5,28,729,4,5,5,14,Active
13984,2048.6,12,2011-11-13 12:38:00,2009-12-07 11:51:00,United Kingdom,170.72,25,731,4,5,4,13,Active
13985,10020.86,22,2011-12-05 17:06:00,2010-02-09 13:56:00,United Kingdom,455.49,3,667,5,5,5,15,Active
13986,320.46,1,2011-11-22 15:00:00,2011-11-22 15:00:00,United Kingdom,320.46,16,16,5,1,2,8,New
13987,682.54,2,2010-11-25 10:20:00,2010-11-04 09:54:00,United Kingdom,341.27,378,399,2,2,3,7,Lapsed
13988,4757.8,8,2011-11-20 10:15:00,2010-03-24 11:05:00,United Kingdom,594.72,18,624,4,4,5,13,Active
13989,2026.06,5,2011-10-05 09:47:00,2010-05-25 12:13:00,United Kingdom,405.21,64,562,3,4,4,11,Active
13990,311.3,1,2011-05-10 15:19:00,2011-05-10 15:19:00,United Kingdom,311.3,212,212,2,1,2,5,Lapsed
13991,855.97,6,2011-11-27 16:18:00,2011-07-19 12:58:00,United Kingdom,142.66,11,142,5,4,3,12,Active
13992,219.5,3,2011-11-09 15:23:00,2010-09-02 17:04:00,United Kingdom,73.17,29,462,4,3,1,8,Active
13993,6775.71,19,2011-10-28 09:06:00,2009-12-03 11:57:00,United Kingdom,356.62,41,735,4,5,5,14,Active
13994,2313.14,6,2011-12-06 11:05:00,2011-07-14 18:28:00,United Kingdom,385.52,2,147,5,4,4,13,Active
13995,3902.01,14,2011-11-24 14:22:00,2009-12-18 12:43:00,United Kingdom,278.72,14,720,5,5,5,15,Active
13996,895.76,2,2010-11-18 16:27:00,2010-11-05 15:07:00,United Kingdom,447.88,385,398,2,2,3,7,Lapsed
13997,382.31,3,2010-07-08 18:06:00,2010-06-07 17:33:00,United Kingdom,127.44,518,549,1,3,2,6,Lapsed
13998,566.7,3,2010-09-19 10:20:00,2010-05-12 13:18:00,United Kingdom,188.9,445,575,1,3,2,6,Lapsed
13999,9502.26,29,2011-11-29 13:40:00,2009-12-05 12:42:00,United Kingdom,327.66,9,733,5,5,5,15,Active
14000,2046.34,5,2011-05-12 16:50:00,2009-12-02 09:50:00,United Kingdom,409.27,210,736,2,4,4,10,Lapsed
14001,4530.09,9,2011-10-25 10:31:00,2010-08-03 12:49:00,United Kingdom,503.34,44,492,4,5,5,14,Active
14002,529.73,2,2011-07-28 15:55:00,2011-07-06 14:59:00,United Kingdom,264.86,133,155,3,2,2,7,At Risk
14003,209.41,1,2009-12-07 08:53:00,2009-12-07 08:53:00,United Kingdom,209.41,731,731,1,1,1,3,Lapsed
14004,6258.45,11,2011-10-27 14:40:00,2010-09-30 09:39:00,United Kingdom,568.95,42,434,4,5,5,14,Active
14005,2874.72,5,2011-11-30 12:41:00,2011-05-08 10:33:00,United Kingdom,574.94,8,214,5,4,4,13,Active
14006,2196.67,7,2011-08-16 09:39:00,2010-02-25 09:45:00,United Kingdom,313.81,114,651,3,4,4,11,At Risk
14007,79.48,1,2010-07-15 09:06:00,2010-07-15 09:06:00,United Kingdom,79.48,511,511,1,1,1,3,Lapsed
14008,509.04,1,2010-10-03 13:09:00,2010-10-03 13:09:00,United Kingdom,509.04,431,431,1,1,2,4,Lapsed
14009,1099.91,3,2011-05-25 15:47:00,2010-09-03 12:08:00,United Kingdom,366.64,197,461,2,3,3,8,Lapsed
14010,445.15,2,2010-05-23 13:00:00,2010-05-23 12:46:00,United Kingdom,222.58,564,564,1,2,2,5,Lapsed
14011,457.82,2,2010-08-16 15:31:00,2010-04-11 13:40:00,United Kingdom,228.91,479,606,1,2,2,5,Lapsed
14012,328.8,1,2011-03-07 12:26:00,2011-03-07 12:26:00,United Kingdom,328.8,276,276,2,1,2,5,Lapsed
14013,1084.57,5,2011-08-21 15:01:00,2010-03-26 10:02:00,United Kingdom,216.91,109,622,3,4,3,10,At Risk
14014,1948.21,3,2011-09-23 13:18:00,2010-05-12 09:04:00,United Kingdom,649.4,76,575,3,3,4,10,Active
14015,917.34,1,2011-10-18 10:02:00,2011-10-18 10:02:00,United Kingdom,917.34,51,51,4,1,3,8,Active
14016,11403.41,11,2011-07-01 11:29:00,2010-01-08 14:12:00,EIRE,1036.67,160,699,3,5,5,13,At Risk
14017,229.75,1,2010-05-17 14:52:00,2010-05-17 14:52:00,United Kingdom,229.75,570,570,1,1,1,3,Lapsed
14018,367.15,1,2010-03-04 14:23:00,2010-03-04 14:23:00,United Kingdom,367.15,644,644,1,1,2,4,Lapsed
14019,1421.61,3,2011-10-24 10:13:00,2011-07-24 15:39:00,United Kingdom,473.87,45,137,4,3,4,11,Active
14020,1249.01,4,2011-11-23 09:22:00,2010-06-28 15:29:00,United Kingdom,312.25,15,528,5,3,4,12,Active
14021,1716.58,7,2011-07-07 15:46:00,2010-04-26 11:22:00,United Kingdom,245.23,154,591,3,4,4,11,At Risk
14022,792.15,2,2011-04-28 14:39:00,2010-08-10 09:38:00,United Kingdom,396.08,224,485,2,2,3,7,Lapsed
14023,584.07,2,2011-12-02 13:58:00,2011-04-03 15:50:00,United Kingdom,292.04,6,249,5,2,2,9,Active
14024,645.74,3,2011-08-10 11:30:00,2010-11-14 10:51:00,United Kingdom,215.25,120,389,3,3,3,9,At Risk
14025,4057.9,8,2010-09-01 10:11:00,2010-05-05 09:56:00,United Kingdom,507.24,463,582,1,4,5,10,Lapsed
14026,713.11,2,2010-08-26 10:31:00,2010-03-24 14:10:00,United Kingdom,356.56,469,624,1,2,3,6,Lapsed
14027,104.82,1,2011-10-10 09:01:00,2011-10-10 09:01:00,United Kingdom,104.82,59,59,3,1,1,5,Active
14028,10396.5,3,2010-06-07 13:33:00,2010-06-07 12:02:00,United Kingdom,3465.5,549,549,1,3,5,9,Lapsed
14029,467.66,2,2011-10-07 14:46:00,2011-07-18 16:57:00,United Kingdom,233.83,62,143,3,2,2,7,Active
14030,8262.29,20,2011-11-21 16:48:00,2009-12-10 17:27:00,United Kingdom,413.11,17,728,5,5,5,15,Active
14031,40999.17,44,2011-12-02 17:13:00,2009-12-03 15:35:00,United Kingdom,931.8,6,735,5,5,5,15,Active
14032,4850.27,16,2011-12-07 15:23:00,2009-12-14 12:02:00,United Kingdom,303.14,1,724,5,5,5,15,Active
14033,109.44,1,2010-06-02 15:10:00,2010-06-02 15:10:00,United Kingdom,109.44,554,554,1,1,1,3,Lapsed
14034,651.82,3,2011-11-17 14:02:00,2011-07-05 13:06:00,United Kingdom,217.27,21,156,4,3,3,10,Active
14035,2856.72,9,2011-11-11 10:03:00,2010-04-06 12:39:00,United Kingdom,317.41,27,611,4,5,4,13,Active
14036,626.65,1,2011-02-28 09:26:00,2011-02-28 09:26:00,United Kingdom,626.65,283,283,2,1,3,6,Lapsed
14037,836.95,6,2011-06-16 13:57:00,2009-12-07 11:39:00,United Kingdom,139.49,175,731,3,4,3,10,At Risk
14038,3069.88,5,2011-09-22 13:37:00,2010-02-04 08:56:00,United Kingdom,613.98,77,672,3,4,5,12,Active
14039,267.28,2,2011-11-06 13:48:00,2010-05-13 10:15:00,United Kingdom,133.64,32,574,4,2,1,7,Active
14040,12645.57,35,2011-10-30 12:42:00,2009-12-01 12:14:00,United Kingdom,361.3,39,737,4,5,5,14,Active
14041,141.41,1,2011-03-18 13:25:00,2011-03-18 13:25:00,United Kingdom,141.41,265,265,2,1,1,4,Lapsed
14042,431.98,1,2009-12-14 15:07:00,2009-12-14 15:07:00,United Kingdom,431.98,724,724,1,1,2,4,Lapsed
14043,304.25,2,2010-08-05 18:18:00,2009-12-10 15:56:00,United Kingdom,152.12,490,728,1,2,2,5,Lapsed
14044,3123.1,10,2011-11-13 12:05:00,2010-01-24 15:14:00,United Kingdom,312.31,25,683,4,5,5,14,Active
14045,11313.03,16,2011-08-22 15:27:00,2010-01-08 10:08:00,United Kingdom,707.06,108,699,3,5,5,13,At Risk
14046,154.99,1,2011-02-28 14:48:00,2011-02-28 14:48:00,United Kingdom,154.99,283,283,2,1,1,4,Lapsed
14047,4255.03,14,2011-12-01 11:43:00,2010-02-01 10:05:00,United Kingdom,303.93,7,675,5,5,5,15,Active
14048,748.69,3,2011-02-07 14:53:00,2010-11-22 14:08:00,United Kingdom,249.56,304,381,2,3,3,8,Lapsed
14049,13239.03,13,2011-11-23 12:20:00,2010-04-01 14:52:00,United Kingdom,1018.39,15,616,5,5,5,15,Active
14050,746.36,2,2011-11-08 10:00:00,2011-08-25 13:46:00,United Kingdom,373.18,30,105,4,2,3,9,Active
14051,22434.0,37,2011-12-09 10:20:00,2009-12-03 11:53:00,United Kingdom,606.32,-1,735,5,5,5,15,Active
14052,480.81,2,2011-11-20 12:30:00,2010-11-14 11:37:00,United Kingdom,240.4,18,389,4,2,2,8,Active
14053,572.3,4,2011-08-07 14:27:00,2010-08-10 11:02:00,United Kingdom,143.07,123,485,3,3,2,8,At Risk
14054,92.46,1,2011-10-05 15:49:00,2011-10-05 15:49:00,United Kingdom,92.46,64,64,3,1,1,5,Active
14055,1520.96,3,2011-08-25 15:04:00,2009-12-16 15:11:00,United Kingdom,506.99,105,722,3,3,4,10,At Risk
14056,8214.65,23,2011-12-08 13:36:00,2011-02-28 15:19:00,United Kingdom,357.16,0,283,5,5,5,15,Active
14057,8408.84,22,2011-11-16 10:32:00,2009-12-03 13:17:00,United Kingdom,382.22,22,735,4,5,5,14,Active
14058,469.19,2,2010-09-03 09:31:00,2010-06-27 11:29:00,United Kingdom,234.6,461,529,1,2,2,5,Lapsed
14059,183.6,1,2011-03-18 10:06:00,2011-03-18 10:06:00,United Kingdom,183.6,265,265,2,1,1,4,Lapsed
14060,9519.08,30,2011-12-05 12:29:00,2010-03-11 09:47:00,United Kingdom,317.3,3,637,5,5,5,15,Active
14061,917.43,3,2010-07-20 17:22:00,2009-12-01 18:03:00,United Kingdom,305.81,506,737,1,3,3,7,Lapsed
14062,25604.2,24,2011-11-30 10:04:00,2009-12-10 14:28:00,United Kingdom,1066.84,8,728,5,5,5,15,Active
14063,22710.2,9,2010-09-27 16:18:00,2009-12-08 13:46:00,United Kingdom,2523.36,437,730,1,5,5,11,Lapsed
14064,3332.42,15,2011-11-10 13:14:00,2010-01-21 13:22:00,United Kingdom,222.16,28,686,4,5,5,14,Active
14065,891.02,3,2010-11-15 16:13:00,2010-10-04 12:03:00,United Kingdom,297.01,388,430,2,3,3,8,Lapsed
14066,152.55,1,2011-03-18 12:21:00,2011-03-18 12:21:00,United Kingdom,152.55,265,265,2,1,1,4,Lapsed
14067,374.7,2,2011-10-07 10:21:00,2011-09-04 12:00:00,United Kingdom,187.35,62,95,3,2,2,7,Active
14068,1528.37,4,2011-01-23 16:02:00,2010-01-31 10:10:00,United Kingdom,382.09,319,676,2,3,4,9,Lapsed
14069,230.06,2,2010-07-13 12:12:00,2010-05-27 12:30:00,United Kingdom,115.03,513,560,1,2,1,4,Lapsed
14070,326.55,1,2010-01-24 12:27:00,2010-01-24 12:27:00,United Kingdom,326.55,683,683,1,1,2,4,Lapsed
14071,1438.82,8,2011-12-06 12:27:00,2011-03-20 11:33:00,United Kingdom,179.85,2,263,5,4,4,13,Active
14072,390.85,1,2010-02-11 12:31:00,2010-02-11 12:31:00,United Kingdom,390.85,665,665,1,1,2,4,Lapsed
14073,151.04,1,2011-11-07 15:49:00,2011-11-07 15:49:00,United Kingdom,151.04,31,31,4,1,1,6,Active
14074,219.4,1,2010-03-26 13:55:00,2010-03-26 13:55:00,United Kingdom,219.4,622,622,1,1,1,3,Lapsed
14075,1734.87,6,2011-12-05 08:38:00,2010-06-16 14:47:00,United Kingdom,289.14,3,540,5,4,4,13,Active
14076,122.47,1,2011-08-02 15:19:00,2011-08-02 15:19:00,United Kingdom,122.47,128,128,3,1,1,5,At Risk
14077,615.08,6,2011-10-30 12:35:00,2010-11-09 16:01:00,United Kingdom,102.51,39,394,4,4,2,10,Active
14078,1692.63,9,2011-08-30 12:16:00,2010-03-28 15:05:00,United Kingdom,188.07,100,620,3,5,4,12,At Risk
14079,618.73,2,2011-08-07 12:10:00,2010-01-26 17:19:00,United Kingdom,309.36,123,681,3,2,3,8,At Risk
14080,1115.68,5,2011-11-07 11:09:00,2009-12-02 15:01:00,United Kingdom,223.14,31,736,4,4,3,11,Active
14081,5370.1,10,2011-02-10 16:17:00,2009-12-10 18:27:00,United Kingdom,537.01,301,728,2,5,5,12,Lapsed
14082,413.36,2,2010-12-10 11:02:00,2010-11-12 11:47:00,United Kingdom,206.68,363,391,2,2,2,6,Lapsed
14083,1407.26,11,2011-12-05 13:14:00,2009-12-18 11:34:00,United Kingdom,127.93,3,720,5,5,4,14,Active
14084,150.5,1,2010-07-15 14:36:00,2010-07-15 14:36:00,United Kingdom,150.5,511,511,1,1,1,3,Lapsed
14085,10104.97,33,2011-12-07 13:46:00,2009-12-08 13:41:00,United Kingdom,306.21,1,730,5,5,5,15,Active
14086,39.95,1,2010-09-03 10:52:00,2010-09-03 10:52:00,United Kingdom,39.95,461,461,1,1,1,3,Lapsed
14087,846.22,3,2011-12-07 12:41:00,2009-12-04 15:27:00,United Kingdom,282.07,1,734,5,3,3,11,Active
14088,64036.8,16,2011-11-29 16:16:00,2010-10-14 19:46:00,United Kingdom,4002.3,9,420,5,5,5,15,Active
14089,161.0,1,2011-10-14 10:38:00,2011-10-14 10:38:00,United Kingdom,161.0,55,55,4,1,1,6,Active
14090,76.32,1,2011-01-19 10:51:00,2011-01-19 10:51:00,United Kingdom,76.32,323,323,2,1,1,4,Lapsed
14091,9530.08,2,2010-02-23 15:17:00,2010-01-10 13:41:00,United Kingdom,4765.04,653,697,1,2,5,8,Lapsed
14092,7229.45,24,2011-12-02 12:13:00,2009-12-16 16:24:00,United Kingdom,301.23,6,722,5,5,5,15,Active
14093,442.85,1,2011-11-27 16:27:00,2011-11-27 16:27:00,United Kingdom,442.85,11,11,5,1,2,8,New
14094,335.22,1,2010-09-26 11:58:00,2010-09-26 11:58:00,United Kingdom,335.22,438,438,1,1,2,4,Lapsed
14095,2.95,1,2009-12-17 12:49:00,2009-12-17 12:49:00,United Kingdom,2.95,721,721,1,1,1,3,Lapsed
14096,65164.79,17,2011-12-05 17:17:00,2011-08-30 10:49:00,United Kingdom,3833.22,3,100,5,5,5,15,Active
14097,422.86,2,2010-08-15 14:20:00,2010-03-04 10:46:00,United Kingdom,211.43,480,644,1,2,2,5,Lapsed
14098,147.35,1,2011-11-03 10:13:00,2011-11-03 10:13:00,United Kingdom,147.35,35,35,4,1,1,6,Active
14099,5765.71,20,2011-11-23 13:53:00,2009-12-10 11:55:00,United Kingdom,288.29,15,728,5,5,5,15,Active
14100,194.9,1,2011-07-25 11:01:00,2011-07-25 11:01:00,United Kingdom,194.9,136,136,3,1,1,5,At Risk
14101,9961.93,13,2011-09-27 12:28:00,2010-03-28 13:36:00,United Kingdom,766.3,72,620,3,5,5,13,Active
14102,1360.28,5,2011-12-04 15:38:00,2011-10-26 12:46:00,United Kingdom,272.06,4,43,5,4,4,13,Active
14104,771.58,5,2011-07-08 12:50:00,2010-05-28 16:11:00,United Kingdom,154.32,153,559,3,4,3,10,At Risk
14105,5988.83,5,2011-04-14 17:58:00,2009-12-18 16:57:00,United Kingdom,1197.77,238,720,2,4,5,11,Lapsed
14106,214.8,1,2009-12-02 14:09:00,2009-12-02 14:09:00,United Kingdom,214.8,736,736,1,1,1,3,Lapsed
14107,4877.3,11,2011-10-19 12:12:00,2009-12-09 14:20:00,United Kingdom,443.39,50,729,4,5,5,14,Active
14108,1044.96,4,2011-11-09 10:41:00,2009-12-01 18:07:00,United Kingdom,261.24,29,737,4,3,3,10,Active
14109,144.2,1,2011-09-28 10:18:00,2011-09-28 10:18:00,United Kingdom,144.2,71,71,3,1,1,5,Active
14110,12987.95,33,2011-12-06 12:26:00,2009-12-01 09:50:00,United Kingdom,393.57,2,737,5,5,5,15,Active
14111,692.85,4,2011-11-25 13:44:00,2011-04-12 11:36:00,United Kingdom,173.21,13,240,5,3,3,11,Active
14112,5834.59,13,2011-11-17 12:30:00,2010-02-23 14:16:00,United Kingdom,448.81,21,653,4,5,5,14,Active
14113,7092.61,16,2011-12-06 12:18:00,2009-12-08 07:42:00,United Kingdom,443.29,2,730,5,5,5,15,Active
14114,1364.09,7,2011-03-11 09:42:00,2010-04-12 11:07:00,United Kingdom,194.87,272,605,2,4,4,10,Lapsed
14115,622.67,2,2010-07-26 12:36:00,2010-02-11 11:44:00,United Kingdom,311.33,500,665,1,2,3,6,Lapsed
14116,1382.74,5,2011-11-20 10:29:00,2011-08-10 12:44:00,United Kingdom,276.55,18,120,4,4,4,12,Active
14117,90.0,1,2011-07-19 09:49:00,2011-07-19 09:49:00,United Kingdom,90.0,142,142,3,1,1,5,At Risk
14118,458.45,1,2010-10-07 11:59:00,2010-10-07 11:59:00,United Kingdom,458.45,427,427,1,1,2,4,Lapsed
14119,183.37,2,2010-11-29 10:33:00,2009-12-21 14:52:00,United Kingdom,91.68,374,717,2,2,1,5,Lapsed
14121,2780.15,4,2011-12-06 12:19:00,2011-10-11 10:39:00,United Kingdom,695.04,2,58,5,3,4,12,Active
14122,362.42,3,2010-10-29 15:11:00,2009-12-02 14:22:00,United Kingdom,120.81,405,736,2,3,2,7,Lapsed
14123,436.18,1,2009-12-06 15:35:00,2009-12-06 15:35:00,United Kingdom,436.18,732,732,1,1,2,4,Lapsed
14124,419.58,1,2011-09-16 13:32:00,2011-09-16 13:32:00,United Kingdom,419.58,83,83,3,1,2,6,Active
14125,2740.43,3,2011-11-29 12:47:00,2011-09-22 15:40:00,United Kingdom,913.48,9,77,5,3,4,12,Active
14126,1172.46,4,2011-12-02 11:45:00,2010-09-21 14:51:00,United Kingdom,293.12,6,443,5,3,3,11,Active
14127,1900.08,6,2011-08-09 10:49:00,2010-10-10 11:53:00,United Kingdom,316.68,121,424,3,4,4,11,At Risk
14128,924.21,3,2011-10-10 12:00:00,2010-06-06 14:05:00,United Kingdom,308.07,59,550,3,3,3,9,Active
14129,2591.34,9,2011-12-08 11:02:00,2010-05-09 14:54:00,United Kingdom,287.93,0,578,5,5,4,14,Active
14130,1882.67,4,2011-01-24 16:05:00,2009-12-11 16:33:00,United Kingdom,470.67,318,727,2,3,4,9,Lapsed
14131,187.87,1,2010-03-01 11:59:00,2010-03-01 11:59:00,United Kingdom,187.87,647,647,1,1,1,3,Lapsed
14132,3586.03,11,2011-12-07 13:35:00,2011-06-09 12:04:00,United Kingdom,326.0,1,182,5,5,5,15,Active
14133,911.14,4,2011-08-02 11:34:00,2009-12-06 12:10:00,United Kingdom,227.78,128,732,3,3,3,9,At Risk
14134,11123.35,15,2010-11-22 12:26:00,2009-12-10 09:25:00,United Kingdom,741.56,381,728,2,5,5,12,Lapsed
14135,9643.92,24,2011-12-08 11:38:00,2009-12-02 08:58:00,United Kingdom,401.83,0,736,5,5,5,15,Active
14136,1570.81,5,2010-11-04 11:53:00,2009-12-08 09:19:00,United Kingdom,314.16,399,730,2,4,4,10,Lapsed
14137,332.7,1,2010-01-13 12:30:00,2010-01-13 12:30:00,United Kingdom,332.7,694,694,1,1,2,4,Lapsed
14138,982.38,2,2011-12-08 12:44:00,2011-10-07 09:38:00,United Kingdom,491.19,0,62,5,2,3,10,Active
14139,1086.8,4,2011-10-24 13:34:00,2010-06-15 09:17:00,United Kingdom,271.7,45,541,4,3,3,10,Active
14140,935.05,2,2011-12-06 09:05:00,2011-11-08 11:20:00,United Kingdom,467.52,2,30,5,2,3,10,Active
14141,915.13,4,2011-12-07 09:53:00,2011-08-26 14:40:00,United Kingdom,228.78,1,104,5,3,3,11,Active
14142,983.15,2,2010-12-01 16:33:00,2010-03-03 15:13:00,United Kingdom,491.58,372,645,2,2,3,7,Lapsed
14143,115.8,1,2011-07-29 09:48:00,2011-07-29 09:48:00,United Kingdom,115.8,132,132,3,1,1,5,At Risk
14144,30.6,1,2010-08-10 15:17:00,2010-08-10 15:17:00,United Kingdom,30.6,485,485,1,1,1,3,Lapsed
14145,7600.05,7,2011-10-24 12:10:00,2010-04-08 09:47:00,United Kingdom,1085.72,45,609,4,4,5,13,Active
14146,9450.3,12,2011-12-01 10:18:00,2010-01-13 16:04:00,United Kingdom,787.52,7,694,5,5,5,15,Active
14147,2590.2,9,2011-09-22 18:10:00,2010-03-09 13:43:00,United Kingdom,287.8,77,639,3,5,4,12,Active
14148,466.29,2,2011-04-20 12:02:00,2010-10-21 14:08:00,United Kingdom,233.14,232,413,2,2,2,6,Lapsed
14149,446.62,1,2011-05-03 09:44:00,2011-05-03 09:44:00,United Kingdom,446.62,219,219,2,1,2,5,Lapsed
14150,658.64,2,2011-11-04 10:05:00,2010-12-15 10:04:00,United Kingdom,329.32,34,358,4,2,3,9,Active
14151,679.45,2,2010-02-04 15:35:00,2009-12-23 10:54:00,United Kingdom,339.72,672,715,1,2,3,6,Lapsed
14152,1997.34,7,2011-09-25 12:54:00,2010-02-18 13:57:00,United Kingdom,285.33,74,658,3,4,4,11,Active
14153,233.4,1,2010-08-13 14:35:00,2010-08-13 14:35:00,United Kingdom,233.4,482,482,1,1,1,3,Lapsed
14154,6460.7,8,2011-04-14 16:26:00,2010-01-13 12:47:00,United Kingdom,807.59,238,694,2,4,5,11,Lapsed
14155,118.75,1,2011-03-18 14:13:00,2011-03-18 14:13:00,United Kingdom,118.75,265,265,2,1,1,4,Lapsed
14156,313946.37,156,2011-11-30 10:54:00,2009-12-01 12:30:00,EIRE,2012.48,8,737,5,5,5,15,Active
14157,1002.78,5,2011-11-20 11:32:00,2010-03-03 16:49:00,United Kingdom,200.56,18,645,4,4,3,11,Active
14158,507.66,1,2011-10-30 15:08:00,2011-10-30 15:08:00,United Kingdom,507.66,39,39,4,1,2,7,Active
14159,7938.01,20,2011-11-20 12:36:00,2009-12-03 12:31:00,United Kingdom,396.9,18,735,4,5,5,14,Active
14160,8421.47,7,2010-04-08 14:30:00,2010-01-10 12:06:00,United Kingdom,1203.07,609,697,1,4,5,10,Lapsed
14161,3318.88,7,2011-05-08 11:41:00,2009-12-13 11:46:00,United Kingdom,474.13,214,725,2,4,5,11,Lapsed
14162,289.36,2,2011-06-19 11:36:00,2011-02-20 12:32:00,United Kingdom,144.68,172,291,3,2,1,6,At Risk
14163,2594.62,5,2011-09-13 15:18:00,2010-09-03 17:15:00,United Kingdom,518.92,86,461,3,4,4,11,Active
14164,1631.77,2,2011-09-30 12:24:00,2011-09-20 12:18:00,United Kingdom,815.88,69,79,3,2,4,9,Active
14165,122.54,1,2011-03-09 12:39:00,2011-03-09 12:39:00,United Kingdom,122.54,274,274,2,1,1,4,Lapsed
14166,256.85,2,2010-07-22 19:42:00,2010-03-23 15:10:00,United Kingdom,128.43,504,625,1,2,1,4,Lapsed
14167,1296.49,8,2011-10-31 14:29:00,2010-01-27 16:07:00,United Kingdom,162.06,38,680,4,4,4,12,Active
14168,370.45,2,2010-10-15 10:49:00,2010-05-24 12:28:00,United Kingdom,185.22,419,563,1,2,2,5,Lapsed
14169,624.43,2,2010-10-05 08:45:00,2010-09-21 13:39:00,United Kingdom,312.21,429,443,1,2,3,6,Lapsed
14170,597.33,3,2010-11-29 13:10:00,2010-11-09 14:06:00,United Kingdom,199.11,374,394,2,3,2,7,Lapsed
14171,498.79,2,2011-09-02 16:43:00,2009-12-09 13:50:00,United Kingdom,249.4,97,729,3,2,2,7,At Risk
14172,402.72,3,2010-04-13 13:26:00,2010-03-07 10:58:00,United Kingdom,134.24,604,641,1,3,2,6,Lapsed
14173,586.0,6,2011-11-29 11:54:00,2009-12-09 12:46:00,United Kingdom,97.67,9,729,5,4,2,11,Active
14174,134.46,1,2011-11-06 13:17:00,2011-11-06 13:17:00,United Kingdom,134.46,32,32,4,1,1,6,Active
14175,7678.88,8,2011-10-11 11:55:00,2010-03-22 10:43:00,United Kingdom,959.86,58,626,3,4,5,12,Active
14176,916.01,5,2011-02-15 13:12:00,2010-11-23 13:21:00,United Kingdom,183.2,296,380,2,4,3,9,Lapsed
14177,2229.34,13,2011-09-14 15:11:00,2010-02-26 11:59:00,United Kingdom,171.49,85,650,3,5,4,12,Active
14178,1620.93,7,2011-12-01 12:01:00,2011-06-10 12:51:00,United Kingdom,231.56,7,181,5,4,4,13,Active
14179,719.78,2,2011-10-30 12:07:00,2011-10-18 14:00:00,United Kingdom,359.89,39,51,4,2,3,9,Active
14180,6319.25,33,2011-11-29 10:56:00,2010-06-09 14:56:00,United Kingdom,191.49,9,547,5,5,5,15,Active
14181,310.55,2,2010-10-25 08:27:00,2010-05-26 12:32:00,United Kingdom,155.28,409,561,1,2,2,5,Lapsed
14182,678.77,4,2010-09-22 11:45:00,2010-04-22 15:36:00,United Kingdom,169.69,442,595,1,3,3,7,Lapsed
14183,286.29,2,2010-10-24 14:45:00,2010-08-15 15:36:00,United Kingdom,143.15,410,480,1,2,1,4,Lapsed
14184,452.89,1,2011-10-04 12:43:00,2011-10-04 12:43:00,United Kingdom,452.89,65,65,3,1,2,6,Active
14185,197.65,1,2011-01-12 13:52:00,2011-01-12 13:52:00,United Kingdom,197.65,330,330,2,1,1,4,Lapsed
14186,1550.63,5,2010-10-08 13:30:00,2010-03-05 11:17:00,United Kingdom,310.13,426,643,1,4,4,9,Lapsed
14187,123.5,1,2010-08-23 12:06:00,2010-08-23 12:06:00,United Kingdom,123.5,472,472,1,1,1,3,Lapsed
14188,2054.36,6,2011-11-09 12:45:00,2011-02-02 13:46:00,United Kingdom,342.39,29,309,4,4,4,12,Active
14189,5814.39,16,2011-12-07 15:55:00,2010-11-16 09:28:00,United Kingdom,363.4,1,387,5,5,5,15,Active
14190,79.9,1,2010-02-11 14:27:00,2010-02-11 14:27:00,United Kingdom,79.9,665,665,1,1,1,3,Lapsed
14191,4817.66,15,2011-12-08 09:23:00,2009-12-11 10:48:00,United Kingdom,321.18,0,727,5,5,5,15,Active
14192,293.74,1,2010-11-16 17:44:00,2010-11-16 17:44:00,United Kingdom,293.74,387,387,2,1,2,5,Lapsed
14193,1210.19,3,2011-10-03 09:34:00,2010-11-08 12:31:00,United Kingdom,403.4,66,395,3,3,3,9,Active
14194,18670.59,36,2011-12-05 10:38:00,2010-01-06 12:16:00,United Kingdom,518.63,3,701,5,5,5,15,Active
14195,2615.6,6,2011-05-22 10:29:00,2010-03-15 17:12:00,United Kingdom,435.93,200,633,2,4,4,10,Lapsed
14196,335.52,1,2011-08-25 10:25:00,2011-08-25 10:25:00,United Kingdom,335.52,105,105,3,1,2,6,At Risk
14197,390.05,1,2010-10-25 10:01:00,2010-10-25 10:01:00,United Kingdom,390.05,409,409,1,1,2,4,Lapsed
14198,1569.73,9,2011-11-21 16:35:00,2010-01-05 10:07:00,United Kingdom,174.41,17,702,5,5,4,14,Active
14199,1091.7,4,2011-05-05 13:44:00,2010-06-27 12:13:00,United Kingdom,272.92,217,529,2,3,3,8,Lapsed
14200,379.2,1,2010-04-01 13:01:00,2010-04-01 13:01:00,United Kingdom,379.2,616,616,1,1,2,4,Lapsed
14201,1193.54,10,2011-10-10 13:27:00,2010-04-30 13:00:00,United Kingdom,119.35,59,587,3,5,3,11,Active
14202,847.76,3,2010-11-23 17:13:00,2010-03-25 10:36:00,United Kingdom,282.59,380,623,2,3,3,8,Lapsed
14203,339.34,1,2010-11-07 13:35:00,2010-11-07 13:35:00,United Kingdom,339.34,396,396,2,1,2,5,Lapsed
14204,1062.96,4,2011-12-07 13:38:00,2009-12-02 13:26:00,United Kingdom,265.74,1,736,5,3,3,11,Active
14205,2414.2,9,2011-11-23 10:55:00,2010-03-07 12:20:00,United Kingdom,268.24,15,641,5,5,4,14,Active
14206,1185.01,3,2011-04-14 16:38:00,2010-11-02 11:37:00,United Kingdom,395.0,238,401,2,3,3,8,Lapsed
14207,157.8,1,2010-01-21 09:33:00,2010-01-21 09:33:00,United Kingdom,157.8,686,686,1,1,1,3,Lapsed
14208,567.05,2,2011-09-06 12:48:00,2010-06-06 13:11:00,United Kingdom,283.52,93,550,3,2,2,7,At Risk
14209,4993.27,15,2011-11-29 10:18:00,2010-01-22 10:28:00,United Kingdom,332.88,9,685,5,5,5,15,Active
14210,5861.52,16,2011-08-26 12:36:00,2010-01-06 10:17:00,United Kingdom,366.34,104,701,3,5,5,13,At Risk
14211,4402.29,18,2011-10-17 13:23:00,2009-12-09 12:48:00,United Kingdom,244.57,52,729,4,5,5,14,Active
14212,2190.14,2,2011-09-11 12:45:00,2010-09-20 11:48:00,United Kingdom,1095.07,88,444,3,2,4,9,Active
14213,1192.2,1,2010-10-31 10:37:00,2010-10-31 10:37:00,United Kingdom,1192.2,403,403,2,1,3,6,Lapsed
14214,1004.38,5,2011-11-09 10:31:00,2011-03-07 12:26:00,United Kingdom,200.88,29,276,4,4,3,11,Active
14215,3416.33,9,2011-11-28 12:19:00,2009-12-08 09:35:00,United Kingdom,379.59,10,730,5,5,5,15,Active
14216,2150.04,5,2011-12-06 14:56:00,2010-10-21 15:07:00,United Kingdom,430.01,2,413,5,4,4,13,Active
14217,3416.89,23,2011-12-08 11:53:00,2010-06-30 12:54:00,United Kingdom,148.56,0,526,5,5,5,15,Active
14218,169.48,1,2011-10-28 10:00:00,2011-10-28 10:00:00,United Kingdom,169.48,41,41,4,1,1,6,Active
14219,633.83,3,2011-12-05 16:23:00,2010-08-03 14:42:00,United Kingdom,211.28,3,492,5,3,3,11,Active
14220,1515.0,4,2011-04-06 13:23:00,2010-05-19 13:26:00,United Kingdom,378.75,246,568,2,3,4,9,Lapsed
14221,6517.49,17,2011-10-28 13:42:00,2010-04-06 14:10:00,United Kingdom,383.38,41,611,4,5,5,14,Active
14222,683.17,1,2011-06-15 16:42:00,2011-06-15 16:42:00,United Kingdom,683.17,176,176,3,1,3,7,At Risk
14223,991.13,3,2011-09-08 13:38:00,2011-03-20 16:02:00,United Kingdom,330.38,91,263,3,3,3,9,At Risk
14224,1897.9,9,2011-08-21 13:24:00,2010-06-13 13:46:00,United Kingdom,210.88,109,543,3,5,4,12,At Risk
14225,2037.02,4,2010-10-01 10:32:00,2010-01-12 15:02:00,United Kingdom,509.26,433,695,1,3,4,8,Lapsed
14226,3002.53,6,2011-11-11 11:34:00,2010-09-24 14:32:00,United Kingdom,500.42,27,440,4,4,5,13,Active
14227,6368.71,15,2011-11-13 15:48:00,2010-02-08 09:38:00,United Kingdom,424.58,25,668,4,5,5,14,Active
14228,745.5,3,2010-09-28 09:45:00,2010-06-11 12:29:00,United Kingdom,248.5,436,545,1,3,3,7,Lapsed
14229,2594.04,7,2011-10-19 10:04:00,2010-08-25 11:47:00,United Kingdom,370.58,50,470,4,4,4,12,Active
14230,979.8,3,2010-09-30 09:07:00,2010-06-09 13:56:00,United Kingdom,326.6,434,547,1,3,3,7,Lapsed
14231,1235.62,4,2011-06-09 11:05:00,2010-09-15 09:52:00,United Kingdom,308.9,182,449,3,3,3,9,Lapsed
14232,2048.07,5,2011-10-28 11:09:00,2011-03-20 12:44:00,United Kingdom,409.61,41,263,4,4,4,12,Active
14233,2904.27,7,2011-10-21 15:54:00,2010-03-05 16:35:00,United Kingdom,414.9,48,643,4,4,4,12,Active
14234,775.46,4,2011-11-17 17:53:00,2011-10-13 13:58:00,United Kingdom,193.86,21,56,4,3,3,10,Active
14235,4717.99,9,2011-09-25 14:37:00,2010-03-30 13:36:00,United Kingdom,524.22,74,618,3,5,5,13,Active
14236,1744.64,5,2011-09-20 09:13:00,2010-07-22 14:27:00,United Kingdom,348.93,79,504,3,4,4,11,Active
14237,632.14,2,2010-12-01 13:20:00,2010-04-28 10:04:00,United Kingdom,316.07,372,589,2,2,3,7,Lapsed
14238,434.23,3,2011-01-17 14:40:00,2009-12-05 10:58:00,United Kingdom,144.74,325,733,2,3,2,7,Lapsed
14239,4263.17,21,2011-10-27 14:40:00,2009-12-05 12:36:00,United Kingdom,203.01,42,733,4,5,5,14,Active
14240,1247.49,3,2011-11-09 13:45:00,2010-10-12 12:48:00,United Kingdom,415.83,29,422,4,3,3,10,Active
14241,333.7,2,2011-06-09 11:46:00,2010-01-12 15:11:00,United Kingdom,166.85,182,695,3,2,2,7,Lapsed
14242,280.55,2,2011-04-19 11:46:00,2011-01-18 08:53:00,United Kingdom,140.28,233,324,2,2,1,5,Lapsed
14243,7431.05,17,2011-12-01 11:12:00,2010-08-20 13:41:00,United Kingdom,437.12,7,475,5,5,5,15,Active
14244,366.42,1,2010-02-17 11:40:00,2010-02-17 11:40:00,United Kingdom,366.42,659,659,1,1,2,4,Lapsed
14245,1693.45,2,2011-05-04 08:40:00,2011-03-21 10:41:00,United Kingdom,846.72,218,262,2,2,4,8,Lapsed
14246,1474.06,3,2011-08-21 11:50:00,2011-04-08 08:25:00,United Kingdom,491.35,109,244,3,3,4,10,At Risk
14247,772.66,5,2011-03-06 15:21:00,2010-06-06 15:07:00,United Kingdom,154.53,277,550,2,4,3,9,Lapsed
14248,1032.95,3,2011-01-25 14:45:00,2010-07-12 14:27:00,United Kingdom,344.32,317,514,2,3,3,8,Lapsed
14249,5625.46,12,2010-10-25 12:34:00,2010-01-29 14:21:00,United Kingdom,468.79,409,678,1,5,5,11,Lapsed
14250,1904.05,3,2011-12-02 14:30:00,2011-09-11 13:44:00,United Kingdom,634.68,6,88,5,3,4,12,Active
14251,2879.7,5,2011-12-08 08:32:00,2011-10-13 12:46:00,United Kingdom,575.94,0,56,5,4,4,13,Active
14252,350.99,1,2010-11-23 13:36:00,2010-11-23 13:36:00,United Kingdom,350.99,380,380,2,1,2,5,Lapsed
14253,363.4,2,2010-08-03 14:55:00,2010-03-26 15:08:00,United Kingdom,181.7,492,622,1,2,2,5,Lapsed
14254,601.03,1,2010-10-03 11:52:00,2010-10-03 11:52:00,United Kingdom,601.03,431,431,1,1,2,4,Lapsed
14255,1000.63,1,2010-06-11 15:54:00,2010-06-11 15:54:00,United Kingdom,1000.63,545,545,1,1,3,5,Lapsed
14256,2473.99,5,2011-03-24 13:17:00,2010-01-14 10:35:00,United Kingdom,494.8,259,693,2,4,4,10,Lapsed
14257,5954.45,9,2011-10-06 16:54:00,2010-03-01 15:36:00,United Kingdom,661.61,63,647,3,5,5,13,Active
14258,32051.34,25,2011-11-30 15:27:00,2009-12-04 08:36:00,United Kingdom,1282.05,8,734,5,5,5,15,Active
14259,120.0,1,2011-07-21 10:44:00,2011-07-21 10:44:00,United Kingdom,120.0,140,140,3,1,1,5,At Risk
14260,824.28,3,2010-08-25 14:55:00,2010-06-09 11:23:00,United Kingdom,274.76,470,547,1,3,3,7,Lapsed
14261,1163.45,2,2011-10-20 10:04:00,2011-09-22 10:47:00,United Kingdom,581.72,49,77,4,2,3,9,Active
14262,2618.23,8,2011-12-01 14:17:00,2011-04-13 12:23:00,United Kingdom,327.28,7,239,5,4,4,13,Active
14263,322.93,1,2010-10-12 14:09:00,2010-10-12 14:09:00,United Kingdom,322.93,422,422,1,1,2,4,Lapsed
14264,1517.36,6,2011-07-08 10:20:00,2010-04-07 13:21:00,United Kingdom,252.89,153,610,3,4,4,11,At Risk
14265,1373.35,4,2011-08-22 13:32:00,2010-04-06 14:39:00,Unspecified,343.34,108,611,3,3,4,10,At Risk
14266,40.56,1,2010-10-07 13:32:00,2010-10-07 13:32:00,United Kingdom,40.56,427,427,1,1,1,3,Lapsed
14267,1516.24,3,2011-06-30 10:09:00,2011-03-24 11:38:00,United Kingdom,505.41,161,259,3,3,4,10,At Risk
14268,354.85,1,2010-08-26 10:45:00,2010-08-26 10:45:00,United Kingdom,354.85,469,469,1,1,2,4,Lapsed
14269,295.73,1,2010-09-26 12:53:00,2010-09-26 12:53:00,United Kingdom,295.73,438,438,1,1,2,4,Lapsed
14270,492.65,1,2011-01-12 09:33:00,2011-01-12 09:33:00,United Kingdom,492.65,330,330,2,1,2,5,Lapsed
14271,219.13,2,2011-04-28 12:47:00,2010-10-26 17:01:00,United Kingdom,109.56,224,408,2,2,1,5,Lapsed
14272,920.81,4,2011-09-27 10:08:00,2010-05-06 14:01:00,United Kingdom,230.2,72,581,3,3,3,9,Active
14273,559.97,4,2011-10-19 13:20:00,2011-04-11 13:24:00,United Kingdom,139.99,50,241,4,3,2,9,Active
14274,256.6,1,2010-01-22 12:51:00,2010-01-22 12:51:00,United Kingdom,256.6,685,685,1,1,1,3,Lapsed
14275,1189.38,6,2010-11-09 09:06:00,2010-04-11 12:32:00,United Kingdom,198.23,394,606,2,4,3,9,Lapsed
14276,2102.68,7,2011-09-02 09:45:00,2010-02-17 13:10:00,United Kingdom,300.38,97,659,3,4,4,11,At Risk
14277,17225.81,9,2011-11-24 15:01:00,2009-12-13 15:43:00,France,1913.98,14,725,5,5,5,15,Active
14278,205.83,1,2010-10-26 12:07:00,2010-10-26 12:07:00,United Kingdom,205.83,408,408,2,1,1,4,Lapsed
14279,191.86,2,2010-07-07 08:42:00,2010-01-27 16:34:00,United Kingdom,95.93,519,680,1,2,1,4,Lapsed
14280,134.04,1,2011-05-27 10:37:00,2011-05-27 10:37:00,United Kingdom,134.04,195,195,2,1,1,4,Lapsed
14281,245.15,1,2010-10-27 14:45:00,2010-10-27 14:45:00,United Kingdom,245.15,407,407,2,1,1,4,Lapsed
14282,7849.66,25,2011-12-06 17:04:00,2010-02-15 11:22:00,United Kingdom,313.99,2,661,5,5,5,15,Active
14283,628.44,4,2010-09-02 14:46:00,2010-05-19 12:22:00,United Kingdom,157.11,462,568,1,3,3,7,Lapsed
14284,1299.65,3,2011-11-09 08:11:00,2010-02-24 12:06:00,United Kingdom,433.22,29,652,4,3,4,11,Active
14285,3284.42,8,2011-11-18 14:50:00,2009-12-08 14:13:00,United Kingdom,410.55,20,730,4,4,5,13,Active
14286,8479.76,7,2011-11-16 10:34:00,2009-12-04 08:40:00,United Kingdom,1211.39,22,734,4,4,5,13,Active
14287,176.63,3,2011-12-01 13:25:00,2011-05-25 11:41:00,United Kingdom,58.88,7,197,5,3,1,9,Active
14288,426.6,1,2011-05-10 13:22:00,2011-05-10 13:22:00,United Kingdom,426.6,212,212,2,1,2,5,Lapsed
14289,911.26,6,2011-12-01 11:44:00,2011-02-23 12:33:00,United Kingdom,151.88,7,288,5,4,3,12,Active
14290,4516.56,8,2011-11-28 14:02:00,2009-12-08 11:44:00,United Kingdom,564.57,10,730,5,4,5,14,Active
14291,7904.1,23,2011-12-08 10:26:00,2009-12-09 10:46:00,United Kingdom,343.66,0,729,5,5,5,15,Active
14292,9226.25,16,2011-12-02 11:50:00,2010-03-19 11:10:00,United Kingdom,576.64,6,629,5,5,5,15,Active
14293,3267.93,9,2011-12-06 15:17:00,2009-12-10 10:57:00,United Kingdom,363.1,2,728,5,5,5,15,Active
14294,375.34,1,2010-10-28 16:25:00,2010-10-28 16:25:00,United Kingdom,375.34,406,406,2,1,2,5,Lapsed
14295,2362.91,5,2011-10-30 15:50:00,2009-12-08 09:49:00,United Kingdom,472.58,39,730,4,4,4,12,Active
14296,456.4,2,2010-10-14 14:14:00,2010-05-14 14:34:00,United Kingdom,228.2,420,573,1,2,2,5,Lapsed
14297,1305.33,4,2011-11-22 09:06:00,2011-03-10 08:31:00,United Kingdom,326.33,16,273,5,3,4,12,Active
14298,91194.49,82,2011-12-01 13:12:00,2009-12-11 13:49:00,United Kingdom,1112.13,7,727,5,5,5,15,Active
14299,14499.49,27,2011-12-01 16:05:00,2009-12-02 10:58:00,United Kingdom,537.02,7,736,5,5,5,15,Active
14300,43.2,1,2011-11-21 08:57:00,2011-11-21 08:57:00,United Kingdom,43.2,17,17,5,1,1,7,New
14301,1992.18,4,2011-08-14 15:33:00,2010-02-11 13:07:00,United Kingdom,498.04,116,665,3,3,4,10,At Risk
14302,742.9,3,2010-10-05 08:10:00,2009-12-02 08:16:00,United Kingdom,247.63,429,736,1,3,3,7,Lapsed
14303,277.94,2,2010-10-28 15:37:00,2010-10-01 10:31:00,United Kingdom,138.97,406,433,2,2,1,5,Lapsed
14304,1725.01,3,2011-05-01 11:50:00,2010-05-18 10:50:00,United Kingdom,575.0,221,569,2,3,4,9,Lapsed
14305,1858.96,3,2011-09-29 15:29:00,2011-07-27 14:14:00,United Kingdom,619.65,70,134,3,3,4,10,Active
14306,3151.4,6,2011-10-19 13:23:00,2010-01-31 13:42:00,United Kingdom,525.23,50,676,4,4,5,13,Active
14307,5071.03,10,2011-09-12 09:38:00,2009-12-07 13:06:00,United Kingdom,507.1,87,731,3,5,5,13,Active
14308,1147.02,2,2010-06-08 16:48:00,2010-06-08 16:39:00,United Kingdom,573.51,548,548,1,2,3,6,Lapsed
14309,3780.81,11,2011-12-01 13:33:00,2010-06-07 10:24:00,United Kingdom,343.71,7,549,5,5,5,15,Active
14310,492.1,1,2010-10-03 12:34:00,2010-10-03 12:34:00,United Kingdom,492.1,431,431,1,1,2,4,Lapsed
14311,516.45,2,2011-04-11 10:14:00,2010-05-21 10:28:00,United Kingdom,258.23,241,566,2,2,2,6,Lapsed
14312,3090.29,11,2011-10-24 09:46:00,2010-07-23 15:05:00,United Kingdom,280.94,45,503,4,5,5,14,Active
14314,229.8,2,2011-08-25 10:39:00,2010-10-05 08:00:00,United Kingdom,114.9,105,429,3,2,1,6,At Risk
14315,3197.82,8,2011-10-26 12:06:00,2010-03-15 12:49:00,United Kingdom,399.73,43,633,4,4,5,13,Active
14316,1370.34,5,2010-10-13 16:31:00,2010-03-19 15:18:00,United Kingdom,274.07,421,629,1,4,4,9,Lapsed
14317,508.58,1,2011-10-06 10:44:00,2011-10-06 10:44:00,United Kingdom,508.58,63,63,3,1,2,6,Active
14318,158.02,1,2010-09-05 15:32:00,2010-09-05 15:32:00,United Kingdom,158.02,459,459,1,1,1,3,Lapsed
14319,494.85,1,2010-10-11 13:38:00,2010-10-11 13:38:00,United Kingdom,494.85,423,423,1,1,2,4,Lapsed
14320,1346.75,5,2011-05-17 09:24:00,2010-01-21 11:44:00,United Kingdom,269.35,205,686,2,4,4,10,Lapsed
14321,2218.06,7,2011-11-29 09:47:00,2010-08-23 12:56:00,United Kingdom,316.87,9,472,5,4,4,13,Active
14322,474.1,4,2010-10-06 15:17:00,2010-02-18 08:49:00,United Kingdom,118.52,428,658,1,3,2,6,Lapsed
14323,605.06,2,2011-08-17 11:37:00,2011-04-15 11:44:00,United Kingdom,302.53,113,237,3,2,2,7,At Risk
14324,701.61,2,2010-10-26 11:44:00,2010-01-15 13:31:00,United Kingdom,350.8,408,692,2,2,3,7,Lapsed
14325,245.48,1,2010-05-19 09:20:00,2010-05-19 09:20:00,United Kingdom,245.48,568,568,1,1,1,3,Lapsed
14326,940.98,3,2011-04-11 15:04:00,2010-06-25 12:10:00,United Kingdom,313.66,241,531,2,3,3,8,Lapsed
14327,1894.93,6,2011-06-29 13:58:00,2010-01-08 14:04:00,United Kingdom,315.82,162,699,3,4,4,11,At Risk
14328,445.05,1,2010-09-27 16:01:00,2010-09-27 16:01:00,United Kingdom,445.05,437,437,1,1,2,4,Lapsed
14329,9927.22,15,2011-11-22 15:50:00,2009-12-16 15:31:00,United Kingdom,661.81,16,722,5,5,5,15,Active
14330,200.63,1,2010-03-26 09:10:00,2010-03-26 09:10:00,United Kingdom,200.63,622,622,1,1,1,3,Lapsed
14331,462.66,2,2011-08-07 13:17:00,2011-07-27 15:14:00,United Kingdom,231.33,123,134,3,2,2,7,At Risk
14332,1943.51,5,2011-11-17 11:54:00,2010-10-19 13:01:00,United Kingdom,388.7,21,415,4,4,4,12,Active
14333,415.2,1,2011-10-03 10:38:00,2011-10-03 10:38:00,United Kingdom,415.2,66,66,3,1,2,6,Active
14334,4318.48,12,2011-11-23 10:01:00,2010-05-20 10:04:00,United Kingdom,359.87,15,567,5,5,5,15,Active
14335,468.26,2,2011-11-23 13:41:00,2011-09-04 13:07:00,Germany,234.13,15,95,5,2,2,9,Active
14336,1614.91,4,2011-11-23 11:40:00,2011-03-08 16:48:00,United Kingdom,403.73,15,275,5,3,4,12,Active
14338,928.1,3,2011-07-01 14:08:00,2010-06-21 10:32:00,United Kingdom,309.37,160,535,3,3,3,9,At Risk
14339,620.27,2,2011-04-11 11:06:00,2010-10-07 08:50:00,United Kingdom,310.14,241,427,2,2,3,7,Lapsed
14340,134.7,1,2011-05-05 09:44:00,2011-05-05 09:44:00,United Kingdom,134.7,217,217,2,1,1,4,Lapsed
14341,4467.32,18,2011-10-25 15:48:00,2009-12-01 12:20:00,United Kingdom,248.18,44,737,4,5,5,14,Active
14342,918.44,6,2011-11-18 13:21:00,2010-08-24 13:03:00,United Kingdom,153.07,20,471,4,4,3,11,Active
14343,1088.91,4,2010-10-14 13:05:00,2010-01-18 16:47:00,United Kingdom,272.23,420,689,1,3,3,7,Lapsed
14344,3333.7,20,2011-08-04 13:51:00,2010-03-23 15:47:00,United Kingdom,166.68,126,625,3,5,5,13,At Risk
14345,108.98,1,2011-11-01 09:51:00,2011-11-01 09:51:00,United Kingdom,108.98,37,37,4,1,1,6,Active
14346,2315.75,5,2011-08-11 09:47:00,2010-07-30 10:44:00,United Kingdom,463.15,119,496,3,4,4,11,At Risk
14347,82.6,1,2009-12-03 10:49:00,2009-12-03 10:49:00,United Kingdom,82.6,735,735,1,1,1,3,Lapsed
14348,409.57,1,2011-03-24 16:23:00,2011-03-24 16:23:00,United Kingdom,409.57,259,259,2,1,2,5,Lapsed
14349,133.5,1,2011-11-29 15:39:00,2011-11-29 15:39:00,United Kingdom,133.5,9,9,5,1,1,7,New
14350,972.03,3,2011-03-10 14:14:00,2010-10-05 15:52:00,United Kingdom,324.01,273,429,2,3,3,8,Lapsed
14351,51.0,1,2011-06-28 11:56:00,2011-06-28 11:56:00,United Kingdom,51.0,163,163,3,1,1,5,At Risk
14352,1078.96,4,2011-07-05 15:41:00,2011-03-11 14:58:00,United Kingdom,269.74,156,272,3,3,3,9,At Risk
14353,376.5,3,2011-05-08 16:06:00,2010-10-04 12:38:00,United Kingdom,125.5,214,430,2,3,2,7,Lapsed
14354,163.62,2,2011-12-04 11:32:00,2011-11-09 15:36:00,United Kingdom,81.81,4,29,5,2,1,8,Active
14355,1014.45,3,2010-12-09 12:16:00,2010-03-22 15:08:00,United Kingdom,338.15,364,626,2,3,3,8,Lapsed
14356,701.23,2,2011-09-21 09:18:00,2011-09-19 14:43:00,United Kingdom,350.62,78,80,3,2,3,8,Active
14357,225.77,1,2011-10-27 16:23:00,2011-10-27 16:23:00,United Kingdom,225.77,42,42,4,1,1,6,Active
14358,400.06,2,2010-11-15 15:51:00,2010-10-07 17:26:00,United Kingdom,200.03,388,427,2,2,2,6,Lapsed
14359,912.18,3,2011-11-20 13:17:00,2011-09-13 09:03:00,United Kingdom,304.06,18,86,4,3,3,10,Active
14360,2128.23,4,2011-11-08 09:12:00,2011-09-06 11:58:00,United Kingdom,532.06,30,93,4,3,4,11,Active
14361,214.71,1,2010-05-10 12:29:00,2010-05-10 12:29:00,United Kingdom,214.71,577,577,1,1,1,3,Lapsed
14362,161.2,1,2011-11-17 15:08:00,2011-11-17 15:08:00,United Kingdom,161.2,21,21,4,1,1,6,New
14363,227.47,2,2010-11-02 17:01:00,2010-09-14 14:39:00,United Kingdom,113.74,401,450,2,2,1,5,Lapsed
14364,3717.35,8,2011-08-23 11:01:00,2011-05-12 12:56:00,United Kingdom,464.67,107,210,3,4,5,12,At Risk
14365,634.68,2,2010-11-10 09:52:00,2010-01-27 09:44:00,United Kingdom,317.34,393,680,2,2,3,7,Lapsed
14366,136.0,1,2010-07-02 17:23:00,2010-07-02 17:23:00,United Kingdom,136.0,524,524,1,1,1,3,Lapsed
14367,9261.52,16,2011-12-01 13:19:00,2011-03-08 14:12:00,United Kingdom,578.84,7,275,5,5,5,15,Active
14368,155.0,1,2011-01-24 09:52:00,2011-01-24 09:52:00,United Kingdom,155.0,318,318,2,1,1,4,Lapsed
14369,469.13,2,2010-03-07 15:47:00,2010-02-16 10:28:00,United Kingdom,234.56,641,660,1,2,2,5,Lapsed
14370,1175.78,6,2010-09-15 10:53:00,2010-02-01 08:35:00,United Kingdom,195.96,449,675,1,4,3,8,Lapsed
14371,100.5,1,2011-02-17 16:35:00,2011-02-17 16:35:00,United Kingdom,100.5,294,294,2,1,1,4,Lapsed
14372,860.08,2,2010-09-22 16:17:00,2010-04-19 15:57:00,United Kingdom,430.04,442,598,1,2,3,6,Lapsed
14373,76.55,1,2010-12-16 15:40:00,2010-12-16 15:40:00,United Kingdom,76.55,357,357,2,1,1,4,Lapsed
14374,108.0,1,2010-06-16 14:25:00,2010-06-16 14:25:00,United Kingdom,108.0,540,540,1,1,1,3,Lapsed
14375,1132.99,3,2011-06-07 13:44:00,2010-06-16 14:34:00,United Kingdom,377.66,184,540,3,3,3,9,Lapsed
14376,215.46,1,2010-01-25 15:36:00,2010-01-25 15:36:00,United Kingdom,215.46,682,682,1,1,1,3,Lapsed
14377,617.05,2,2011-06-01 13:32:00,2011-03-22 13:38:00,United Kingdom,308.52,190,261,2,2,2,6,Lapsed
14378,131.25,1,2010-03-28 12:22:00,2010-03-28 12:22:00,United Kingdom,131.25,620,620,1,1,1,3,Lapsed
14379,1268.91,4,2011-10-26 16:43:00,2010-08-16 15:31:00,United Kingdom,317.23,43,479,4,3,4,11,Active
14380,48.96,1,2010-01-26 17:11:00,2010-01-26 17:11:00,United Kingdom,48.96,681,681,1,1,1,3,Lapsed
14381,631.34,2,2011-10-18 17:10:00,2010-09-14 16:15:00,United Kingdom,315.67,51,450,4,2,3,9,Active
14382,1246.8,2,2011-11-13 16:18:00,2010-11-14 16:32:00,United Kingdom,623.4,25,389,4,2,3,9,Active
14383,1247.69,3,2011-11-01 15:53:00,2011-06-29 10:18:00,United Kingdom,415.9,37,162,4,3,3,10,Active
14384,58.5,1,2010-07-27 09:53:00,2010-07-27 09:53:00,United Kingdom,58.5,499,499,1,1,1,3,Lapsed
14385,202.11,3,2011-11-30 15:36:00,2011-11-16 11:55:00,United Kingdom,67.37,8,22,5,3,1,9,Active
14386,142.4,1,2011-02-16 09:45:00,2011-02-16 09:45:00,United Kingdom,142.4,295,295,2,1,1,4,Lapsed
14387,1770.56,3,2011-11-07 12:29:00,2011-08-22 14:13:00,United Kingdom,590.19,31,108,4,3,4,11,Active
14388,6701.0,16,2011-11-29 13:32:00,2010-01-20 11:54:00,United Kingdom,418.81,9,687,5,5,5,15,Active
14389,1898.01,5,2011-10-05 15:17:00,2010-04-28 14:57:00,United Kingdom,379.6,64,589,3,4,4,11,Active
14390,6399.83,13,2011-11-29 13:49:00,2010-10-10 14:30:00,United Kingdom,492.29,9,424,5,5,5,15,Active
14391,135.6,1,2010-05-12 09:42:00,2010-05-12 09:42:00,United Kingdom,135.6,575,575,1,1,1,3,Lapsed
14392,266.4,1,2010-10-03 12:56:00,2010-10-03 12:56:00,United Kingdom,266.4,431,431,1,1,1,3,Lapsed
14393,67.95,1,2011-05-05 18:16:00,2011-05-05 18:16:00,United Kingdom,67.95,217,217,2,1,1,4,Lapsed
14394,93.8,1,2010-05-24 10:43:00,2010-05-24 10:43:00,United Kingdom,93.8,563,563,1,1,1,3,Lapsed
14395,8208.01,20,2011-12-07 14:34:00,2010-04-18 13:12:00,United Kingdom,410.4,1,599,5,5,5,15,Active
14396,2121.93,7,2011-10-05 16:09:00,2009-12-02 14:21:00,United Kingdom,303.13,64,736,3,4,4,11,Active
14397,2612.96,19,2011-12-07 09:22:00,2011-05-10 12:25:00,United Kingdom,137.52,1,212,5,5,4,14,Active
14398,707.79,2,2010-11-03 13:46:00,2010-06-30 11:57:00,United Kingdom,353.9,400,526,2,2,3,7,Lapsed
14399,2113.16,8,2010-11-10 13:23:00,2010-02-03 13:09:00,United Kingdom,264.14,393,673,2,4,4,10,Lapsed
14400,1732.47,3,2011-07-13 15:50:00,2010-03-18 12:11:00,United Kingdom,577.49,148,630,3,3,4,10,At Risk
14401,6795.9,22,2011-12-05 13:30:00,2009-12-14 13:22:00,United Kingdom,308.9,3,724,5,5,5,15,Active
14402,285.6,1,2010-02-25 13:20:00,2010-02-25 13:20:00,United Kingdom,285.6,651,651,1,1,1,3,Lapsed
14403,1880.51,6,2011-08-01 12:57:00,2010-03-10 14:00:00,United Kingdom,313.42,129,638,3,4,4,11,At Risk
14404,2899.11,13,2011-11-06 12:30:00,2009-12-20 14:40:00,United Kingdom,223.01,32,718,4,5,4,13,Active
14405,195.0,1,2010-11-18 11:40:00,2010-11-18 11:40:00,United Kingdom,195.0,385,385,2,1,1,4,Lapsed
14406,156.75,1,2011-08-12 16:54:00,2011-08-12 16:54:00,United Kingdom,156.75,118,118,3,1,1,5,At Risk
14407,2157.73,6,2011-08-24 14:02:00,2011-03-08 11:59:00,United Kingdom,359.62,106,275,3,4,4,11,At Risk
14408,4109.77,11,2011-11-29 11:41:00,2009-12-07 12:18:00,United Kingdom,373.62,9,731,5,5,5,15,Active
14409,3756.09,9,2011-09-29 18:18:00,2010-05-21 16:45:00,United Kingdom,417.34,70,566,3,5,5,13,Active
14410,2651.14,11,2011-09-08 15:08:00,2010-09-28 15:46:00,United Kingdom,241.01,91,436,3,5,4,12,At Risk
14411,1063.0,1,2011-02-02 10:56:00,2011-02-02 10:56:00,United Kingdom,1063.0,309,309,2,1,3,6,Lapsed
14412,1426.19,3,2011-10-28 10:45:00,2010-10-11 12:33:00,United Kingdom,475.4,41,423,4,3,4,11,Active
14413,770.37,4,2010-12-12 13:37:00,2010-01-19 14:27:00,United Kingdom,192.59,361,688,2,3,3,8,Lapsed
14414,2399.33,8,2011-09-09 12:09:00,2010-11-30 10:12:00,United Kingdom,299.92,90,373,3,4,4,11,Active
14415,12091.6,23,2011-12-08 14:38:00,2009-12-16 14:08:00,United Kingdom,525.72,0,722,5,5,5,15,Active
14416,490.22,2,2011-11-17 15:22:00,2011-10-28 15:10:00,United Kingdom,245.11,21,41,4,2,2,8,Active
14417,604.2,1,2010-11-17 10:55:00,2010-11-17 10:55:00,United Kingdom,604.2,386,386,2,1,2,5,Lapsed
14418,1937.25,3,2011-12-06 11:39:00,2011-08-23 17:18:00,United Kingdom,645.75,2,107,5,3,4,12,Active
14419,1260.91,7,2011-11-29 11:22:00,2010-11-22 11:09:00,United Kingdom,180.13,9,381,5,4,4,13,Active
14420,1639.17,4,2011-09-01 18:07:00,2010-01-17 12:41:00,United Kingdom,409.79,98,690,3,3,4,10,At Risk
14421,2469.37,6,2011-10-13 13:24:00,2010-01-17 11:30:00,United Kingdom,411.56,56,690,4,4,4,12,Active
14422,10271.52,19,2011-12-09 11:26:00,2009-12-17 12:12:00,United Kingdom,540.61,-1,721,5,5,5,15,Active
14423,916.61,3,2011-05-05 15:12:00,2010-01-14 11:49:00,United Kingdom,305.54,217,693,2,3,3,8,Lapsed
14424,322.08,1,2011-11-22 11:48:00,2011-11-22 11:48:00,United Kingdom,322.08,16,16,5,1,2,8,New
14425,661.39,3,2010-10-01 10:24:00,2009-12-02 11:31:00,United Kingdom,220.46,433,736,1,3,3,7,Lapsed
14426,11727.94,17,2011-11-16 12:25:00,2010-03-04 14:36:00,United Kingdom,689.88,22,644,4,5,5,14,Active
14427,1263.52,4,2011-10-20 14:23:00,2010-03-18 09:49:00,United Kingdom,315.88,49,630,4,3,4,11,Active
14428,1244.83,5,2011-12-02 13:17:00,2011-01-18 16:39:00,United Kingdom,248.97,6,324,5,4,3,12,Active
14429,516.28,1,2010-11-01 10:08:00,2010-11-01 10:08:00,United Kingdom,516.28,402,402,2,1,2,5,Lapsed
14430,1220.9,3,2010-07-16 11:35:00,2010-04-11 15:59:00,United Kingdom,406.97,510,606,1,3,3,7,Lapsed
14431,2614.2,4,2011-02-10 10:40:00,2010-01-21 10:49:00,United Kingdom,653.55,301,686,2,3,4,9,Lapsed
14432,2255.51,6,2011-11-30 08:04:00,2011-09-11 14:09:00,United Kingdom,375.92,8,88,5,4,4,13,Active
14433,289.6,1,2010-08-31 12:35:00,2010-08-31 12:35:00,United Kingdom,289.6,464,464,1,1,1,3,Lapsed
14434,1372.8,6,2011-11-18 08:56:00,2011-09-28 15:31:00,United Kingdom,228.8,20,71,4,4,4,12,Active
14435,90.42,1,2010-07-26 12:33:00,2010-07-26 12:33:00,United Kingdom,90.42,500,500,1,1,1,3,Lapsed
14436,271.7,2,2011-09-02 10:13:00,2010-06-04 11:32:00,United Kingdom,135.85,97,552,3,2,1,6,At Risk
14437,958.84,5,2010-12-09 09:27:00,2010-05-05 12:20:00,United Kingdom,191.77,364,582,2,4,3,9,Lapsed
14438,131.9,1,2011-02-06 14:56:00,2011-02-06 14:56:00,United Kingdom,131.9,305,305,2,1,1,4,Lapsed
14439,9443.04,5,2011-01-24 11:39:00,2010-01-21 14:01:00,Greece,1888.61,318,686,2,4,5,11,Lapsed
14440,6638.73,13,2011-12-01 15:42:00,2009-12-02 12:13:00,United Kingdom,510.67,7,736,5,5,5,15,Active
14441,4611.69,11,2011-12-09 09:07:00,2010-01-18 10:40:00,United Kingdom,419.24,-1,689,5,5,5,15,Active
14442,5367.02,7,2011-05-19 11:36:00,2010-01-18 12:59:00,Channel Islands,766.72,203,689,2,4,5,11,Lapsed
14443,2386.47,5,2011-10-17 10:10:00,2010-11-25 14:18:00,United Kingdom,477.29,52,378,4,4,4,12,Active
14444,132.04,1,2010-09-09 18:56:00,2010-09-09 18:56:00,United Kingdom,132.04,455,455,1,1,1,3,Lapsed
14445,221.65,1,2010-09-10 11:09:00,2010-09-10 11:09:00,United Kingdom,221.65,454,454,1,1,1,3,Lapsed
14446,1241.31,5,2011-12-09 11:34:00,2010-11-18 12:08:00,United Kingdom,248.26,-1,385,5,4,3,12,Active
14447,1711.73,6,2011-11-21 08:28:00,2010-11-04 13:32:00,United Kingdom,285.29,17,399,5,4,4,13,Active
14448,375.35,2,2011-11-30 13:50:00,2010-12-10 17:26:00,United Kingdom,187.68,8,363,5,2,2,9,Active
14449,2482.8,8,2011-11-21 12:06:00,2010-09-29 13:15:00,United Kingdom,310.35,17,435,5,4,4,13,Active
14450,1128.44,7,2011-06-12 10:46:00,2010-04-08 12:09:00,United Kingdom,161.21,179,609,3,4,3,10,At Risk
14451,3308.77,12,2011-10-10 13:38:00,2010-01-17 10:35:00,United Kingdom,275.73,59,690,3,5,5,13,Active
14452,665.59,4,2011-11-29 12:06:00,2010-07-06 13:13:00,United Kingdom,166.4,9,520,5,3,3,11,Active
14453,119.93,1,2011-06-02 14:15:00,2011-06-02 14:15:00,United Kingdom,119.93,189,189,2,1,1,4,Lapsed
14454,977.3,5,2010-11-28 13:26:00,2009-12-06 12:56:00,United Kingdom,195.46,375,732,2,4,3,9,Lapsed
14455,628.21,4,2010-10-03 15:48:00,2010-08-01 13:26:00,United Kingdom,157.05,431,494,1,3,3,7,Lapsed
14456,3062.4,9,2011-12-04 13:59:00,2011-07-20 13:06:00,United Kingdom,340.27,4,141,5,5,5,15,Active
14457,113.64,1,2011-02-02 09:39:00,2011-02-02 09:39:00,United Kingdom,113.64,309,309,2,1,1,4,Lapsed
14458,237.42,1,2010-11-24 12:43:00,2010-11-24 12:43:00,United Kingdom,237.42,379,379,2,1,1,4,Lapsed
14459,5375.74,2,2011-07-07 13:35:00,2010-02-26 13:26:00,United Kingdom,2687.87,154,650,3,2,5,10,At Risk
14460,1093.5,9,2011-08-21 14:19:00,2009-12-15 19:06:00,United Kingdom,121.5,109,723,3,5,3,11,At Risk
14461,6713.5,13,2011-07-14 17:11:00,2010-01-18 12:48:00,United Kingdom,516.42,147,689,3,5,5,13,At Risk
14462,2270.01,12,2011-10-04 15:55:00,2010-10-03 14:13:00,United Kingdom,189.17,65,431,3,5,4,12,Active
14463,786.57,4,2011-09-02 15:20:00,2010-07-28 11:35:00,United Kingdom,196.64,97,498,3,3,3,9,At Risk
14464,111.0,2,2010-05-20 18:00:00,2010-03-22 15:20:00,United Kingdom,55.5,567,626,1,2,1,4,Lapsed
14465,3946.03,11,2011-04-07 12:38:00,2010-01-07 15:03:00,United Kingdom,358.73,245,700,2,5,5,12,Lapsed
14466,4646.9,13,2011-11-10 14:07:00,2009-12-13 15:44:00,United Kingdom,357.45,28,725,4,5,5,14,Active
14467,2220.99,12,2011-11-22 12:48:00,2009-12-02 12:44:00,United Kingdom,185.08,16,736,5,5,4,14,Active
14468,204.24,1,2009-12-06 12:21:00,2009-12-06 12:21:00,United Kingdom,204.24,732,732,1,1,1,3,Lapsed
14469,2112.21,4,2010-10-19 14:30:00,2010-01-29 11:12:00,United Kingdom,528.05,415,678,1,3,4,8,Lapsed
14470,712.04,3,2011-11-28 10:31:00,2010-10-05 12:39:00,United Kingdom,237.35,10,429,5,3,3,11,Active
14471,400.95,2,2010-04-27 17:12:00,2009-12-07 12:26:00,United Kingdom,200.48,590,731,1,2,2,5,Lapsed
14472,2228.22,9,2011-08-28 11:01:00,2010-01-19 13:09:00,United Kingdom,247.58,102,688,3,5,4,12,At Risk
14473,234.34,2,2011-09-26 15:10:00,2011-03-02 13:56:00,United Kingdom,117.17,73,281,3,2,1,6,Active
14474,1278.08,2,2011-10-24 13:26:00,2010-05-09 12:12:00,United Kingdom,639.04,45,578,4,2,4,10,Active
14475,1151.15,4,2011-09-29 10:46:00,2010-10-27 09:20:00,United Kingdom,287.79,70,407,3,3,3,9,Active
14476,215.7,1,2011-03-27 15:39:00,2011-03-27 15:39:00,United Kingdom,215.7,256,256,2,1,1,4,Lapsed
14477,1969.6,7,2011-11-20 11:11:00,2010-01-04 15:41:00,United Kingdom,281.37,18,703,4,4,4,12,Active
14478,1276.66,4,2010-11-22 15:29:00,2009-12-01 13:20:00,United Kingdom,319.17,381,737,2,3,4,9,Lapsed
14479,1299.11,4,2011-03-31 09:07:00,2009-12-06 13:48:00,United Kingdom,324.78,252,732,2,3,4,9,Lapsed
14480,1299.52,4,2011-11-28 16:35:00,2009-12-21 16:32:00,United Kingdom,324.88,10,717,5,3,4,12,Active
14481,2311.49,5,2011-06-28 10:38:00,2010-01-31 12:43:00,United Kingdom,462.3,163,676,3,4,4,11,At Risk
14482,4357.91,12,2011-11-21 13:14:00,2010-08-26 14:13:00,United Kingdom,363.16,17,469,5,5,5,15,Active
14483,257.1,2,2011-03-03 10:26:00,2009-12-03 10:16:00,United Kingdom,128.55,280,735,2,2,1,5,Lapsed
14484,1070.98,4,2011-10-20 14:11:00,2009-12-17 10:57:00,United Kingdom,267.74,49,721,4,3,3,10,Active
14485,165.75,1,2011-11-01 12:25:00,2011-11-01 12:25:00,United Kingdom,165.75,37,37,4,1,1,6,Active
14486,175.5,2,2010-07-16 09:42:00,2010-06-04 10:30:00,United Kingdom,87.75,510,552,1,2,1,4,Lapsed
14487,1453.61,7,2011-11-13 12:17:00,2010-11-25 13:36:00,United Kingdom,207.66,25,378,4,4,4,12,Active
14488,1064.28,1,2011-10-03 09:30:00,2011-10-03 09:30:00,United Kingdom,1064.28,66,66,3,1,3,7,Active
14489,1574.93,4,2011-05-16 14:51:00,2010-04-06 09:52:00,United Kingdom,393.73,206,611,2,3,4,9,Lapsed
14490,1273.47,2,2010-10-29 15:04:00,2010-10-07 11:36:00,United Kingdom,636.74,405,427,2,2,4,8,Lapsed
14491,468.13,2,2011-06-17 15:22:00,2010-12-02 12:10:00,United Kingdom,234.06,174,371,3,2,2,7,At Risk
14492,1921.91,7,2010-10-05 13:21:00,2010-03-30 14:23:00,United Kingdom,274.56,429,618,1,4,4,9,Lapsed
14493,5130.15,10,2011-12-02 16:14:00,2010-03-08 08:33:00,United Kingdom,513.02,6,640,5,5,5,15,Active
14494,401.46,3,2011-11-14 09:21:00,2009-12-08 13:25:00,United Kingdom,133.82,24,730,4,3,2,9,Active
14495,174.8,3,2011-10-20 12:28:00,2010-02-18 08:49:00,United Kingdom,58.27,49,658,4,3,1,8,Active
14496,2668.23,7,2011-02-01 09:01:00,2010-03-16 13:15:00,United Kingdom,381.18,310,632,2,4,4,10,Lapsed
14497,697.06,2,2011-02-03 17:01:00,2010-02-04 09:59:00,United Kingdom,348.53,308,672,2,2,3,7,Lapsed
14498,3911.27,10,2011-10-28 12:09:00,2010-06-07 16:05:00,United Kingdom,391.13,41,549,4,5,5,14,Active
14499,2138.97,7,2011-11-13 13:01:00,2010-08-27 11:57:00,United Kingdom,305.57,25,468,4,4,4,12,Active
14500,356.85,3,2011-09-12 16:45:00,2011-06-03 10:08:00,United Kingdom,118.95,87,188,3,3,2,8,Active
14501,251.21,2,2011-06-09 12:02:00,2011-01-24 10:43:00,United Kingdom,125.6,182,318,3,2,1,6,Lapsed
14502,2470.67,11,2011-11-20 11:50:00,2011-01-30 15:52:00,United Kingdom,224.61,18,312,4,5,4,13,Active
14503,3543.26,6,2011-12-06 13:30:00,2011-06-14 10:00:00,United Kingdom,590.54,2,177,5,4,5,14,Active
14504,673.26,4,2011-10-23 16:00:00,2011-03-06 14:38:00,United Kingdom,168.32,46,277,4,3,3,10,Active
14505,12001.84,19,2011-11-22 15:45:00,2009-12-09 14:48:00,United Kingdom,631.68,16,729,5,5,5,15,Active
14506,3290.67,7,2011-11-22 13:02:00,2010-04-19 08:27:00,United Kingdom,470.1,16,598,5,4,5,14,Active
14507,3284.43,11,2011-11-16 12:21:00,2009-12-10 17:04:00,United Kingdom,298.58,22,728,4,5,5,14,Active
14508,874.94,5,2011-11-17 19:48:00,2010-06-17 13:02:00,United Kingdom,174.99,21,539,4,4,3,11,Active
14509,110.95,1,2010-06-23 13:21:00,2010-06-23 13:21:00,United Kingdom,110.95,533,533,1,1,1,3,Lapsed
14510,1007.28,3,2010-11-29 12:46:00,2010-09-29 13:35:00,United Kingdom,335.76,374,435,2,3,3,8,Lapsed
14511,1314.81,5,2011-11-28 17:05:00,2011-07-29 12:13:00,United Kingdom,262.96,10,132,5,4,4,13,Active
14512,1223.47,7,2011-06-05 12:39:00,2009-12-07 13:49:00,United Kingdom,174.78,186,731,3,4,3,10,Lapsed
14513,788.01,6,2011-08-31 11:25:00,2010-05-20 17:57:00,United Kingdom,131.34,99,567,3,4,3,10,At Risk
14514,4598.98,9,2011-10-09 16:05:00,2009-12-13 13:21:00,United Kingdom,511.0,60,725,3,5,5,13,Active
14515,3749.26,12,2011-11-22 11:37:00,2010-06-07 12:37:00,United Kingdom,312.44,16,549,5,5,5,15,Active
14516,163.92,1,2010-07-11 14:07:00,2010-07-11 14:07:00,United Kingdom,163.92,515,515,1,1,1,3,Lapsed
14517,330.45,2,2011-11-06 14:20:00,2011-07-21 11:42:00,United Kingdom,165.22,32,140,4,2,2,8,Active
14518,174.37,1,2011-10-06 14:43:00,2011-10-06 14:43:00,United Kingdom,174.37,63,63,3,1,1,5,Active
14519,206.09,2,2010-01-25 11:18:00,2009-12-11 10:40:00,United Kingdom,103.04,682,727,1,2,1,4,Lapsed
14520,270.6,2,2011-12-08 09:46:00,2011-02-22 09:15:00,United Kingdom,135.3,0,289,5,2,1,8,Active
14521,199.45,1,2010-08-05 16:35:00,2010-08-05 16:35:00,United Kingdom,199.45,490,490,1,1,1,3,Lapsed
14522,1758.62,8,2011-11-15 13:24:00,2010-01-24 13:55:00,United Kingdom,219.83,23,683,4,4,4,12,Active
14523,241.09,1,2011-08-23 13:13:00,2011-08-23 13:13:00,United Kingdom,241.09,107,107,3,1,1,5,At Risk
14524,2933.71,13,2011-11-08 12:29:00,2010-10-19 11:44:00,United Kingdom,225.67,30,415,4,5,4,13,Active
14525,8240.64,17,2011-11-20 11:37:00,2009-12-13 14:01:00,United Kingdom,484.74,18,725,4,5,5,14,Active
14526,262.4,1,2010-11-15 13:32:00,2010-11-15 13:32:00,United Kingdom,262.4,388,388,2,1,1,4,Lapsed
14527,27792.3,122,2011-12-07 12:19:00,2009-12-02 12:06:00,United Kingdom,227.81,1,736,5,5,5,15,Active
14528,364.22,1,2011-11-02 17:09:00,2011-11-02 17:09:00,United Kingdom,364.22,36,36,4,1,2,7,Active
14529,620.04,3,2011-10-10 15:27:00,2011-08-21 14:10:00,United Kingdom,206.68,59,109,3,3,3,9,Active
14530,6197.4,16,2011-11-14 10:38:00,2010-01-21 11:25:00,United Kingdom,387.34,24,686,4,5,5,14,Active
14531,376.34,1,2010-08-17 10:16:00,2010-08-17 10:16:00,United Kingdom,376.34,478,478,1,1,2,4,Lapsed
14532,3859.18,11,2011-04-17 13:05:00,2010-01-10 11:47:00,United Kingdom,350.83,235,697,2,5,5,12,Lapsed
14533,3466.37,11,2011-11-15 12:05:00,2010-04-08 12:13:00,United Kingdom,315.12,23,609,4,5,5,14,Active
14534,6271.11,26,2011-12-07 12:19:00,2010-03-15 14:16:00,United Kingdom,241.2,1,633,5,5,5,15,Active
14535,6030.73,9,2011-10-10 15:39:00,2010-02-24 15:03:00,United Kingdom,670.08,59,652,3,5,5,13,Active
14536,171.8,1,2011-03-25 12:21:00,2011-03-25 12:21:00,United Kingdom,171.8,258,258,2,1,1,4,Lapsed
14537,641.4,2,2011-10-13 10:54:00,2010-03-26 13:44:00,United Kingdom,320.7,56,622,4,2,3,9,Active
14538,1370.84,5,2011-10-06 10:31:00,2010-01-25 15:42:00,United Kingdom,274.17,63,682,3,4,4,11,Active
14539,537.48,2,2011-11-24 09:50:00,2011-10-26 12:03:00,United Kingdom,268.74,14,43,5,2,2,9,Active
14540,3795.34,11,2011-11-30 10:15:00,2009-12-07 13:00:00,United Kingdom,345.03,8,731,5,5,5,15,Active
14541,2499.68,14,2011-10-12 10:08:00,2010-01-07 11:59:00,United Kingdom,178.55,57,700,4,5,4,13,Active
14542,103.25,1,2011-06-07 08:19:00,2011-06-07 08:19:00,United Kingdom,103.25,184,184,3,1,1,5,Lapsed
14543,14906.77,39,2011-11-11 12:45:00,2009-12-01 13:47:00,United Kingdom,382.22,27,737,4,5,5,14,Active
14544,2982.43,3,2011-11-15 15:06:00,2010-08-26 16:00:00,United Kingdom,994.14,23,469,4,3,5,12,Active
14545,349.25,1,2010-02-03 15:23:00,2010-02-03 15:23:00,United Kingdom,349.25,673,673,1,1,2,4,Lapsed
14546,5197.9,11,2011-12-04 13:00:00,2009-12-06 13:10:00,United Kingdom,472.54,4,732,5,5,5,15,Active
14547,4007.54,8,2011-12-06 11:06:00,2011-10-16 14:35:00,United Kingdom,500.94,2,53,5,4,5,14,Active
14548,2627.49,9,2011-07-12 12:19:00,2009-12-06 14:00:00,United Kingdom,291.94,149,732,3,5,4,12,At Risk
14549,916.55,4,2011-02-01 13:47:00,2009-12-02 14:06:00,United Kingdom,229.14,310,736,2,3,3,8,Lapsed
14550,1353.31,4,2011-11-29 12:12:00,2010-08-13 12:05:00,United Kingdom,338.33,9,482,5,3,4,12,Active
14551,880.04,7,2011-11-21 13:36:00,2010-01-27 12:06:00,United Kingdom,125.72,17,680,5,4,3,12,Active
14552,511.28,3,2011-07-11 12:49:00,2010-04-26 13:44:00,United Kingdom,170.43,150,591,3,3,2,8,At Risk
14553,1841.54,9,2011-11-20 13:20:00,2010-07-18 12:07:00,United Kingdom,204.62,18,508,4,5,4,13,Active
14554,2381.04,4,2011-11-29 16:44:00,2011-10-18 13:04:00,United Kingdom,595.26,9,51,5,3,4,12,Active
14555,2315.63,6,2011-10-13 16:24:00,2009-12-18 11:39:00,United Kingdom,385.94,56,720,4,4,4,12,Active
14556,835.34,3,2010-04-22 14:57:00,2010-01-20 11:49:00,United Kingdom,278.45,595,687,1,3,3,7,Lapsed
14557,788.38,1,2011-09-15 15:48:00,2011-09-15 15:48:00,United Kingdom,788.38,84,84,3,1,3,7,Active
14558,655.5,3,2010-02-23 12:51:00,2009-12-08 10:41:00,United Kingdom,218.5,653,730,1,3,3,7,Lapsed
14559,75.6,1,2010-11-14 16:05:00,2010-11-14 16:05:00,United Kingdom,75.6,389,389,2,1,1,4,Lapsed
14560,6114.03,44,2011-12-02 15:22:00,2009-12-02 10:15:00,United Kingdom,138.96,6,736,5,5,5,15,Active
14561,1080.76,3,2011-09-25 12:39:00,2011-06-08 13:26:00,United Kingdom,360.25,74,183,3,3,3,9,Active
14562,6729.4,26,2011-12-06 11:05:00,2010-02-07 14:10:00,United Kingdom,258.82,2,669,5,5,5,15,Active
14563,679.44,2,2010-07-18 12:01:00,2010-04-26 12:51:00,United Kingdom,339.72,508,591,1,2,3,6,Lapsed
14564,2605.62,2,2010-10-01 09:02:00,2009-12-04 09:27:00,Channel Islands,1302.81,433,734,1,2,4,7,Lapsed
14565,3859.22,5,2011-09-05 09:07:00,2010-08-23 09:48:00,United Kingdom,771.84,94,472,3,4,5,12,At Risk
14566,4092.0,4,2011-08-21 11:05:00,2010-06-24 10:34:00,Channel Islands,1023.0,109,532,3,3,5,11,At Risk
14567,1530.36,2,2011-10-14 10:21:00,2011-08-01 13:48:00,United Kingdom,765.18,55,129,4,2,4,10,Active
14568,919.7,1,2010-09-30 17:15:00,2010-09-30 17:15:00,Channel Islands,919.7,434,434,1,1,3,5,Lapsed
14569,598.98,4,2011-12-08 14:58:00,2010-04-15 11:49:00,United Kingdom,149.74,0,602,5,3,2,10,Active
14570,613.75,3,2011-03-04 10:58:00,2010-09-22 13:07:00,United Kingdom,204.58,279,442,2,3,2,7,Lapsed
14571,161.65,1,2010-10-10 15:06:00,2010-10-10 15:06:00,United Kingdom,161.65,424,424,1,1,1,3,Lapsed
14572,5615.18,11,2011-12-06 14:40:00,2010-03-28 13:47:00,United Kingdom,510.47,2,620,5,5,5,15,Active
14573,2621.42,13,2011-06-13 11:15:00,2010-01-08 16:34:00,United Kingdom,201.65,178,699,3,5,4,12,At Risk
14574,143.7,1,2009-12-07 12:42:00,2009-12-07 12:42:00,United Kingdom,143.7,731,731,1,1,1,3,Lapsed
14575,460.71,1,2010-08-08 14:51:00,2010-08-08 14:51:00,United Kingdom,460.71,487,487,1,1,2,4,Lapsed
14576,70.8,1,2010-12-02 17:51:00,2010-12-02 17:51:00,United Kingdom,70.8,371,371,2,1,1,4,Lapsed
14577,1374.25,7,2011-11-27 12:47:00,2009-12-11 12:09:00,United Kingdom,196.32,11,727,5,4,4,13,Active
14578,168.63,1,2011-12-06 17:18:00,2011-12-06 17:18:00,United Kingdom,168.63,2,2,5,1,1,7,New
14579,105.56,1,2010-10-03 14:36:00,2010-10-03 14:36:00,United Kingdom,105.56,431,431,1,1,1,3,Lapsed
14580,14.85,1,2010-07-09 15:20:00,2010-07-09 15:20:00,United Kingdom,14.85,517,517,1,1,1,3,Lapsed
14581,433.8,2,2011-11-23 12:39:00,2010-06-13 15:48:00,United Kingdom,216.9,15,543,5,2,2,9,Active
14582,114.11,1,2011-10-30 11:56:00,2011-10-30 11:56:00,United Kingdom,114.11,39,39,4,1,1,6,Active
14583,1781.03,8,2011-12-04 12:32:00,2010-03-28 15:16:00,United Kingdom,222.63,4,620,5,4,4,13,Active
14584,1747.91,8,2011-06-23 18:33:00,2010-02-17 14:01:00,United Kingdom,218.49,168,659,3,4,4,11,At Risk
14585,1143.27,5,2011-10-20 14:33:00,2010-10-19 12:17:00,United Kingdom,228.65,49,415,4,4,3,11,Active
14586,237.36,1,2011-03-08 10:04:00,2011-03-08 10:04:00,United Kingdom,237.36,275,275,2,1,1,4,Lapsed
14587,1601.14,9,2011-11-21 11:34:00,2011-01-12 13:16:00,United Kingdom,177.9,17,330,5,5,4,14,Active
14588,135.39,1,2010-05-10 15:08:00,2010-05-10 15:08:00,United Kingdom,135.39,577,577,1,1,1,3,Lapsed
14589,79.5,1,2010-12-03 11:42:00,2010-12-03 11:42:00,United Kingdom,79.5,370,370,2,1,1,4,Lapsed
14590,3006.62,20,2010-10-11 12:06:00,2009-12-07 14:10:00,United Kingdom,150.33,423,731,1,5,5,11,Lapsed
14591,1447.14,4,2011-11-24 13:57:00,2011-05-10 14:09:00,United Kingdom,361.78,14,212,5,3,4,12,Active
14592,570.46,3,2011-11-04 16:35:00,2011-10-06 18:08:00,United Kingdom,190.15,34,63,4,3,2,9,Active
14593,3712.01,12,2011-11-18 12:48:00,2009-12-09 12:57:00,United Kingdom,309.33,20,729,4,5,5,14,Active
14594,634.83,2,2011-12-02 13:28:00,2010-12-01 13:54:00,United Kingdom,317.42,6,372,5,2,3,10,Active
14595,2164.45,8,2011-11-20 12:12:00,2010-01-20 13:59:00,United Kingdom,270.56,18,687,4,4,4,12,Active
14596,229.47,1,2010-03-23 12:13:00,2010-03-23 12:13:00,United Kingdom,229.47,625,625,1,1,1,3,Lapsed
14597,2201.54,6,2011-11-28 13:13:00,2010-09-28 13:17:00,United Kingdom,366.92,10,436,5,4,4,13,Active
14598,384.04,2,2011-10-26 13:19:00,2010-05-19 13:07:00,United Kingdom,192.02,43,568,4,2,2,8,Active
14599,474.54,2,2010-11-14 14:49:00,2010-07-18 15:54:00,United Kingdom,237.27,389,508,2,2,2,6,Lapsed
14600,865.17,2,2011-02-07 09:48:00,2010-11-11 15:56:00,United Kingdom,432.58,304,392,2,2,3,7,Lapsed
14601,213.96,1,2011-11-29 09:48:00,2011-11-29 09:48:00,United Kingdom,213.96,9,9,5,1,1,7,New
14602,205.36,1,2010-02-21 15:47:00,2010-02-21 15:47:00,United Kingdom,205.36,655,655,1,1,1,3,Lapsed
14603,660.0,1,2011-03-10 10:27:00,2011-03-10 10:27:00,United Kingdom,660.0,273,273,2,1,3,6,Lapsed
14604,143.86,1,2010-03-16 13:00:00,2010-03-16 13:00:00,United Kingdom,143.86,632,632,1,1,1,3,Lapsed
14605,937.16,4,2010-11-30 14:07:00,2009-12-08 13:59:00,United Kingdom,234.29,373,730,2,3,3,8,Lapsed
14606,30861.06,192,2011-12-08 19:28:00,2009-12-03 12:40:00,United Kingdom,160.73,0,735,5,5,5,15,Active
14607,24137.63,22,2011-11-24 10:35:00,2009-12-15 11:25:00,United Kingdom,1097.16,14,723,5,5,5,15,Active
14608,3352.94,11,2011-12-05 16:52:00,2009-12-06 12:34:00,United Kingdom,304.81,3,732,5,5,5,15,Active
14609,1486.2,10,2011-09-28 12:54:00,2010-02-09 09:48:00,United Kingdom,148.62,71,667,3,5,4,12,Active
14610,24.35,2,2010-11-09 10:58:00,2010-07-13 16:06:00,United Kingdom,12.18,394,513,2,2,1,5,Lapsed
14611,604.33,2,2010-09-22 09:19:00,2010-04-20 10:19:00,United Kingdom,302.17,442,597,1,2,2,5,Lapsed
14612,877.7,1,2010-10-20 16:01:00,2010-10-20 16:01:00,United Kingdom,877.7,414,414,1,1,3,5,Lapsed
14613,76.32,1,2010-01-28 13:02:00,2010-01-28 13:02:00,United Kingdom,76.32,679,679,1,1,1,3,Lapsed
14614,295.13,1,2010-11-18 13:04:00,2010-11-18 13:04:00,United Kingdom,295.13,385,385,2,1,2,5,Lapsed
14615,951.76,5,2010-11-10 13:36:00,2010-06-09 13:59:00,United Kingdom,190.35,393,547,2,4,3,9,Lapsed
14616,527.78,5,2011-04-11 09:54:00,2010-06-09 09:42:00,United Kingdom,105.56,241,547,2,4,2,8,Lapsed
14617,190.47,2,2010-11-02 11:41:00,2010-10-20 10:40:00,United Kingdom,95.24,401,414,2,2,1,5,Lapsed
14618,1342.32,7,2011-11-30 13:45:00,2010-06-11 10:11:00,United Kingdom,191.76,8,545,5,4,4,13,Active
14619,1291.24,2,2011-04-08 07:37:00,2010-06-16 14:41:00,United Kingdom,645.62,244,540,2,2,4,8,Lapsed
14620,412.78,2,2011-05-18 11:58:00,2011-03-01 08:30:00,United Kingdom,206.39,204,282,2,2,2,6,Lapsed
14621,3000.57,9,2011-12-08 16:22:00,2010-01-25 09:08:00,United Kingdom,333.4,0,682,5,5,5,15,Active
14622,320.58,1,2011-06-08 12:42:00,2011-06-08 12:42:00,United Kingdom,320.58,183,183,3,1,2,6,Lapsed
14623,2059.58,10,2011-11-07 13:56:00,2010-04-16 17:12:00,United Kingdom,205.96,31,601,4,5,4,13,Active
14624,814.07,6,2011-10-13 13:44:00,2010-04-14 10:44:00,United Kingdom,135.68,56,603,4,4,3,11,Active
14625,4497.88,11,2011-05-27 15:32:00,2009-12-16 13:23:00,United Kingdom,408.9,195,722,2,5,5,12,Lapsed
14626,5410.92,11,2011-11-16 10:37:00,2009-12-10 14:57:00,United Kingdom,491.9,22,728,4,5,5,14,Active
14627,462.75,1,2010-11-25 16:32:00,2010-11-25 16:32:00,United Kingdom,462.75,378,378,2,1,2,5,Lapsed
14628,1998.0,5,2011-09-09 14:58:00,2010-01-25 14:40:00,United Kingdom,399.6,90,682,3,4,4,11,Active
14629,959.01,2,2011-12-05 16:55:00,2011-10-23 16:13:00,United Kingdom,479.5,3,46,5,2,3,10,Active
14630,338.65,1,2010-08-12 16:38:00,2010-08-12 16:38:00,United Kingdom,338.65,483,483,1,1,2,4,Lapsed
14631,2025.69,6,2011-10-20 11:17:00,2010-08-09 14:45:00,United Kingdom,337.62,49,486,4,4,4,12,Active
14632,114.56,1,2011-03-22 08:49:00,2011-03-22 08:49:00,United Kingdom,114.56,261,261,2,1,1,4,Lapsed
14633,344.9,1,2011-03-18 17:07:00,2011-03-18 17:07:00,United Kingdom,344.9,265,265,2,1,2,5,Lapsed
14634,2124.46,4,2010-09-28 10:40:00,2010-06-16 09:48:00,United Kingdom,531.12,436,540,1,3,4,8,Lapsed
14635,215.22,1,2010-09-12 10:47:00,2010-09-12 10:47:00,United Kingdom,215.22,452,452,1,1,1,3,Lapsed
14636,609.85,2,2011-11-03 16:12:00,2011-03-16 09:52:00,United Kingdom,304.92,35,267,4,2,2,8,Active
14637,106.68,1,2010-01-31 15:52:00,2010-01-31 15:52:00,United Kingdom,106.68,676,676,1,1,1,3,Lapsed
14638,443.6,1,2011-10-20 10:10:00,2011-10-20 10:10:00,United Kingdom,443.6,49,49,4,1,2,7,Active
14639,4978.96,9,2011-10-18 15:06:00,2010-02-16 12:35:00,United Kingdom,553.22,51,660,4,5,5,14,Active
14640,3667.06,10,2011-11-15 13:07:00,2010-01-22 15:44:00,United Kingdom,366.71,23,685,4,5,5,14,Active
14641,110.46,1,2011-11-18 10:42:00,2011-11-18 10:42:00,United Kingdom,110.46,20,20,4,1,1,6,New
14642,96.12,1,2011-10-12 11:08:00,2011-10-12 11:08:00,United Kingdom,96.12,57,57,4,1,1,6,Active
14643,1679.89,5,2011-06-22 14:41:00,2009-12-11 11:52:00,United Kingdom,335.98,169,727,3,4,4,11,At Risk
14644,2247.72,7,2011-10-03 08:30:00,2009-12-03 16:24:00,United Kingdom,321.1,66,735,3,4,4,11,Active
14645,876.89,3,2011-07-06 09:15:00,2010-03-15 11:33:00,United Kingdom,292.3,155,633,3,3,3,9,At Risk
14646,528602.52,151,2011-12-08 12:12:00,2009-12-02 16:52:00,Netherlands,3500.68,0,736,5,5,5,15,Active
14647,519.97,2,2011-05-22 13:40:00,2010-07-04 13:27:00,United Kingdom,259.98,200,522,2,2,2,6,Lapsed
14648,4546.86,15,2010-10-19 13:12:00,2009-12-10 13:59:00,United Kingdom,303.12,415,728,1,5,5,11,Lapsed
14649,3775.31,9,2011-12-05 12:30:00,2010-01-20 13:10:00,United Kingdom,419.48,3,687,5,5,5,15,Active
14650,62.5,1,2010-04-29 20:27:00,2010-04-29 20:27:00,United Kingdom,62.5,588,588,1,1,1,3,Lapsed
14651,2034.12,9,2011-10-03 15:52:00,2010-03-18 11:39:00,United Kingdom,226.01,66,630,3,5,4,12,Active
14652,114.18,1,2011-09-23 14:21:00,2011-09-23 14:21:00,United Kingdom,114.18,76,76,3,1,1,5,Active
14653,3614.54,12,2011-12-08 13:45:00,2009-12-02 11:51:00,United Kingdom,301.21,0,736,5,5,5,15,Active
14654,246.86,1,2009-12-01 12:57:00,2009-12-01 12:57:00,United Kingdom,246.86,737,737,1,1,1,3,Lapsed
14655,3878.51,7,2011-12-01 16:28:00,2010-04-22 14:29:00,United Kingdom,554.07,7,595,5,4,5,14,Active
14656,814.65,5,2011-06-23 13:51:00,2010-04-15 12:10:00,United Kingdom,162.93,168,602,3,4,3,10,At Risk
14657,1460.87,6,2011-11-22 12:47:00,2010-09-30 19:57:00,United Kingdom,243.48,16,434,5,4,4,13,Active
14658,247.15,2,2011-12-04 15:35:00,2011-08-14 15:42:00,United Kingdom,123.58,4,116,5,2,1,8,Active
14659,2529.93,9,2011-12-01 12:17:00,2011-01-28 12:43:00,United Kingdom,281.1,7,314,5,5,4,14,Active
14660,285.74,2,2011-09-14 11:34:00,2011-08-31 10:40:00,United Kingdom,142.87,85,99,3,2,1,6,Active
14661,107.95,1,2011-11-13 11:51:00,2011-11-13 11:51:00,United Kingdom,107.95,25,25,4,1,1,6,New
14662,1416.33,7,2011-11-11 12:13:00,2009-12-03 16:47:00,United Kingdom,202.33,27,735,4,4,4,12,Active
14663,490.6,2,2010-10-05 13:21:00,2010-10-05 13:12:00,United Kingdom,245.3,429,429,1,2,2,5,Lapsed
14664,637.89,2,2011-11-20 10:59:00,2011-11-06 14:56:00,United Kingdom,318.94,18,32,4,2,3,9,Active
14665,2749.65,7,2011-10-10 09:14:00,2010-04-26 11:17:00,United Kingdom,392.81,59,591,3,4,4,11,Active
14666,195.25,1,2011-11-15 12:57:00,2011-11-15 12:57:00,United Kingdom,195.25,23,23,4,1,1,6,New
14667,21927.14,54,2011-11-29 11:30:00,2009-12-02 12:38:00,United Kingdom,406.06,9,736,5,5,5,15,Active
14668,111.63,1,2010-09-20 15:03:00,2010-09-20 15:03:00,United Kingdom,111.63,444,444,1,1,1,3,Lapsed
14669,3243.93,7,2011-04-12 11:43:00,2009-12-02 13:06:00,United Kingdom,463.42,240,736,2,4,5,11,Lapsed
14670,602.0,3,2011-03-04 14:13:00,2009-12-07 13:59:00,United Kingdom,200.67,279,731,2,3,2,7,Lapsed
14671,1127.45,2,2010-06-08 13:39:00,2010-05-20 18:21:00,United Kingdom,563.72,548,567,1,2,3,6,Lapsed
14672,1113.14,4,2011-04-19 10:19:00,2010-01-28 11:33:00,United Kingdom,278.29,233,679,2,3,3,8,Lapsed
14673,3410.81,7,2011-12-06 14:31:00,2010-10-26 10:14:00,United Kingdom,487.26,2,408,5,4,5,14,Active
14674,173.66,1,2010-07-18 14:25:00,2010-07-18 14:25:00,United Kingdom,173.66,508,508,1,1,1,3,Lapsed
14675,1066.9,2,2011-11-23 12:58:00,2010-11-16 12:22:00,United Kingdom,533.45,15,387,5,2,3,10,Active
14676,8356.79,12,2011-11-08 13:29:00,2010-03-10 09:30:00,United Kingdom,696.4,30,638,4,5,5,14,Active
14677,184.91,1,2010-04-26 09:48:00,2010-04-26 09:48:00,United Kingdom,184.91,591,591,1,1,1,3,Lapsed
14678,403.39,1,2010-05-09 14:32:00,2010-05-09 14:32:00,United Kingdom,403.39,578,578,1,1,2,4,Lapsed
14679,1289.44,3,2010-11-23 11:51:00,2009-12-08 17:13:00,United Kingdom,429.81,380,730,2,3,4,9,Lapsed
14680,57412.77,58,2011-11-14 16:59:00,2009-12-04 12:36:00,United Kingdom,989.88,24,734,4,5,5,14,Active
14681,875.15,6,2011-09-29 15:52:00,2010-02-24 08:54:00,United Kingdom,145.86,70,652,3,4,3,10,Active
14682,1514.81,6,2011-06-05 12:12:00,2010-02-05 14:47:00,United Kingdom,252.47,186,671,3,4,4,11,Lapsed
14683,146.56,1,2010-04-30 17:18:00,2010-04-30 17:18:00,United Kingdom,146.56,587,587,1,1,1,3,Lapsed
14684,1468.55,6,2011-11-14 11:33:00,2010-11-14 14:07:00,United Kingdom,244.76,24,389,4,4,4,12,Active
14685,4619.79,8,2010-05-12 13:08:00,2009-12-13 11:32:00,United Kingdom,577.47,575,725,1,4,5,10,Lapsed
14686,885.83,5,2010-10-21 18:31:00,2010-02-18 18:29:00,United Kingdom,177.17,413,658,1,4,3,8,Lapsed
14687,1402.06,3,2011-08-25 11:59:00,2010-06-06 10:36:00,United Kingdom,467.35,105,550,3,3,4,10,At Risk
14688,7713.57,28,2011-12-02 12:26:00,2010-09-09 12:35:00,United Kingdom,275.48,6,455,5,5,5,15,Active
14689,112.8,1,2011-05-15 11:22:00,2011-05-15 11:22:00,United Kingdom,112.8,207,207,2,1,1,4,Lapsed
14690,794.33,4,2011-10-26 15:39:00,2010-10-25 12:20:00,United Kingdom,198.58,43,409,4,3,3,10,Active
14691,2114.33,5,2011-11-09 12:30:00,2011-05-11 09:55:00,United Kingdom,422.87,29,211,4,4,4,12,Active
14692,1745.09,12,2011-07-25 15:08:00,2010-04-01 14:04:00,United Kingdom,145.42,136,616,3,5,4,12,At Risk
14693,1165.36,7,2011-03-20 12:50:00,2010-07-02 08:28:00,United Kingdom,166.48,263,524,2,4,3,9,Lapsed
14694,244.31,1,2010-04-01 19:46:00,2010-04-01 19:46:00,United Kingdom,244.31,616,616,1,1,1,3,Lapsed
14695,1620.07,3,2010-07-08 14:18:00,2009-12-07 11:05:00,United Kingdom,540.02,518,731,1,3,4,8,Lapsed
14696,2767.9,8,2011-12-05 13:43:00,2010-10-14 11:43:00,United Kingdom,345.99,3,420,5,4,4,13,Active
14697,188.61,2,2011-05-05 15:39:00,2011-05-05 15:29:00,United Kingdom,94.3,217,217,2,2,1,5,Lapsed
14698,1250.76,5,2011-12-08 12:26:00,2011-10-19 12:54:00,United Kingdom,250.15,0,50,5,4,4,13,Active
14699,702.6,4,2011-05-09 14:54:00,2010-07-02 12:04:00,United Kingdom,175.65,213,524,2,3,3,8,Lapsed
14700,3116.26,5,2011-11-07 14:40:00,2010-08-11 12:19:00,United Kingdom,623.25,31,484,4,4,5,13,Active
14701,4562.09,15,2011-11-29 12:38:00,2010-01-24 12:15:00,United Kingdom,304.14,9,683,5,5,5,15,Active
14702,6754.22,29,2011-12-08 19:29:00,2009-12-10 20:22:00,United Kingdom,232.9,0,728,5,5,5,15,Active
14703,318.17,1,2011-11-25 09:23:00,2011-11-25 09:23:00,United Kingdom,318.17,13,13,5,1,2,8,New
14704,1813.57,11,2011-11-28 12:51:00,2010-03-25 17:21:00,United Kingdom,164.87,10,623,5,5,4,14,Active
14705,179.0,1,2011-05-25 12:39:00,2011-05-25 12:39:00,United Kingdom,179.0,197,197,2,1,1,4,Lapsed
14706,390.69,1,2010-03-31 11:09:00,2010-03-31 11:09:00,United Kingdom,390.69,617,617,1,1,2,4,Lapsed
14707,139.2,2,2010-09-30 11:37:00,2010-05-12 11:07:00,United Kingdom,69.6,434,575,1,2,1,4,Lapsed
14708,2212.28,5,2011-12-07 08:21:00,2010-09-10 10:26:00,United Kingdom,442.46,1,454,5,4,4,13,Active
14709,8886.33,25,2011-11-24 15:41:00,2009-12-05 15:26:00,United Kingdom,355.45,14,733,5,5,5,15,Active
14710,1922.59,13,2011-11-25 14:53:00,2009-12-03 17:12:00,United Kingdom,147.89,13,735,5,5,4,14,Active
14711,2868.8,11,2011-11-29 14:58:00,2011-03-22 13:32:00,United Kingdom,260.8,9,261,5,5,4,14,Active
14712,1328.07,4,2011-11-10 12:59:00,2010-10-17 14:49:00,United Kingdom,332.02,28,417,4,3,4,11,Active
14713,5418.87,21,2011-11-30 16:26:00,2009-12-03 19:22:00,United Kingdom,258.04,8,735,5,5,5,15,Active
14714,906.24,4,2011-11-15 13:07:00,2010-01-21 11:51:00,United Kingdom,226.56,23,686,4,3,3,10,Active
14715,1840.45,8,2011-11-15 12:10:00,2010-01-19 12:18:00,United Kingdom,230.06,23,688,4,4,4,12,Active
14716,565.45,3,2011-10-27 17:29:00,2010-09-21 12:07:00,United Kingdom,188.48,42,443,4,3,2,9,Active
14717,81.3,1,2009-12-06 13:05:00,2009-12-06 13:05:00,United Kingdom,81.3,732,732,1,1,1,3,Lapsed
14718,226.42,1,2010-10-25 13:07:00,2010-10-25 13:07:00,United Kingdom,226.42,409,409,1,1,1,3,Lapsed
14719,1602.13,5,2011-12-08 12:43:00,2011-04-04 14:17:00,United Kingdom,320.43,0,248,5,4,4,13,Active
14720,663.81,3,2011-12-04 12:02:00,2011-08-05 12:06:00,United Kingdom,221.27,4,125,5,3,3,11,Active
14721,115.77,1,2010-11-25 13:08:00,2010-11-25 13:08:00,United Kingdom,115.77,378,378,2,1,1,4,Lapsed
14722,513.37,3,2011-07-15 14:58:00,2010-08-10 13:28:00,United Kingdom,171.12,146,485,3,3,2,8,At Risk
14723,2093.06,11,2011-11-29 15:23:00,2009-12-04 11:22:00,United Kingdom,190.28,9,734,5,5,4,14,Active
14724,345.25,1,2010-04-28 13:26:00,2010-04-28 13:26:00,United Kingdom,345.25,589,589,1,1,2,4,Lapsed
14725,1315.24,4,2011-11-15 12:42:00,2010-06-23 11:34:00,United Kingdom,328.81,23,533,4,3,4,11,Active
14726,124.75,1,2010-02-23 12:35:00,2010-02-23 12:35:00,United Kingdom,124.75,653,653,1,1,1,3,Lapsed
14727,467.93,3,2011-03-10 14:45:00,2010-06-11 13:23:00,United Kingdom,155.98,273,545,2,3,2,7,Lapsed
14728,190.58,1,2010-10-22 15:57:00,2010-10-22 15:57:00,United Kingdom,190.58,412,412,1,1,1,3,Lapsed
14729,907.38,3,2010-12-01 12:43:00,2010-03-24 13:30:00,United Kingdom,302.46,372,624,2,3,3,8,Lapsed
14730,2005.06,8,2011-12-08 14:39:00,2011-03-08 12:49:00,United Kingdom,250.63,0,275,5,4,4,13,Active
14731,380.02,3,2011-10-23 15:54:00,2011-05-11 13:06:00,United Kingdom,126.67,46,211,4,3,2,9,Active
14732,5517.07,19,2011-12-01 14:34:00,2009-12-09 10:48:00,United Kingdom,290.37,7,729,5,5,5,15,Active
14733,16184.97,15,2011-11-23 15:39:00,2010-11-02 15:42:00,United Kingdom,1079.0,15,401,5,5,5,15,Active
14734,1056.42,4,2010-10-10 12:04:00,2010-06-06 15:15:00,United Kingdom,264.1,424,550,1,3,3,7,Lapsed
14735,12240.16,56,2011-12-06 12:09:00,2009-12-04 11:32:00,United Kingdom,218.57,2,734,5,5,5,15,Active
14736,401.08,2,2010-08-11 15:21:00,2010-08-11 15:13:00,United Kingdom,200.54,484,484,1,2,2,5,Lapsed
14737,3554.17,4,2011-12-06 10:16:00,2010-11-04 11:29:00,United Kingdom,888.54,2,399,5,3,5,13,Active
14738,1821.9,9,2011-10-28 08:56:00,2009-12-07 10:21:00,United Kingdom,202.43,41,731,4,5,4,13,Active
14739,12287.5,25,2011-12-05 16:54:00,2009-12-02 13:23:00,United Kingdom,491.5,3,736,5,5,5,15,Active
14740,4161.06,11,2011-05-26 18:17:00,2010-02-25 11:40:00,United Kingdom,378.28,196,651,2,5,5,12,Lapsed
14741,1897.59,7,2011-11-28 08:48:00,2010-10-18 09:33:00,United Kingdom,271.08,10,416,5,4,4,13,Active
14742,579.85,1,2010-09-30 14:07:00,2010-09-30 14:07:00,United Kingdom,579.85,434,434,1,1,2,4,Lapsed
14743,50.48,1,2010-04-26 10:26:00,2010-04-26 10:26:00,United Kingdom,50.48,591,591,1,1,1,3,Lapsed
14744,3885.08,14,2011-11-23 12:51:00,2010-05-18 14:06:00,United Kingdom,277.51,15,569,5,5,5,15,Active
14745,2571.81,12,2011-08-19 10:05:00,2010-03-12 10:33:00,United Kingdom,214.32,111,636,3,5,4,12,At Risk
14746,593.5,4,2010-10-29 14:44:00,2010-10-12 11:06:00,United Kingdom,148.38,405,422,2,3,2,7,Lapsed
14747,328.2,1,2011-04-04 14:09:00,2011-04-04 14:09:00,United Kingdom,328.2,248,248,2,1,2,5,Lapsed
14748,3152.32,10,2011-11-10 18:33:00,2010-03-04 17:08:00,United Kingdom,315.23,28,644,4,5,5,14,Active
14749,310.15,1,2010-08-17 12:36:00,2010-08-17 12:36:00,United Kingdom,310.15,478,478,1,1,2,4,Lapsed
14750,112.03,1,2009-12-03 17:57:00,2009-12-03 17:57:00,United Kingdom,112.03,735,735,1,1,1,3,Lapsed
14751,126.45,2,2010-01-24 13:37:00,2009-12-13 14:08:00,United Kingdom,63.22,683,725,1,2,1,4,Lapsed
14752,389.64,1,2011-10-27 11:55:00,2011-10-27 11:55:00,United Kingdom,389.64,42,42,4,1,2,7,Active
14753,869.51,2,2011-09-13 14:50:00,2010-09-05 11:04:00,United Kingdom,434.76,86,459,3,2,3,8,Active
14754,1550.48,6,2011-10-26 12:01:00,2010-01-18 11:04:00,United Kingdom,258.41,43,689,4,4,4,12,Active
14755,9972.55,25,2011-11-30 11:24:00,2009-12-03 16:51:00,United Kingdom,398.9,8,735,5,5,5,15,Active
14756,2653.76,3,2011-11-24 18:13:00,2010-10-11 11:50:00,United Kingdom,884.59,14,423,5,3,4,12,Active
14757,420.5,1,2011-09-25 14:36:00,2011-09-25 14:36:00,United Kingdom,420.5,74,74,3,1,2,6,Active
14758,2864.97,7,2011-07-18 08:21:00,2010-04-08 08:27:00,United Kingdom,409.28,143,609,3,4,4,11,At Risk
14759,1625.97,3,2011-12-05 12:03:00,2011-04-21 10:55:00,United Kingdom,541.99,3,231,5,3,4,12,Active
14760,89.2,1,2011-02-15 16:27:00,2011-02-15 16:27:00,United Kingdom,89.2,296,296,2,1,1,4,Lapsed
14761,447.92,3,2011-10-12 12:10:00,2010-09-21 14:22:00,United Kingdom,149.31,57,443,4,3,2,9,Active
14762,417.57,2,2011-03-21 08:20:00,2010-03-23 15:36:00,United Kingdom,208.78,262,625,2,2,2,6,Lapsed
14764,278.3,1,2011-10-24 11:54:00,2011-10-24 11:54:00,United Kingdom,278.3,45,45,4,1,1,6,Active
14765,254.11,3,2011-11-10 19:53:00,2011-06-16 19:49:00,United Kingdom,84.7,28,175,4,3,1,8,Active
14766,6556.13,11,2011-12-01 16:05:00,2010-06-06 11:11:00,United Kingdom,596.01,7,550,5,5,5,15,Active
14767,382.81,1,2010-08-22 14:54:00,2010-08-22 14:54:00,United Kingdom,382.81,473,473,1,1,2,4,Lapsed
14768,192.6,2,2011-11-22 12:54:00,2011-08-04 13:25:00,United Kingdom,96.3,16,126,5,2,1,8,Active
14769,15771.88,17,2011-12-07 10:24:00,2009-12-16 09:17:00,United Kingdom,927.76,1,722,5,5,5,15,Active
14770,3637.64,8,2011-04-21 14:21:00,2010-02-25 18:58:00,United Kingdom,454.7,231,651,2,4,5,11,Lapsed
14771,594.62,2,2010-03-28 12:52:00,2009-12-03 09:44:00,United Kingdom,297.31,620,735,1,2,2,5,Lapsed
14772,139.26,1,2011-08-19 15:04:00,2011-08-19 15:04:00,United Kingdom,139.26,111,111,3,1,1,5,At Risk
14773,140.55,1,2010-04-26 10:29:00,2010-04-26 10:29:00,United Kingdom,140.55,591,591,1,1,1,3,Lapsed
14774,241.45,1,2010-06-29 12:26:00,2010-06-29 12:26:00,United Kingdom,241.45,527,527,1,1,1,3,Lapsed
14775,1418.46,3,2011-10-12 15:27:00,2010-12-02 16:38:00,United Kingdom,472.82,57,371,4,3,4,11,Active
14776,3708.3,15,2011-10-19 15:34:00,2010-09-19 14:12:00,United Kingdom,247.22,50,445,4,5,5,14,Active
14777,307.56,1,2010-11-01 12:50:00,2010-11-01 12:50:00,United Kingdom,307.56,402,402,2,1,2,5,Lapsed
14778,730.86,2,2011-08-04 15:23:00,2011-02-04 11:43:00,United Kingdom,365.43,126,307,3,2,3,8,At Risk
14779,386.15,3,2011-03-04 12:42:00,2011-01-20 12:04:00,United Kingdom,128.72,279,322,2,3,2,7,Lapsed
14780,447.68,2,2011-10-16 12:46:00,2011-09-21 15:15:00,United Kingdom,223.84,53,78,4,2,2,8,Active
14782,200.1,1,2011-01-24 11:12:00,2011-01-24 11:12:00,United Kingdom,200.1,318,318,2,1,1,4,Lapsed
14783,307.3,1,2010-02-18 16:16:00,2010-02-18 16:16:00,United Kingdom,307.3,658,658,1,1,2,4,Lapsed
14784,449.93,3,2011-11-13 13:30:00,2010-11-15 09:49:00,United Kingdom,149.98,25,388,4,3,2,9,Active
14785,77.4,2,2011-11-29 13:21:00,2011-11-24 13:40:00,United Kingdom,38.7,9,14,5,2,1,8,Active
14786,90.96,1,2010-06-07 13:42:00,2010-06-07 13:42:00,United Kingdom,90.96,549,549,1,1,1,3,Lapsed
14787,110.65,1,2010-08-25 14:38:00,2010-08-25 14:38:00,United Kingdom,110.65,470,470,1,1,1,3,Lapsed
14788,1156.32,3,2011-12-02 17:06:00,2010-04-22 18:16:00,United Kingdom,385.44,6,595,5,3,3,11,Active
14789,197.64,1,2011-11-11 08:59:00,2011-11-11 08:59:00,United Kingdom,197.64,27,27,4,1,1,6,New
14790,2526.62,10,2011-11-23 09:28:00,2009-12-11 14:37:00,United Kingdom,252.66,15,727,5,5,4,14,Active
14791,303.63,1,2010-04-12 10:24:00,2010-04-12 10:24:00,United Kingdom,303.63,605,605,1,1,2,4,Lapsed
14792,6.2,1,2011-10-07 09:19:00,2011-10-07 09:19:00,United Kingdom,6.2,62,62,3,1,1,5,Active
14793,625.9,2,2011-11-18 14:50:00,2010-06-22 16:54:00,United Kingdom,312.95,20,534,4,2,3,9,Active
14794,1953.9,10,2011-12-07 10:11:00,2010-08-09 15:44:00,United Kingdom,195.39,1,486,5,5,4,14,Active
14795,131.45,1,2011-06-26 13:04:00,2011-06-26 13:04:00,United Kingdom,131.45,165,165,3,1,1,5,At Risk
14796,10889.64,27,2011-12-08 15:31:00,2009-12-14 15:06:00,United Kingdom,403.32,0,724,5,5,5,15,Active
14797,300.31,1,2010-07-20 14:07:00,2010-07-20 14:07:00,United Kingdom,300.31,506,506,1,1,2,4,Lapsed
14798,724.31,8,2011-10-18 10:58:00,2010-03-01 08:38:00,United Kingdom,90.54,51,647,4,4,3,11,Active
14799,338.15,2,2011-10-19 16:16:00,2009-12-02 11:18:00,United Kingdom,169.08,50,736,4,2,2,8,Active
14800,7774.32,17,2011-10-23 12:46:00,2010-09-30 14:38:00,United Kingdom,457.31,46,434,4,5,5,14,Active
14801,193.14,1,2011-10-09 15:24:00,2011-10-09 15:24:00,United Kingdom,193.14,60,60,3,1,1,5,Active
14802,1502.98,2,2010-09-27 16:34:00,2010-09-27 16:32:00,United Kingdom,751.49,437,437,1,2,4,7,Lapsed
14803,845.55,3,2011-06-30 13:58:00,2011-02-20 13:21:00,United Kingdom,281.85,161,291,3,3,3,9,At Risk
14804,353.27,1,2011-12-01 11:20:00,2011-12-01 11:20:00,United Kingdom,353.27,7,7,5,1,2,8,New
14805,1104.64,7,2011-11-24 16:20:00,2010-03-28 12:34:00,United Kingdom,157.81,14,620,5,4,3,12,Active
14806,303.43,2,2011-09-25 15:32:00,2010-09-26 15:50:00,United Kingdom,151.72,74,438,3,2,2,7,Active
14807,519.29,2,2010-11-14 12:47:00,2010-02-28 11:33:00,United Kingdom,259.64,389,648,2,2,2,6,Lapsed
14808,2741.17,8,2011-10-31 12:21:00,2011-06-20 12:53:00,United Kingdom,342.65,38,171,4,4,4,12,Active
14809,686.76,2,2010-03-28 15:44:00,2010-03-28 15:42:00,United Kingdom,343.38,620,620,1,2,3,6,Lapsed
14810,2537.02,13,2011-10-30 11:19:00,2010-10-06 13:12:00,United Kingdom,195.16,39,428,4,5,4,13,Active
14811,170.5,1,2010-11-17 13:09:00,2010-11-17 13:09:00,United Kingdom,170.5,386,386,2,1,1,4,Lapsed
14812,185.8,1,2010-04-20 12:13:00,2010-04-20 12:13:00,United Kingdom,185.8,597,597,1,1,1,3,Lapsed
14813,1090.87,4,2010-12-05 11:57:00,2010-04-08 11:49:00,United Kingdom,272.72,368,609,2,3,3,8,Lapsed
14814,160.46,1,2010-05-07 14:10:00,2010-05-07 14:10:00,United Kingdom,160.46,580,580,1,1,1,3,Lapsed
14815,778.5,2,2011-11-03 11:36:00,2011-10-03 11:36:00,United Kingdom,389.25,35,66,4,2,3,9,Active
14816,271.85,1,2011-05-26 13:16:00,2011-05-26 13:16:00,United Kingdom,271.85,196,196,2,1,1,4,Lapsed
14817,3959.86,7,2011-05-23 13:35:00,2010-03-22 12:10:00,United Kingdom,565.69,199,626,2,4,5,11,Lapsed
14818,1170.41,6,2011-09-27 11:01:00,2010-03-02 12:48:00,United Kingdom,195.07,72,646,3,4,3,10,Active
14819,470.16,4,2011-10-06 13:41:00,2009-12-21 15:54:00,United Kingdom,117.54,63,717,3,3,2,8,Active
14820,1274.76,9,2011-11-18 15:41:00,2010-01-31 12:49:00,United Kingdom,141.64,20,676,4,5,4,13,Active
14821,1286.45,7,2010-12-08 08:43:00,2010-02-01 13:33:00,United Kingdom,183.78,365,675,2,4,4,10,Lapsed
14822,157.7,1,2010-08-11 12:52:00,2010-08-11 12:52:00,United Kingdom,157.7,484,484,1,1,1,3,Lapsed
14823,321.43,3,2011-06-12 13:12:00,2011-05-29 12:48:00,United Kingdom,107.14,179,193,3,3,2,8,At Risk
14824,4022.91,10,2011-11-29 14:20:00,2010-03-12 13:07:00,United Kingdom,402.29,9,636,5,5,5,15,Active
14825,4925.08,24,2011-12-06 11:38:00,2010-04-06 14:14:00,United Kingdom,205.21,2,611,5,5,5,15,Active
14826,385.2,2,2010-05-07 09:00:00,2010-01-13 13:08:00,United Kingdom,192.6,580,694,1,2,2,5,Lapsed
14828,9839.46,13,2011-05-27 10:16:00,2009-12-07 11:19:00,United Kingdom,756.88,195,731,2,5,5,12,Lapsed
14829,1692.84,7,2011-11-10 16:16:00,2010-09-29 13:14:00,United Kingdom,241.83,28,435,4,4,4,12,Active
14830,197.13,1,2011-10-17 14:29:00,2011-10-17 14:29:00,United Kingdom,197.13,52,52,4,1,1,6,Active
14831,1676.57,3,2010-01-28 14:31:00,2009-12-02 09:21:00,United Kingdom,558.86,679,736,1,3,4,8,Lapsed
14832,322.69,1,2010-03-19 15:14:00,2010-03-19 15:14:00,United Kingdom,322.69,629,629,1,1,2,4,Lapsed
14833,94.8,1,2010-07-29 10:06:00,2010-07-29 10:06:00,United Kingdom,94.8,497,497,1,1,1,3,Lapsed
14834,2206.16,7,2011-11-22 10:30:00,2010-10-28 17:37:00,United Kingdom,315.17,16,406,5,4,4,13,Active
14835,297.0,2,2010-06-29 10:08:00,2010-04-01 19:34:00,United Kingdom,148.5,527,616,1,2,2,5,Lapsed
14836,102.45,3,2011-11-29 16:45:00,2011-11-09 13:26:00,United Kingdom,34.15,9,29,5,3,1,9,Active
14837,3460.32,9,2011-09-11 10:58:00,2010-01-24 10:20:00,United Kingdom,384.48,88,683,3,5,5,13,Active
14838,773.67,2,2010-10-12 15:46:00,2009-12-03 09:52:00,United Kingdom,386.84,422,735,1,2,3,6,Lapsed
14839,915.28,3,2010-10-17 13:01:00,2010-01-04 16:29:00,United Kingdom,305.09,417,703,1,3,3,7,Lapsed
14840,362.71,2,2011-03-17 12:00:00,2010-06-18 15:42:00,United Kingdom,181.36,266,538,2,2,2,6,Lapsed
14841,7163.0,14,2011-10-17 15:03:00,2009-12-02 16:49:00,United Kingdom,511.64,52,736,4,5,5,14,Active
14842,2824.69,4,2011-10-27 12:37:00,2011-02-04 15:32:00,United Kingdom,706.17,42,307,4,3,4,11,Active
14843,211.8,1,2010-09-29 12:39:00,2010-09-29 12:39:00,United Kingdom,211.8,435,435,1,1,1,3,Lapsed
14844,6702.43,10,2011-10-07 10:41:00,2010-04-12 12:50:00,United Kingdom,670.24,62,605,3,5,5,13,Active
14845,150.0,1,2010-04-19 10:19:00,2010-04-19 10:19:00,United Kingdom,150.0,598,598,1,1,1,3,Lapsed
14846,437.4,1,2010-10-08 17:07:00,2010-10-08 17:07:00,United Kingdom,437.4,426,426,1,1,2,4,Lapsed
14847,1348.95,3,2011-07-14 10:52:00,2010-05-24 12:29:00,United Kingdom,449.65,147,563,3,3,4,10,At Risk
14848,310.56,1,2010-10-31 12:22:00,2010-10-31 12:22:00,United Kingdom,310.56,403,403,2,1,2,5,Lapsed
14849,15763.45,43,2011-11-18 10:58:00,2010-01-10 11:40:00,United Kingdom,366.59,20,697,4,5,5,14,Active
14850,1794.01,7,2011-02-01 11:21:00,2010-05-20 13:28:00,United Kingdom,256.29,310,567,2,4,4,10,Lapsed
14851,829.41,3,2011-11-16 14:20:00,2010-03-19 11:52:00,United Kingdom,276.47,22,629,4,3,3,10,Active
14852,6147.18,18,2011-10-12 13:20:00,2010-03-05 14:51:00,United Kingdom,341.51,57,643,4,5,5,14,Active
14853,1376.87,5,2011-11-15 16:56:00,2010-04-13 09:26:00,United Kingdom,275.37,23,604,4,4,4,12,Active
14854,4322.86,11,2011-09-22 17:00:00,2010-01-22 09:48:00,United Kingdom,392.99,77,685,3,5,5,13,Active
14855,6520.3,7,2011-08-12 14:02:00,2010-04-08 10:30:00,United Kingdom,931.47,118,609,3,4,5,12,At Risk
14856,1311.38,3,2011-11-03 14:53:00,2011-10-14 09:35:00,United Kingdom,437.13,35,55,4,3,4,11,Active
14857,3651.85,7,2011-10-11 09:23:00,2010-03-15 11:00:00,United Kingdom,521.69,58,633,3,4,5,12,Active
14858,180.75,1,2010-07-22 10:51:00,2010-07-22 10:51:00,United Kingdom,180.75,504,504,1,1,1,3,Lapsed
14859,1705.64,5,2011-11-27 11:18:00,2010-06-03 10:26:00,United Kingdom,341.13,11,553,5,4,4,13,Active
14860,170.32,1,2011-11-20 14:17:00,2011-11-20 14:17:00,United Kingdom,170.32,18,18,4,1,1,6,New
14861,1380.73,10,2011-10-18 12:54:00,2009-12-08 12:12:00,United Kingdom,138.07,51,730,4,5,4,13,Active
14862,841.2,2,2011-11-14 10:01:00,2011-07-14 11:20:00,United Kingdom,420.6,24,147,4,2,3,9,Active
14863,266.76,1,2011-11-10 15:04:00,2011-11-10 15:04:00,United Kingdom,266.76,28,28,4,1,1,6,New
14865,129.72,4,2011-12-02 16:25:00,2009-12-01 16:05:00,United Kingdom,32.43,6,737,5,3,1,9,Active
14866,20850.22,19,2011-11-29 11:45:00,2010-08-26 11:54:00,United Kingdom,1097.38,9,469,5,5,5,15,Active
14867,2952.06,16,2011-06-07 11:39:00,2009-12-05 15:47:00,United Kingdom,184.5,184,733,3,5,4,12,Lapsed
14868,4184.01,12,2011-12-06 14:49:00,2010-10-15 14:52:00,United Kingdom,348.67,2,419,5,5,5,15,Active
14869,2804.24,6,2011-12-01 12:36:00,2009-12-16 11:43:00,United Kingdom,467.37,7,722,5,4,4,13,Active
14870,1838.95,6,2011-03-23 10:51:00,2010-01-25 09:05:00,United Kingdom,306.49,260,682,2,4,4,10,Lapsed
14871,1258.97,9,2011-12-06 13:42:00,2009-12-01 11:57:00,United Kingdom,139.89,2,737,5,5,4,14,Active
14872,816.6,3,2010-08-13 12:34:00,2010-03-16 14:41:00,United Kingdom,272.2,482,632,1,3,3,7,Lapsed
14873,854.13,2,2011-05-13 13:52:00,2010-03-16 10:51:00,United Kingdom,427.06,209,632,2,2,3,7,Lapsed
14874,116.18,1,2010-06-22 14:58:00,2010-06-22 14:58:00,United Kingdom,116.18,534,534,1,1,1,3,Lapsed
14875,2862.4,3,2011-08-24 12:20:00,2010-09-24 10:28:00,United Kingdom,954.13,106,440,3,3,4,10,At Risk
14876,256.7,2,2010-07-06 14:57:00,2010-05-27 13:49:00,United Kingdom,128.35,520,560,1,2,1,4,Lapsed
14877,437.0,2,2010-10-17 13:09:00,2010-03-07 12:25:00,United Kingdom,218.5,417,641,1,2,2,5,Lapsed
14878,4105.24,25,2011-11-27 11:15:00,2010-02-21 11:14:00,United Kingdom,164.21,11,655,5,5,5,15,Active
14879,185.06,1,2010-01-24 11:35:00,2010-01-24 11:35:00,United Kingdom,185.06,683,683,1,1,1,3,Lapsed
14880,706.19,3,2011-09-23 13:42:00,2011-02-24 12:27:00,United Kingdom,235.4,76,287,3,3,3,9,Active
14881,255.4,1,2011-11-20 11:06:00,2011-11-20 11:06:00,United Kingdom,255.4,18,18,4,1,1,6,New
14882,3628.15,14,2011-11-13 12:47:00,2010-03-30 15:02:00,United Kingdom,259.15,25,618,4,5,5,14,Active
14883,761.59,6,2011-11-21 10:23:00,2011-05-12 09:49:00,United Kingdom,126.93,17,210,5,4,3,12,Active
14884,120.6,1,2010-02-08 12:56:00,2010-02-08 12:56:00,United Kingdom,120.6,668,668,1,1,1,3,Lapsed
14885,1598.12,3,2011-07-31 12:05:00,2010-08-31 10:11:00,United Kingdom,532.71,130,464,3,3,4,10,At Risk
14886,364.8,1,2011-04-01 08:56:00,2011-04-01 08:56:00,United Kingdom,364.8,251,251,2,1,2,5,Lapsed
14887,1862.0,1,2011-09-21 15:32:00,2011-09-21 15:32:00,United Kingdom,1862.0,78,78,3,1,4,8,Active
14888,369.2,1,2011-05-16 14:58:00,2011-05-16 14:58:00,United Kingdom,369.2,206,206,2,1,2,5,Lapsed
14889,135.9,1,2011-01-07 15:19:00,2011-01-07 15:19:00,United Kingdom,135.9,335,335,2,1,1,4,Lapsed
14890,817.25,3,2011-03-31 11:57:00,2010-02-18 09:00:00,United Kingdom,272.42,252,658,2,3,3,8,Lapsed
14891,1106.73,4,2011-07-14 18:08:00,2010-09-29 12:41:00,United Kingdom,276.68,147,435,3,3,3,9,At Risk
14892,202.35,1,2010-01-18 08:58:00,2010-01-18 08:58:00,United Kingdom,202.35,689,689,1,1,1,3,Lapsed
14893,1809.61,3,2011-11-30 12:31:00,2010-04-01 09:03:00,United Kingdom,603.2,8,616,5,3,4,12,Active
14894,1492.81,3,2011-09-15 13:51:00,2009-12-02 10:42:00,United Kingdom,497.6,84,736,3,3,4,10,Active
14895,25119.54,38,2011-12-02 09:23:00,2009-12-10 14:22:00,United Kingdom,661.04,6,728,5,5,5,15,Active
14896,2092.42,8,2011-05-19 10:20:00,2009-12-06 12:42:00,United Kingdom,261.55,203,732,2,4,4,10,Lapsed
14897,3140.54,8,2011-12-02 10:32:00,2009-12-15 17:05:00,United Kingdom,392.57,6,723,5,4,5,14,Active
14898,3507.81,14,2011-11-16 14:54:00,2009-12-03 16:40:00,United Kingdom,250.56,22,735,4,5,5,14,Active
14899,1384.88,1,2010-11-09 15:20:00,2010-11-09 15:20:00,United Kingdom,1384.88,394,394,2,1,4,7,Lapsed
14900,13.92,1,2010-07-05 15:09:00,2010-07-05 15:09:00,United Kingdom,13.92,521,521,1,1,1,3,Lapsed
14901,2289.65,12,2011-11-28 17:09:00,2010-07-29 11:11:00,United Kingdom,190.8,10,497,5,5,4,14,Active
14902,1035.62,3,2011-11-14 10:34:00,2010-06-04 12:35:00,United Kingdom,345.21,24,552,4,3,3,10,Active
14903,2810.63,5,2011-11-18 16:07:00,2011-03-06 11:50:00,United Kingdom,562.13,20,277,4,4,4,12,Active
14904,1640.64,4,2011-12-07 12:55:00,2010-10-08 12:48:00,United Kingdom,410.16,1,426,5,3,4,12,Active
14905,1971.39,8,2011-07-05 12:41:00,2009-12-03 14:36:00,United Kingdom,246.42,156,735,3,4,4,11,At Risk
14906,68.44,1,2010-09-20 16:30:00,2010-09-20 16:30:00,United Kingdom,68.44,444,444,1,1,1,3,Lapsed
14907,6165.79,16,2011-12-06 14:14:00,2010-04-16 13:40:00,United Kingdom,385.36,2,601,5,5,5,15,Active
14908,381.9,2,2011-09-26 12:56:00,2010-09-02 16:39:00,United Kingdom,190.95,73,462,3,2,2,7,Active
14909,1404.68,3,2010-09-28 16:56:00,2010-02-14 15:47:00,United Kingdom,468.23,436,662,1,3,4,8,Lapsed
14910,434.35,4,2011-12-07 10:06:00,2011-10-16 11:06:00,United Kingdom,108.59,1,53,5,3,2,10,Active
14911,295972.63,398,2011-12-08 15:54:00,2009-12-01 11:41:00,EIRE,743.65,0,737,5,5,5,15,Active
14912,1889.25,6,2011-11-23 09:20:00,2010-01-26 16:29:00,Italy,314.88,15,681,5,4,4,13,Active
14913,4073.13,8,2011-11-04 08:29:00,2010-08-11 08:40:00,United Kingdom,509.14,34,484,4,4,5,13,Active
14915,1811.25,11,2011-09-09 13:34:00,2009-12-03 10:17:00,United Kingdom,164.66,90,735,3,5,4,12,Active
14916,3042.95,8,2011-09-30 09:20:00,2010-04-01 10:57:00,United Kingdom,380.37,69,616,3,4,5,12,Active
14917,1123.75,2,2010-04-22 11:28:00,2010-04-22 09:44:00,United Kingdom,561.88,595,595,1,2,3,6,Lapsed
14918,5955.81,9,2011-08-16 11:50:00,2010-04-08 11:18:00,United Kingdom,661.76,114,609,3,5,5,13,At Risk
14919,359.35,1,2010-06-18 13:06:00,2010-06-18 13:06:00,United Kingdom,359.35,538,538,1,1,2,4,Lapsed
14920,1607.17,3,2011-05-11 10:32:00,2010-05-23 15:25:00,United Kingdom,535.72,211,564,2,3,4,9,Lapsed
14921,1316.07,2,2011-11-09 13:17:00,2011-05-22 12:51:00,United Kingdom,658.04,29,200,4,2,4,10,Active
14922,843.74,2,2010-11-11 11:14:00,2010-07-20 09:45:00,United Kingdom,421.87,392,506,2,2,3,7,Lapsed
14923,749.1,1,2011-10-20 11:51:00,2011-10-20 11:51:00,United Kingdom,749.1,49,49,4,1,3,8,Active
14924,931.01,3,2011-04-08 09:25:00,2010-03-10 12:51:00,United Kingdom,310.34,244,638,2,3,3,8,Lapsed
14926,359.4,2,2010-11-23 07:13:00,2010-04-20 09:59:00,United Kingdom,179.7,380,597,2,2,2,6,Lapsed
14927,308.2,1,2010-11-08 12:30:00,2010-11-08 12:30:00,United Kingdom,308.2,395,395,2,1,2,5,Lapsed
14928,223.91,1,2010-03-22 09:14:00,2010-03-22 09:14:00,United Kingdom,223.91,626,626,1,1,1,3,Lapsed
14929,836.69,2,2011-11-07 17:21:00,2010-10-14 12:22:00,United Kingdom,418.34,31,420,4,2,3,9,Active
14930,5246.63,6,2011-08-23 10:31:00,2010-04-12 11:22:00,Channel Islands,874.44,107,605,3,4,5,12,At Risk
14931,1257.68,5,2011-12-05 10:19:00,2011-04-13 09:32:00,Channel Islands,251.54,3,239,5,4,4,13,Active
14932,1029.66,2,2010-12-09 11:48:00,2010-11-19 09:16:00,Channel Islands,514.83,364,384,2,2,3,7,Lapsed
14933,1770.0,4,2010-09-22 10:47:00,2010-09-21 17:29:00,Channel Islands,442.5,442,443,1,3,4,8,Lapsed
14934,3503.5,5,2011-09-19 10:10:00,2010-09-24 12:08:00,Channel Islands,700.7,80,440,3,4,5,12,Active
14935,2849.83,2,2011-02-15 14:44:00,2010-03-30 11:48:00,Channel Islands,1424.92,296,618,2,2,4,8,Lapsed
14936,12410.81,12,2011-11-06 10:30:00,2010-05-05 12:26:00,Channel Islands,1034.23,32,582,4,5,5,14,Active
14937,1621.88,3,2011-10-14 12:29:00,2011-08-01 14:16:00,Channel Islands,540.63,55,129,4,3,4,11,Active
14938,2322.43,2,2010-05-26 13:38:00,2010-05-26 13:35:00,Channel Islands,1161.21,561,561,1,2,4,7,Lapsed
14940,531.49,2,2010-10-18 10:47:00,2009-12-06 15:46:00,United Kingdom,265.74,416,732,1,2,2,5,Lapsed
14941,182.1,1,2010-05-10 11:30:00,2010-05-10 11:30:00,United Kingdom,182.1,577,577,1,1,1,3,Lapsed
14942,746.56,4,2010-11-03 10:51:00,2009-12-10 10:32:00,United Kingdom,186.64,400,728,2,3,3,8,Lapsed
14943,107.62,1,2010-02-14 16:04:00,2010-02-14 16:04:00,United Kingdom,107.62,662,662,1,1,1,3,Lapsed
14944,9784.67,19,2011-11-10 09:10:00,2010-02-17 08:47:00,United Kingdom,514.98,28,659,4,5,5,14,Active
14945,179.4,1,2010-10-22 11:26:00,2010-10-22 11:26:00,United Kingdom,179.4,412,412,1,1,1,3,Lapsed
14946,100.9,1,2011-11-25 13:33:00,2011-11-25 13:33:00,United Kingdom,100.9,13,13,5,1,1,7,New
14947,1049.79,6,2011-09-28 15:48:00,2010-03-25 11:29:00,United Kingdom,174.96,71,623,3,4,3,10,Active
14948,1101.97,6,2011-11-16 17:16:00,2011-05-04 14:52:00,United Kingdom,183.66,22,218,4,4,3,11,Active
14949,515.0,4,2010-08-27 15:38:00,2009-12-18 15:28:00,United Kingdom,128.75,468,720,1,3,2,6,Lapsed
14950,371.2,1,2011-11-20 13:48:00,2011-11-20 13:48:00,United Kingdom,371.2,18,18,4,1,2,7,New
14951,311.69,1,2011-09-21 15:15:00,2011-09-21 15:15:00,United Kingdom,311.69,78,78,3,1,2,6,Active
14952,17629.35,32,2011-10-11 10:33:00,2009-12-03 15:34:00,United Kingdom,550.92,58,735,3,5,5,13,Active
14953,1013.77,4,2011-11-14 14:59:00,2010-09-30 12:16:00,United Kingdom,253.44,24,434,4,3,3,10,Active
14954,503.44,2,2011-11-27 14:30:00,2010-01-05 16:38:00,United Kingdom,251.72,11,702,5,2,2,9,Active
14955,163.77,1,2009-12-07 11:35:00,2009-12-07 11:35:00,United Kingdom,163.77,731,731,1,1,1,3,Lapsed
14956,1325.0,1,2010-10-14 16:40:00,2010-10-14 16:40:00,United Kingdom,1325.0,420,420,1,1,4,6,Lapsed
14957,333.29,2,2011-03-31 17:59:00,2010-03-05 10:50:00,United Kingdom,166.64,252,643,2,2,2,6,Lapsed
14958,957.94,6,2011-07-15 14:20:00,2009-12-03 16:02:00,United Kingdom,159.66,146,735,3,4,3,10,At Risk
14959,695.42,4,2011-10-06 18:23:00,2011-02-16 13:00:00,United Kingdom,173.86,63,295,3,3,3,9,Active
14960,221.27,2,2011-12-01 12:54:00,2011-06-21 13:38:00,United Kingdom,110.64,7,170,5,2,1,8,Active
14961,16410.15,22,2011-11-29 09:42:00,2009-12-04 11:32:00,United Kingdom,745.92,9,734,5,5,5,15,Active
14962,366.91,4,2011-03-14 09:42:00,2010-05-04 14:57:00,United Kingdom,91.73,269,583,2,3,2,7,Lapsed
14963,3164.48,12,2011-11-30 12:16:00,2010-07-02 12:43:00,United Kingdom,263.71,8,524,5,5,5,15,Active
14964,206.21,1,2011-04-06 14:13:00,2011-04-06 14:13:00,United Kingdom,206.21,246,246,2,1,1,4,Lapsed
14965,599.0,2,2011-09-04 13:20:00,2011-09-04 13:15:00,United Kingdom,299.5,95,95,3,2,2,7,At Risk
14966,1115.84,6,2011-11-25 12:20:00,2009-12-15 13:48:00,United Kingdom,185.97,13,723,5,4,3,12,Active
14967,1982.61,6,2011-10-21 11:06:00,2009-12-03 14:07:00,United Kingdom,330.44,48,735,4,4,4,12,Active
14968,504.99,2,2011-11-09 13:58:00,2010-09-07 13:28:00,United Kingdom,252.5,29,457,4,2,2,8,Active
14969,906.23,1,2010-01-05 12:43:00,2010-01-05 12:43:00,United Kingdom,906.23,702,702,1,1,3,5,Lapsed
14970,4919.35,12,2011-10-02 13:44:00,2010-02-14 13:37:00,United Kingdom,409.95,67,662,3,5,5,13,Active
14971,1116.57,3,2011-11-04 17:07:00,2011-10-27 13:33:00,United Kingdom,372.19,34,42,4,3,3,10,Active
14972,145.07,2,2011-08-03 14:54:00,2010-11-23 16:17:00,United Kingdom,72.54,127,380,3,2,1,6,At Risk
14973,1314.45,3,2011-08-24 15:51:00,2011-04-28 12:22:00,United Kingdom,438.15,106,224,3,3,4,10,At Risk
14974,114.39,1,2011-11-02 13:01:00,2011-11-02 13:01:00,United Kingdom,114.39,36,36,4,1,1,6,Active
14975,472.39,2,2011-10-13 14:08:00,2010-10-14 14:11:00,United Kingdom,236.2,56,420,4,2,2,8,Active
14976,790.86,7,2011-10-13 16:37:00,2011-01-17 11:09:00,United Kingdom,112.98,56,325,4,4,3,11,Active
14977,31.93,1,2009-12-14 10:37:00,2009-12-14 10:37:00,United Kingdom,31.93,724,724,1,1,1,3,Lapsed
14978,3142.14,10,2011-09-28 13:07:00,2010-04-28 10:50:00,United Kingdom,314.21,71,589,3,5,5,13,Active
14979,439.46,1,2009-12-04 12:54:00,2009-12-04 12:54:00,United Kingdom,439.46,734,734,1,1,2,4,Lapsed
14980,150.68,1,2009-12-02 14:09:00,2009-12-02 14:09:00,United Kingdom,150.68,736,736,1,1,1,3,Lapsed
14981,372.92,2,2011-04-07 13:45:00,2010-10-12 11:04:00,United Kingdom,186.46,245,422,2,2,2,6,Lapsed
14982,237.78,1,2010-05-16 15:52:00,2010-05-16 15:52:00,United Kingdom,237.78,571,571,1,1,1,3,Lapsed
14983,183.2,1,2010-01-19 17:32:00,2010-01-19 17:32:00,United Kingdom,183.2,688,688,1,1,1,3,Lapsed
14984,1271.41,6,2011-11-20 14:28:00,2010-01-11 13:22:00,United Kingdom,211.9,18,696,4,4,4,12,Active
14985,296.75,2,2011-05-25 14:29:00,2010-12-16 19:51:00,United Kingdom,148.38,197,357,2,2,2,6,Lapsed
14986,566.9,2,2010-11-28 15:25:00,2010-01-24 15:54:00,United Kingdom,283.45,375,683,2,2,2,6,Lapsed
14987,1713.85,8,2011-11-24 09:59:00,2009-12-02 14:56:00,United Kingdom,214.23,14,736,5,4,4,13,Active
14988,2066.6,7,2011-05-12 12:05:00,2010-04-16 13:34:00,United Kingdom,295.23,210,601,2,4,4,10,Lapsed
14989,342.4,1,2010-02-16 10:40:00,2010-02-16 10:40:00,United Kingdom,342.4,660,660,1,1,2,4,Lapsed
14990,305.42,2,2010-04-06 13:54:00,2009-12-09 13:31:00,United Kingdom,152.71,611,729,1,2,2,5,Lapsed
14991,314.67,1,2010-10-05 13:01:00,2010-10-05 13:01:00,United Kingdom,314.67,429,429,1,1,2,4,Lapsed
14992,210.5,1,2010-09-23 17:48:00,2010-09-23 17:48:00,United Kingdom,210.5,441,441,1,1,1,3,Lapsed
14993,36.13,1,2010-05-25 12:47:00,2010-05-25 12:47:00,United Kingdom,36.13,562,562,1,1,1,3,Lapsed
14994,960.63,5,2010-11-22 12:59:00,2010-03-26 14:16:00,United Kingdom,192.13,381,622,2,4,3,9,Lapsed
14995,233.23,2,2011-11-01 11:39:00,2011-03-04 13:14:00,United Kingdom,116.62,37,279,4,2,1,7,Active
14996,442.29,2,2010-08-15 13:44:00,2010-08-15 13:41:00,United Kingdom,221.14,480,480,1,2,2,5,Lapsed
14997,776.6,4,2011-10-24 13:28:00,2010-02-22 12:11:00,United Kingdom,194.15,45,654,4,3,3,10,Active
14998,770.73,4,2011-06-22 17:30:00,2010-04-13 16:07:00,United Kingdom,192.68,169,604,3,3,3,9,At Risk
14999,129.48,1,2010-04-26 10:47:00,2010-04-26 10:47:00,United Kingdom,129.48,591,591,1,1,1,3,Lapsed
15000,490.52,1,2011-10-23 11:42:00,2011-10-23 11:42:00,United Kingdom,490.52,46,46,4,1,2,7,Active
15001,230.86,2,2010-11-10 13:51:00,2010-11-10 13:31:00,United Kingdom,115.43,393,393,2,2,1,5,Lapsed
15002,4817.28,9,2011-08-16 10:44:00,2010-01-12 11:40:00,United Kingdom,535.25,114,695,3,5,5,13,At Risk
15003,1060.7,6,2010-08-23 15:44:00,2010-01-26 13:04:00,United Kingdom,176.78,472,681,1,4,3,8,Lapsed
15004,1246.32,1,2011-07-15 14:05:00,2011-07-15 14:05:00,United Kingdom,1246.32,146,146,3,1,3,7,At Risk
15005,14106.2,56,2011-11-24 12:25:00,2009-12-01 14:19:00,United Kingdom,251.9,14,737,5,5,5,15,Active
15006,825.14,2,2011-10-19 15:08:00,2010-09-12 13:03:00,United Kingdom,412.57,50,452,4,2,3,9,Active
15007,156.91,1,2011-07-03 16:00:00,2011-07-03 16:00:00,United Kingdom,156.91,158,158,3,1,1,5,At Risk
15008,360.0,2,2010-08-16 13:09:00,2010-03-12 11:13:00,United Kingdom,180.0,479,636,1,2,2,5,Lapsed
15009,1261.78,3,2011-11-27 13:35:00,2011-11-14 17:40:00,United Kingdom,420.59,11,24,5,3,4,12,Active
15010,308.94,1,2011-11-04 12:42:00,2011-11-04 12:42:00,United Kingdom,308.94,34,34,4,1,2,7,Active
15011,416.6,2,2010-11-09 11:10:00,2010-10-19 12:05:00,United Kingdom,208.3,394,415,2,2,2,6,Lapsed
15012,860.62,3,2011-10-17 12:22:00,2010-05-12 11:49:00,United Kingdom,286.87,52,575,4,3,3,10,Active
15013,1641.3,10,2010-08-09 12:05:00,2010-01-31 12:15:00,United Kingdom,164.13,486,676,1,5,4,10,Lapsed
15014,260.17,2,2011-10-27 20:07:00,2011-06-16 19:40:00,United Kingdom,130.08,42,175,4,2,1,7,Active
15015,2365.02,13,2010-07-26 13:50:00,2009-12-14 14:46:00,United Kingdom,181.92,500,724,1,5,4,10,Lapsed
15016,630.3,5,2011-06-20 12:06:00,2010-06-14 13:06:00,United Kingdom,126.06,171,542,3,4,3,10,At Risk
15017,125.58,1,2011-11-06 10:33:00,2011-11-06 10:33:00,United Kingdom,125.58,32,32,4,1,1,6,Active
15018,607.46,3,2011-11-01 12:47:00,2010-12-07 10:47:00,United Kingdom,202.49,37,366,4,3,2,9,Active
15019,266.0,1,2011-03-18 12:35:00,2011-03-18 12:35:00,United Kingdom,266.0,265,265,2,1,1,4,Lapsed
15020,203.42,1,2010-11-25 13:29:00,2010-11-25 13:29:00,United Kingdom,203.42,378,378,2,1,1,4,Lapsed
15021,2783.83,12,2011-12-01 11:53:00,2010-07-29 16:35:00,United Kingdom,231.99,7,497,5,5,4,14,Active
15022,1186.09,5,2011-11-28 12:35:00,2010-01-31 16:02:00,United Kingdom,237.22,10,676,5,4,3,12,Active
15023,12170.68,20,2011-12-06 17:23:00,2010-02-03 15:45:00,United Kingdom,608.53,2,673,5,5,5,15,Active
15024,4075.51,16,2011-11-30 12:06:00,2010-10-11 16:14:00,United Kingdom,254.72,8,423,5,5,5,15,Active
15025,1013.09,2,2011-11-06 15:20:00,2010-05-20 13:28:00,United Kingdom,506.54,32,567,4,2,3,9,Active
15026,1061.61,5,2011-09-20 13:52:00,2010-09-17 13:52:00,United Kingdom,212.32,79,447,3,4,3,10,Active
15027,3195.6,10,2011-11-09 10:16:00,2010-03-25 14:39:00,United Kingdom,319.56,29,623,4,5,5,14,Active
15028,1157.71,6,2011-12-01 14:06:00,2010-11-10 14:32:00,United Kingdom,192.95,7,393,5,4,3,12,Active
15029,365.1,1,2010-03-30 12:16:00,2010-03-30 12:16:00,United Kingdom,365.1,618,618,1,1,2,4,Lapsed
15030,1979.91,8,2011-09-29 10:50:00,2010-03-04 17:10:00,United Kingdom,247.49,70,644,3,4,4,11,Active
15031,3156.58,14,2011-12-05 14:19:00,2009-12-08 13:38:00,United Kingdom,225.47,3,730,5,5,5,15,Active
15032,13780.65,8,2011-03-28 15:03:00,2009-12-10 15:27:00,United Kingdom,1722.58,255,728,2,4,5,11,Lapsed
15033,2586.67,10,2011-12-05 12:40:00,2011-01-14 13:28:00,United Kingdom,258.67,3,328,5,5,4,14,Active
15034,8313.4,14,2011-11-24 12:11:00,2010-05-11 13:30:00,United Kingdom,593.81,14,576,5,5,5,15,Active
15035,252.73,1,2011-09-11 11:08:00,2011-09-11 11:08:00,United Kingdom,252.73,88,88,3,1,1,5,Active
15036,465.55,3,2011-09-28 15:42:00,2011-06-13 12:19:00,United Kingdom,155.18,71,178,3,3,2,8,Active
15037,402.51,2,2010-11-28 13:05:00,2010-11-28 12:14:00,United Kingdom,201.26,375,375,2,2,2,6,Lapsed
15038,1309.86,9,2011-10-12 11:33:00,2010-10-10 14:35:00,United Kingdom,145.54,57,424,4,5,4,13,Active
15039,40031.43,93,2011-11-30 11:31:00,2009-12-10 11:39:00,United Kingdom,430.45,8,728,5,5,5,15,Active
15040,7.49,1,2010-06-16 11:40:00,2010-06-16 11:40:00,United Kingdom,7.49,540,540,1,1,1,3,Lapsed
15041,294.02,2,2011-06-22 16:16:00,2010-09-21 13:16:00,United Kingdom,147.01,169,443,3,2,2,7,At Risk
15042,315.45,2,2011-05-24 16:25:00,2010-04-23 14:01:00,United Kingdom,157.72,198,594,2,2,2,6,Lapsed
15043,2873.8,6,2011-11-08 14:26:00,2010-06-24 15:50:00,United Kingdom,478.97,30,532,4,4,4,12,Active
15044,16204.33,35,2011-11-20 13:20:00,2009-12-16 15:13:00,United Kingdom,462.98,18,722,4,5,5,14,Active
15045,735.66,2,2011-07-11 11:33:00,2011-03-27 11:44:00,United Kingdom,367.83,150,256,3,2,3,8,At Risk
15046,7812.39,25,2011-11-30 15:50:00,2010-01-14 14:29:00,United Kingdom,312.5,8,693,5,5,5,15,Active
15047,343.62,1,2011-03-15 10:49:00,2011-03-15 10:49:00,United Kingdom,343.62,268,268,2,1,2,5,Lapsed
15048,482.75,4,2011-10-05 14:55:00,2010-12-06 12:15:00,United Kingdom,120.69,64,367,3,3,2,8,Active
15049,121.17,1,2011-03-11 12:13:00,2011-03-11 12:13:00,United Kingdom,121.17,272,272,2,1,1,4,Lapsed
15050,4193.79,5,2011-11-14 16:17:00,2010-08-16 12:00:00,United Kingdom,838.76,24,479,4,4,5,13,Active
15051,3935.16,9,2011-11-16 15:38:00,2009-12-01 13:29:00,United Kingdom,437.24,22,737,4,5,5,14,Active
15052,215.78,1,2011-01-24 15:52:00,2011-01-24 15:52:00,United Kingdom,215.78,318,318,2,1,1,4,Lapsed
15053,697.79,3,2011-12-05 12:08:00,2011-03-03 12:06:00,United Kingdom,232.6,3,280,5,3,3,11,Active
15054,302.1,2,2011-11-27 15:02:00,2011-10-30 14:33:00,United Kingdom,151.05,11,39,5,2,2,9,Active
15055,560.07,3,2010-08-22 11:06:00,2009-12-16 15:48:00,United Kingdom,186.69,473,722,1,3,2,6,Lapsed
15056,133.45,1,2010-07-07 15:58:00,2010-07-07 15:58:00,United Kingdom,133.45,519,519,1,1,1,3,Lapsed
15057,3255.96,5,2011-03-09 15:17:00,2009-12-05 15:27:00,United Kingdom,651.19,274,733,2,4,5,11,Lapsed
15058,3410.03,16,2011-11-14 14:57:00,2010-02-24 14:07:00,United Kingdom,213.13,24,652,4,5,5,14,Active
15059,3523.57,19,2011-10-30 11:35:00,2009-12-06 12:17:00,United Kingdom,185.45,39,732,4,5,5,14,Active
15060,303.09,4,2011-12-01 13:47:00,2011-11-30 14:03:00,United Kingdom,75.77,7,8,5,3,2,10,Active
15061,137818.52,127,2011-12-06 12:06:00,2009-12-01 12:18:00,United Kingdom,1085.19,2,737,5,5,5,15,Active
15062,2585.62,8,2011-09-29 16:51:00,2010-04-08 15:41:00,United Kingdom,323.2,70,609,3,4,4,11,Active
15063,370.8,1,2011-05-10 13:25:00,2011-05-10 13:25:00,United Kingdom,370.8,212,212,2,1,2,5,Lapsed
15064,1254.41,4,2010-10-25 14:32:00,2009-12-22 16:17:00,United Kingdom,313.6,409,716,1,3,4,8,Lapsed
15065,3326.86,5,2011-11-02 09:45:00,2010-10-25 09:13:00,United Kingdom,665.37,36,409,4,4,5,13,Active
15066,893.59,1,2011-10-17 13:25:00,2011-10-17 13:25:00,United Kingdom,893.59,52,52,4,1,3,8,Active
15067,3877.88,5,2011-09-22 13:20:00,2010-04-11 15:54:00,United Kingdom,775.58,77,606,3,4,5,12,Active
15068,1176.85,4,2011-10-24 14:47:00,2010-03-28 13:18:00,United Kingdom,294.21,45,620,4,3,3,10,Active
15069,1109.53,1,2011-06-13 14:16:00,2011-06-13 14:16:00,United Kingdom,1109.53,178,178,3,1,3,7,At Risk
15070,843.25,3,2010-12-02 11:23:00,2009-12-15 13:49:00,United Kingdom,281.08,371,723,2,3,3,8,Lapsed
15071,1455.56,4,2011-09-07 11:43:00,2010-05-18 12:45:00,United Kingdom,363.89,92,569,3,3,4,10,At Risk
15072,187.52,1,2010-08-17 15:46:00,2010-08-17 15:46:00,United Kingdom,187.52,478,478,1,1,1,3,Lapsed
15073,2788.02,8,2011-11-30 10:44:00,2010-01-27 08:48:00,United Kingdom,348.5,8,680,5,4,4,13,Active
15074,1566.33,3,2011-08-26 14:45:00,2010-08-29 11:47:00,United Kingdom,522.11,104,466,3,3,4,10,At Risk
15075,773.03,1,2011-09-23 12:27:00,2011-09-23 12:27:00,United Kingdom,773.03,76,76,3,1,3,7,Active
15076,1447.74,3,2011-06-20 08:23:00,2010-07-05 14:11:00,United Kingdom,482.58,171,521,3,3,4,10,At Risk
15077,2428.08,2,2010-08-02 11:13:00,2009-12-09 17:10:00,United Kingdom,1214.04,493,729,1,2,4,7,Lapsed
15078,17761.88,53,2011-12-02 15:41:00,2009-12-04 12:03:00,United Kingdom,335.13,6,734,5,5,5,15,Active
15079,3767.35,11,2011-05-11 12:45:00,2009-12-08 11:22:00,United Kingdom,342.49,211,730,2,5,5,12,Lapsed
15080,546.25,2,2010-10-08 11:52:00,2010-07-26 10:03:00,United Kingdom,273.12,426,500,1,2,2,5,Lapsed
15081,1965.72,12,2011-11-17 17:08:00,2010-06-22 10:25:00,United Kingdom,163.81,21,534,4,5,4,13,Active
15082,93.35,1,2010-02-09 10:23:00,2010-02-09 10:23:00,United Kingdom,93.35,667,667,1,1,1,3,Lapsed
15083,88.2,1,2011-03-28 12:18:00,2011-03-28 12:18:00,United Kingdom,88.2,255,255,2,1,1,4,Lapsed
15084,965.2,2,2010-11-25 11:58:00,2010-03-04 10:45:00,United Kingdom,482.6,378,644,2,2,3,7,Lapsed
15085,347.54,1,2009-12-10 11:47:00,2009-12-10 11:47:00,United Kingdom,347.54,728,728,1,1,2,4,Lapsed
15086,218.53,2,2010-05-24 12:27:00,2010-03-24 13:56:00,United Kingdom,109.26,563,624,1,2,1,4,Lapsed
15087,306.94,1,2011-03-03 10:34:00,2011-03-03 10:34:00,United Kingdom,306.94,280,280,2,1,2,5,Lapsed
15088,1160.07,2,2011-11-18 13:14:00,2011-10-03 14:05:00,United Kingdom,580.04,20,66,4,2,3,9,Active
15089,2420.84,6,2011-11-29 16:31:00,2011-08-03 14:14:00,United Kingdom,403.47,9,127,5,4,4,13,Active
15090,381.32,1,2011-02-04 14:03:00,2011-02-04 14:03:00,United Kingdom,381.32,307,307,2,1,2,5,Lapsed
15091,1046.61,3,2011-10-03 12:47:00,2010-02-03 11:46:00,United Kingdom,348.87,66,673,3,3,3,9,Active
15092,776.46,3,2011-05-08 14:10:00,2010-09-03 12:33:00,United Kingdom,258.82,214,461,2,3,3,8,Lapsed
15093,14326.11,23,2011-11-21 13:09:00,2009-12-08 12:46:00,United Kingdom,622.87,17,730,5,5,5,15,Active
15094,83.0,2,2010-09-02 16:55:00,2010-03-05 12:56:00,United Kingdom,41.5,462,643,1,2,1,4,Lapsed
15095,3141.64,10,2011-08-28 12:01:00,2010-01-21 09:37:00,United Kingdom,314.16,102,686,3,5,5,13,At Risk
15096,219.39,1,2011-10-28 10:27:00,2011-10-28 10:27:00,United Kingdom,219.39,41,41,4,1,1,6,Active
15097,908.35,3,2011-12-05 14:03:00,2010-05-05 14:22:00,United Kingdom,302.78,3,582,5,3,3,11,Active
15098,39916.5,3,2011-06-10 15:33:00,2011-06-10 15:22:00,United Kingdom,13305.5,181,181,3,3,5,11,Lapsed
15099,410.48,1,2011-09-16 13:13:00,2011-09-16 13:13:00,United Kingdom,410.48,83,83,3,1,2,6,Active
15100,2894.7,7,2011-01-10 10:35:00,2010-01-07 14:33:00,United Kingdom,413.53,332,700,2,4,4,10,Lapsed
15101,1477.94,6,2011-12-01 10:18:00,2010-04-28 15:00:00,United Kingdom,246.32,7,589,5,4,4,13,Active
15102,554.67,2,2010-06-27 12:16:00,2010-06-11 10:16:00,United Kingdom,277.33,529,545,1,2,2,5,Lapsed
15103,703.36,2,2011-11-08 14:53:00,2011-09-14 13:54:00,United Kingdom,351.68,30,85,4,2,3,9,Active
15104,1027.44,2,2011-05-27 12:29:00,2011-03-02 14:16:00,United Kingdom,513.72,195,281,2,2,3,7,Lapsed
15105,3094.91,9,2011-11-21 16:54:00,2010-03-23 12:18:00,United Kingdom,343.88,17,625,5,5,5,15,Active
15106,1422.52,5,2011-11-22 09:16:00,2011-03-15 12:52:00,United Kingdom,284.5,16,268,5,4,4,13,Active
15107,940.35,9,2011-02-01 14:46:00,2010-09-14 10:47:00,United Kingdom,104.48,310,450,2,5,3,10,Lapsed
15108,1300.25,4,2011-07-21 10:24:00,2011-04-26 10:54:00,European Community,325.06,140,226,3,3,4,10,At Risk
15109,983.1,3,2011-04-08 09:58:00,2009-12-04 12:33:00,United Kingdom,327.7,244,734,2,3,3,8,Lapsed
15110,1505.85,6,2011-11-16 11:16:00,2010-08-11 15:49:00,United Kingdom,250.98,22,484,4,4,4,12,Active
15111,2730.87,5,2011-11-10 16:58:00,2010-04-26 13:12:00,United Kingdom,546.17,28,591,4,4,4,12,Active
15112,209.4,1,2010-04-07 14:17:00,2010-04-07 14:17:00,United Kingdom,209.4,610,610,1,1,1,3,Lapsed
15113,3609.33,3,2011-11-30 08:23:00,2011-10-16 15:27:00,United Kingdom,1203.11,8,53,5,3,5,13,Active
15114,3400.12,12,2011-11-09 15:05:00,2010-10-14 16:44:00,United Kingdom,283.34,29,420,4,5,5,14,Active
15115,531.85,2,2011-11-21 14:59:00,2009-12-07 11:20:00,United Kingdom,265.92,17,731,5,2,2,9,Active
15116,1352.75,4,2011-11-22 12:25:00,2011-05-19 08:50:00,United Kingdom,338.19,16,203,5,3,4,12,Active
15117,2485.97,8,2011-11-25 08:12:00,2010-03-15 13:39:00,United Kingdom,310.75,13,633,5,4,4,13,Active
15118,244.8,1,2011-07-28 14:54:00,2011-07-28 14:54:00,United Kingdom,244.8,133,133,3,1,1,5,At Risk
15119,266.4,1,2011-04-08 09:08:00,2011-04-08 09:08:00,United Kingdom,266.4,244,244,2,1,1,4,Lapsed
15120,358.82,1,2011-07-29 09:48:00,2011-07-29 09:48:00,United Kingdom,358.82,132,132,3,1,2,6,At Risk
15121,457.72,2,2011-10-20 14:51:00,2011-02-24 12:41:00,United Kingdom,228.86,49,287,4,2,2,8,Active
15122,4497.47,11,2011-08-17 16:48:00,2010-03-30 14:05:00,United Kingdom,408.86,113,618,3,5,5,13,At Risk
15123,4656.17,5,2011-12-02 13:12:00,2010-03-16 09:49:00,United Kingdom,931.23,6,632,5,4,5,14,Active
15124,450.82,4,2011-11-17 10:09:00,2010-02-26 10:49:00,United Kingdom,112.7,21,650,4,3,2,9,Active
15125,17024.87,24,2011-11-14 13:57:00,2010-03-31 13:29:00,United Kingdom,709.37,24,617,4,5,5,14,Active
15126,449.49,2,2010-06-21 12:31:00,2010-01-21 17:09:00,United Kingdom,224.74,535,686,1,2,2,5,Lapsed
15127,711.5,2,2011-10-05 10:30:00,2010-07-08 10:07:00,United Kingdom,355.75,64,518,3,2,3,8,Active
15128,1783.68,5,2011-10-10 13:54:00,2010-10-05 16:46:00,United Kingdom,356.74,59,429,3,4,4,11,Active
15129,6860.18,23,2011-10-20 14:40:00,2010-04-08 17:15:00,United Kingdom,298.27,49,609,4,5,5,14,Active
15130,330.11,1,2011-06-23 10:15:00,2011-06-23 10:15:00,United Kingdom,330.11,168,168,3,1,2,6,At Risk
15131,80.28,1,2010-11-10 12:07:00,2010-11-10 12:07:00,United Kingdom,80.28,393,393,2,1,1,4,Lapsed
15132,977.93,5,2011-11-21 17:10:00,2011-03-22 12:02:00,United Kingdom,195.59,17,261,5,4,3,12,Active
15133,1806.9,5,2011-08-04 10:44:00,2010-07-07 12:31:00,United Kingdom,361.38,126,519,3,4,4,11,At Risk
15134,1596.29,10,2011-11-25 08:55:00,2010-10-13 12:44:00,United Kingdom,159.63,13,421,5,5,4,14,Active
15135,305.68,2,2011-04-14 19:16:00,2010-06-01 13:33:00,United Kingdom,152.84,238,555,2,2,2,6,Lapsed
15136,1286.7,4,2011-12-07 12:26:00,2011-09-04 16:05:00,United Kingdom,321.68,1,95,5,3,4,12,Active
15137,823.4,2,2010-07-07 09:41:00,2010-01-28 15:45:00,United Kingdom,411.7,519,679,1,2,3,6,Lapsed
15138,502.52,1,2010-11-11 09:16:00,2010-11-11 09:16:00,United Kingdom,502.52,392,392,2,1,2,5,Lapsed
15139,178.96,2,2011-04-14 11:39:00,2011-01-07 12:44:00,United Kingdom,89.48,238,335,2,2,1,5,Lapsed
15140,3243.69,8,2011-10-18 14:07:00,2010-09-23 13:07:00,United Kingdom,405.46,51,441,4,4,5,13,Active
15141,1388.47,7,2010-09-08 11:33:00,2010-03-28 15:58:00,United Kingdom,198.35,456,620,1,4,4,9,Lapsed
15142,2619.92,6,2011-10-24 12:51:00,2010-07-27 09:05:00,United Kingdom,436.65,45,499,4,4,4,12,Active
15143,563.63,2,2011-04-28 12:03:00,2010-10-03 13:58:00,United Kingdom,281.82,224,431,2,2,2,6,Lapsed
15144,12160.31,29,2011-12-01 15:12:00,2009-12-13 11:35:00,United Kingdom,419.32,7,725,5,5,5,15,Active
15145,1194.73,4,2011-12-05 17:21:00,2011-04-05 15:20:00,United Kingdom,298.68,3,247,5,3,3,11,Active
15146,1327.16,2,2011-06-28 12:09:00,2011-02-21 13:07:00,United Kingdom,663.58,163,290,3,2,4,9,At Risk
15147,623.5,1,2011-04-13 15:57:00,2011-04-13 15:57:00,United Kingdom,623.5,239,239,2,1,3,6,Lapsed
15148,301.29,1,2011-11-29 08:21:00,2011-11-29 08:21:00,United Kingdom,301.29,9,9,5,1,2,8,New
15149,1554.61,5,2011-07-29 10:58:00,2010-02-28 11:13:00,United Kingdom,310.92,132,648,3,4,4,11,At Risk
15150,9001.08,13,2011-11-22 12:52:00,2010-06-14 12:01:00,United Kingdom,692.39,16,542,5,5,5,15,Active
15151,2085.61,2,2010-10-12 16:37:00,2010-07-18 12:19:00,United Kingdom,1042.8,422,508,1,2,4,7,Lapsed
15152,5263.83,14,2011-11-30 12:32:00,2010-01-07 15:15:00,United Kingdom,375.99,8,700,5,5,5,15,Active
15153,329.25,1,2011-11-08 17:09:00,2011-11-08 17:09:00,United Kingdom,329.25,30,30,4,1,2,7,New
15154,1388.41,3,2011-09-25 16:05:00,2010-08-18 17:41:00,United Kingdom,462.8,74,477,3,3,4,10,Active
15155,383.97,1,2010-11-21 12:59:00,2010-11-21 12:59:00,United Kingdom,383.97,382,382,2,1,2,5,Lapsed
15156,961.49,3,2011-12-08 18:22:00,2011-11-06 12:41:00,United Kingdom,320.5,0,32,5,3,3,11,Active
15157,2654.11,5,2011-12-06 11:28:00,2009-12-10 14:44:00,United Kingdom,530.82,2,728,5,4,4,13,Active
15158,606.02,2,2011-10-25 13:53:00,2010-11-03 13:46:00,United Kingdom,303.01,44,400,4,2,2,8,Active
15159,22116.73,34,2011-12-08 12:05:00,2010-10-04 09:31:00,United Kingdom,650.49,0,430,5,5,5,15,Active
15160,589.27,4,2010-12-17 14:15:00,2010-10-14 15:26:00,United Kingdom,147.32,356,420,2,3,2,7,Lapsed
15161,119.92,1,2010-11-16 16:08:00,2010-11-16 16:08:00,United Kingdom,119.92,387,387,2,1,1,4,Lapsed
15162,312.9,1,2009-12-08 13:14:00,2009-12-08 13:14:00,United Kingdom,312.9,730,730,1,1,2,4,Lapsed
15163,304.47,2,2011-11-21 13:10:00,2011-05-31 15:22:00,United Kingdom,152.24,17,191,5,2,2,9,Active
15164,2068.92,9,2011-10-02 12:05:00,2010-01-18 13:34:00,United Kingdom,229.88,67,689,3,5,4,12,Active
15165,975.5,1,2010-12-01 14:03:00,2010-12-01 14:03:00,United Kingdom,975.5,372,372,2,1,3,6,Lapsed
15166,167.16,1,2010-08-29 12:31:00,2010-08-29 12:31:00,United Kingdom,167.16,466,466,1,1,1,3,Lapsed
15167,1659.67,5,2011-01-23 12:41:00,2010-02-04 14:13:00,United Kingdom,331.93,319,672,2,4,4,10,Lapsed
15168,106.56,1,2011-11-14 11:26:00,2011-11-14 11:26:00,United Kingdom,106.56,24,24,4,1,1,6,New
15169,569.22,2,2010-11-22 13:04:00,2009-12-13 11:16:00,United Kingdom,284.61,381,725,2,2,2,6,Lapsed
15170,81.15,1,2010-10-29 10:34:00,2010-10-29 10:34:00,United Kingdom,81.15,405,405,2,1,1,4,Lapsed
15171,1289.5,1,2011-01-12 15:36:00,2011-01-12 15:36:00,United Kingdom,1289.5,330,330,2,1,4,7,Lapsed
15172,1624.05,5,2011-12-01 11:51:00,2011-04-17 11:56:00,United Kingdom,324.81,7,235,5,4,4,13,Active
15173,1494.6,7,2010-11-24 10:21:00,2010-04-01 12:26:00,United Kingdom,213.51,379,616,2,4,4,10,Lapsed
15174,481.46,2,2011-01-21 09:06:00,2010-10-25 09:40:00,United Kingdom,240.73,321,409,2,2,2,6,Lapsed
15175,224.14,1,2011-09-29 11:31:00,2011-09-29 11:31:00,United Kingdom,224.14,70,70,3,1,1,5,Active
15176,988.04,1,2010-02-10 10:36:00,2010-02-10 10:36:00,United Kingdom,988.04,666,666,1,1,3,5,Lapsed
15177,948.93,1,2010-10-10 12:48:00,2010-10-10 12:48:00,United Kingdom,948.93,424,424,1,1,3,5,Lapsed
15178,40.5,1,2011-03-24 15:12:00,2011-03-24 15:12:00,United Kingdom,40.5,259,259,2,1,1,4,Lapsed
15179,7491.92,13,2011-11-21 12:53:00,2009-12-03 12:27:00,United Kingdom,576.3,17,735,5,5,5,15,Active
15180,904.43,3,2010-12-07 14:57:00,2010-04-29 15:27:00,United Kingdom,301.48,366,588,2,3,3,8,Lapsed
15181,1200.2,5,2011-10-04 13:58:00,2009-12-08 19:02:00,United Kingdom,240.04,65,730,3,4,3,10,Active
15182,2998.95,11,2011-07-08 13:37:00,2010-02-21 12:03:00,United Kingdom,272.63,153,655,3,5,5,13,At Risk
15183,639.93,3,2010-06-10 10:43:00,2010-05-04 11:31:00,United Kingdom,213.31,546,583,1,3,3,7,Lapsed
15184,689.95,4,2011-11-10 13:41:00,2009-12-16 12:06:00,United Kingdom,172.49,28,722,4,3,3,10,Active
15185,310.62,1,2011-09-30 14:06:00,2011-09-30 14:06:00,United Kingdom,310.62,69,69,3,1,2,6,Active
15186,1403.2,5,2011-11-25 14:58:00,2010-01-12 10:14:00,United Kingdom,280.64,13,695,5,4,4,13,Active
15187,4777.18,16,2011-12-08 11:56:00,2011-05-11 13:49:00,United Kingdom,298.57,0,211,5,5,5,15,Active
15188,310.43,1,2009-12-14 13:30:00,2009-12-14 13:30:00,United Kingdom,310.43,724,724,1,1,2,4,Lapsed
15189,17524.38,46,2011-12-08 13:22:00,2010-07-18 13:37:00,United Kingdom,380.96,0,508,5,5,5,15,Active
15190,834.44,1,2010-10-01 13:09:00,2010-10-01 13:09:00,United Kingdom,834.44,433,433,1,1,3,5,Lapsed
15191,588.05,3,2010-09-02 15:37:00,2010-01-20 12:35:00,United Kingdom,196.02,462,687,1,3,2,6,Lapsed
15192,1981.39,5,2011-08-12 11:41:00,2010-01-29 10:13:00,United Kingdom,396.28,118,678,3,4,4,11,At Risk
15193,499.32,1,2011-10-10 08:23:00,2011-10-10 08:23:00,United Kingdom,499.32,59,59,3,1,2,6,Active
15194,12427.69,28,2011-12-06 15:10:00,2009-12-03 10:37:00,United Kingdom,443.85,2,735,5,5,5,15,Active
15195,3861.0,1,2011-12-07 12:20:00,2011-12-07 12:20:00,United Kingdom,3861.0,1,1,5,1,5,11,New
15196,316.25,2,2010-10-03 10:50:00,2009-12-13 11:14:00,United Kingdom,158.12,431,725,1,2,2,5,Lapsed
15197,1877.51,6,2011-11-29 10:00:00,2009-12-11 12:56:00,United Kingdom,312.92,9,727,5,4,4,13,Active
15198,571.35,5,2011-09-08 14:42:00,2010-01-19 10:01:00,United Kingdom,114.27,91,688,3,4,2,9,At Risk
15199,3122.4,10,2011-10-11 15:12:00,2010-05-13 10:14:00,United Kingdom,312.24,58,574,3,5,5,13,Active
15200,549.05,1,2010-08-02 09:38:00,2010-08-02 09:38:00,United Kingdom,549.05,493,493,1,1,2,4,Lapsed
15201,1842.95,7,2011-09-13 14:53:00,2010-04-07 14:50:00,United Kingdom,263.28,86,610,3,4,4,11,Active
15202,6001.49,3,2010-10-15 13:05:00,2010-10-15 12:39:00,United Kingdom,2000.5,419,419,1,3,5,9,Lapsed
15203,4400.18,15,2011-11-14 08:16:00,2009-12-08 18:06:00,United Kingdom,293.35,24,730,4,5,5,14,Active
15204,316.58,1,2010-12-17 13:49:00,2010-12-17 13:49:00,United Kingdom,316.58,356,356,2,1,2,5,Lapsed
15205,653.24,2,2011-09-15 19:36:00,2011-08-04 16:07:00,United Kingdom,326.62,84,126,3,2,3,8,Active
15206,420.3,4,2011-11-29 13:41:00,2011-03-09 08:59:00,United Kingdom,105.08,9,274,5,3,2,10,Active
15207,683.92,3,2010-10-19 13:29:00,2010-06-10 17:29:00,United Kingdom,227.97,415,546,1,3,3,7,Lapsed
15208,970.52,6,2011-12-08 17:24:00,2010-10-12 12:17:00,United Kingdom,161.75,0,422,5,4,3,12,Active
15209,178.98,1,2009-12-09 17:26:00,2009-12-09 17:26:00,United Kingdom,178.98,729,729,1,1,1,3,Lapsed
15210,1176.19,3,2011-04-28 16:11:00,2010-05-13 14:42:00,United Kingdom,392.06,224,574,2,3,3,8,Lapsed
15211,1277.48,2,2011-10-10 13:31:00,2010-12-09 16:08:00,United Kingdom,638.74,59,364,3,2,4,9,Active
15212,208.28,2,2011-04-12 13:45:00,2010-11-28 10:45:00,United Kingdom,104.14,240,375,2,2,1,5,Lapsed
15213,328.35,2,2011-01-25 12:21:00,2011-01-14 11:05:00,United Kingdom,164.18,317,328,2,2,2,6,Lapsed
15214,1661.44,8,2011-12-08 12:07:00,2011-04-11 09:46:00,United Kingdom,207.68,0,241,5,4,4,13,Active
15215,2422.43,7,2011-10-24 11:41:00,2010-04-06 11:21:00,United Kingdom,346.06,45,611,4,4,4,12,Active
15216,486.09,2,2011-09-13 11:41:00,2010-03-31 09:52:00,United Kingdom,243.04,86,617,3,2,2,7,Active
15217,426.24,1,2010-05-25 13:51:00,2010-05-25 13:51:00,United Kingdom,426.24,562,562,1,1,2,4,Lapsed
15218,11516.57,22,2011-11-29 11:48:00,2010-01-26 11:33:00,United Kingdom,523.48,9,681,5,5,5,15,Active
15219,685.45,2,2011-06-16 16:57:00,2010-03-01 11:33:00,United Kingdom,342.72,175,647,3,2,3,8,At Risk
15220,1778.96,6,2011-10-19 12:39:00,2011-03-04 10:24:00,United Kingdom,296.49,50,279,4,4,4,12,Active
15221,2465.45,4,2010-12-08 13:08:00,2010-03-12 10:40:00,United Kingdom,616.36,365,636,2,3,4,9,Lapsed
15222,3550.91,11,2011-01-25 08:03:00,2009-12-16 13:49:00,United Kingdom,322.81,317,722,2,5,5,12,Lapsed
15223,1417.95,5,2011-04-28 11:31:00,2009-12-05 11:19:00,United Kingdom,283.59,224,733,2,4,4,10,Lapsed
15224,871.36,5,2010-12-16 15:02:00,2010-01-15 16:14:00,United Kingdom,174.27,357,692,2,4,3,9,Lapsed
15225,409.4,1,2011-04-19 14:51:00,2011-04-19 14:51:00,United Kingdom,409.4,233,233,2,1,2,5,Lapsed
15226,154.41,1,2011-02-02 11:41:00,2011-02-02 11:41:00,United Kingdom,154.41,309,309,2,1,1,4,Lapsed
15227,2488.49,9,2011-11-03 11:59:00,2010-03-16 08:23:00,United Kingdom,276.5,35,632,4,5,4,13,Active
15228,5580.27,6,2011-10-04 13:56:00,2010-07-28 10:21:00,United Kingdom,930.04,65,498,3,4,5,12,Active
15229,160.5,1,2010-05-02 13:50:00,2010-05-02 13:50:00,United Kingdom,160.5,585,585,1,1,1,3,Lapsed
15230,429.6,2,2011-04-14 14:39:00,2011-04-13 11:04:00,United Kingdom,214.8,238,239,2,2,2,6,Lapsed
15231,250.26,1,2010-03-28 15:12:00,2010-03-28 15:12:00,United Kingdom,250.26,620,620,1,1,1,3,Lapsed
15232,612.06,2,2011-08-18 16:27:00,2011-07-22 12:21:00,United Kingdom,306.03,112,139,3,2,2,7,At Risk
15233,59.4,1,2010-11-03 13:36:00,2010-11-03 13:36:00,United Kingdom,59.4,400,400,2,1,1,4,Lapsed
15234,197.0,1,2011-03-08 08:53:00,2011-03-08 08:53:00,United Kingdom,197.0,275,275,2,1,1,4,Lapsed
15235,2937.81,16,2011-05-06 09:44:00,2010-11-16 12:48:00,United Kingdom,183.61,216,387,2,5,4,11,Lapsed
15236,321.05,1,2011-02-14 10:52:00,2011-02-14 10:52:00,United Kingdom,321.05,297,297,2,1,2,5,Lapsed
15237,1412.32,4,2011-12-08 09:46:00,2011-04-26 15:04:00,United Kingdom,353.08,0,226,5,3,4,12,Active
15238,1071.99,3,2011-11-10 14:28:00,2011-06-08 16:00:00,United Kingdom,357.33,28,183,4,3,3,10,Active
15239,780.59,2,2011-11-29 14:14:00,2011-09-22 09:53:00,United Kingdom,390.3,9,77,5,2,3,10,Active
15240,4459.98,12,2011-10-26 09:50:00,2009-12-05 14:57:00,United Kingdom,371.66,43,733,4,5,5,14,Active
15241,3050.16,11,2011-10-04 09:05:00,2010-02-23 13:59:00,United Kingdom,277.29,65,653,3,5,5,13,Active
15242,302.04,1,2010-10-13 15:33:00,2010-10-13 15:33:00,United Kingdom,302.04,421,421,1,1,2,4,Lapsed
15243,927.28,2,2011-09-26 14:12:00,2010-09-30 17:28:00,United Kingdom,463.64,73,434,3,2,3,8,Active
15244,912.08,3,2011-10-05 13:19:00,2010-02-11 14:48:00,United Kingdom,304.03,64,665,3,3,3,9,Active
15245,4610.84,8,2011-07-28 18:56:00,2010-04-23 14:23:00,United Kingdom,576.36,133,594,3,4,5,12,At Risk
15246,780.4,3,2011-04-15 14:45:00,2010-06-02 11:28:00,United Kingdom,260.13,237,554,2,3,3,8,Lapsed
15247,976.06,3,2011-08-09 12:52:00,2010-06-20 14:08:00,United Kingdom,325.35,121,536,3,3,3,9,At Risk
15248,1893.93,3,2010-10-24 13:09:00,2010-06-23 14:34:00,United Kingdom,631.31,410,533,1,3,4,8,Lapsed
15249,9266.0,18,2011-11-08 11:45:00,2010-03-26 14:51:00,United Kingdom,514.78,30,622,4,5,5,14,Active
15250,60.0,1,2010-03-09 07:35:00,2010-03-09 07:35:00,United Kingdom,60.0,639,639,1,1,1,3,Lapsed
15251,20324.54,21,2011-11-30 15:02:00,2010-01-29 12:42:00,United Kingdom,967.84,8,678,5,5,5,15,Active
15252,2103.41,5,2011-11-03 13:30:00,2010-04-07 10:24:00,United Kingdom,420.68,35,610,4,4,4,12,Active
15253,2055.09,8,2011-11-23 16:22:00,2010-05-02 11:17:00,United Kingdom,256.89,15,585,5,4,4,13,Active
15254,1088.35,3,2011-08-04 15:04:00,2010-05-28 10:08:00,United Kingdom,362.78,126,559,3,3,3,9,At Risk
15255,3729.42,9,2011-10-04 12:43:00,2009-12-03 09:10:00,United Kingdom,414.38,65,735,3,5,5,13,Active
15256,170.4,2,2011-07-14 11:47:00,2010-05-27 11:41:00,United Kingdom,85.2,147,560,3,2,1,6,At Risk
15257,685.9,2,2011-03-01 12:58:00,2010-10-21 14:03:00,United Kingdom,342.95,282,413,2,2,3,7,Lapsed
15258,623.16,2,2011-06-24 12:30:00,2011-05-06 14:16:00,United Kingdom,311.58,167,216,3,2,3,8,At Risk
15259,1182.38,4,2010-07-15 08:47:00,2010-01-26 09:41:00,United Kingdom,295.6,511,681,1,3,3,7,Lapsed
15260,9188.23,25,2011-08-31 13:55:00,2009-12-06 11:45:00,United Kingdom,367.53,99,732,3,5,5,13,At Risk
15261,1508.0,4,2011-07-27 15:20:00,2010-10-01 11:59:00,United Kingdom,377.0,134,433,3,3,4,10,At Risk
15262,418.82,3,2011-01-20 12:16:00,2010-08-08 15:55:00,United Kingdom,139.61,322,487,2,3,2,7,Lapsed
15263,156.51,1,2011-08-25 10:26:00,2011-08-25 10:26:00,United Kingdom,156.51,105,105,3,1,1,5,At Risk
15264,848.4,2,2011-10-06 13:49:00,2010-06-27 13:29:00,United Kingdom,424.2,63,529,3,2,3,8,Active
15265,3345.64,4,2011-07-11 14:46:00,2009-12-01 17:08:00,United Kingdom,836.41,150,737,3,3,5,11,At Risk
15266,852.21,5,2011-01-05 13:40:00,2010-01-07 12:19:00,United Kingdom,170.44,337,700,2,4,3,9,Lapsed
15267,1717.36,5,2011-11-17 15:59:00,2011-06-10 10:24:00,United Kingdom,343.47,21,181,4,4,4,12,Active
15268,961.9,3,2010-08-18 10:33:00,2010-04-13 11:27:00,United Kingdom,320.63,477,604,1,3,3,7,Lapsed
15269,1225.36,3,2011-11-16 09:32:00,2010-11-14 12:58:00,United Kingdom,408.45,22,389,4,3,3,10,Active
15270,8524.86,21,2011-11-24 09:24:00,2009-12-17 15:02:00,United Kingdom,405.95,14,721,5,5,5,15,Active
15271,4709.54,24,2011-12-02 14:11:00,2010-08-05 14:57:00,United Kingdom,196.23,6,490,5,5,5,15,Active
15272,2085.48,6,2011-10-13 12:59:00,2010-02-14 13:39:00,United Kingdom,347.58,56,662,4,4,4,12,Active
15273,228.96,1,2010-04-19 11:31:00,2010-04-19 11:31:00,United Kingdom,228.96,598,598,1,1,1,3,Lapsed
15274,716.57,2,2011-12-05 16:57:00,2011-11-21 14:17:00,United Kingdom,358.28,3,17,5,2,3,10,Active
15275,615.14,1,2011-11-02 11:20:00,2011-11-02 11:20:00,United Kingdom,615.14,36,36,4,1,2,7,Active
15276,649.53,4,2011-10-04 16:39:00,2010-10-01 12:24:00,United Kingdom,162.38,65,433,3,3,3,9,Active
15277,476.34,2,2011-10-24 10:08:00,2010-10-10 16:02:00,United Kingdom,238.17,45,424,4,2,2,8,Active
15278,496.16,4,2010-05-27 10:03:00,2010-02-12 14:53:00,United Kingdom,124.04,560,664,1,3,2,6,Lapsed
15279,1580.54,5,2010-12-20 10:48:00,2010-02-02 10:15:00,United Kingdom,316.11,353,674,2,4,4,10,Lapsed
15280,406.22,3,2011-06-20 17:14:00,2010-05-17 14:17:00,United Kingdom,135.41,171,570,3,3,2,8,At Risk
15281,8543.57,16,2011-10-12 09:10:00,2010-10-08 12:14:00,United Kingdom,533.97,57,426,4,5,5,14,Active
15282,348.59,1,2010-05-18 16:27:00,2010-05-18 16:27:00,United Kingdom,348.59,569,569,1,1,2,4,Lapsed
15283,148.33,3,2010-11-14 14:54:00,2010-07-09 15:46:00,United Kingdom,49.44,389,517,2,3,1,6,Lapsed
15284,24.75,1,2010-07-27 13:25:00,2010-07-27 13:25:00,United Kingdom,24.75,499,499,1,1,1,3,Lapsed
15285,94.92,1,2010-10-28 09:46:00,2010-10-28 09:46:00,United Kingdom,94.92,406,406,2,1,1,4,Lapsed
15286,240.55,1,2011-10-21 11:08:00,2011-10-21 11:08:00,United Kingdom,240.55,48,48,4,1,1,6,Active
15287,856.03,5,2011-11-17 15:34:00,2009-12-02 12:13:00,United Kingdom,171.21,21,736,4,4,3,11,Active
15288,3883.13,10,2011-10-27 16:58:00,2010-02-12 15:27:00,United Kingdom,388.31,42,664,4,5,5,14,Active
15289,1593.09,5,2011-11-10 13:49:00,2010-03-28 11:45:00,United Kingdom,318.62,28,620,4,4,4,12,Active
15290,10496.28,26,2011-12-05 11:39:00,2010-02-24 10:15:00,United Kingdom,403.7,3,652,5,5,5,15,Active
15291,13846.56,40,2011-11-14 11:02:00,2009-12-03 11:09:00,United Kingdom,346.16,24,735,4,5,5,14,Active
15292,180.94,1,2011-05-22 15:00:00,2011-05-22 15:00:00,United Kingdom,180.94,200,200,2,1,1,4,Lapsed
15293,247.5,1,2010-02-12 11:54:00,2010-02-12 11:54:00,United Kingdom,247.5,664,664,1,1,1,3,Lapsed
15294,233.35,1,2010-10-25 11:45:00,2010-10-25 11:45:00,United Kingdom,233.35,409,409,1,1,1,3,Lapsed
15295,217.24,1,2010-02-23 13:03:00,2010-02-23 13:03:00,United Kingdom,217.24,653,653,1,1,1,3,Lapsed
15296,10342.83,12,2011-10-20 11:47:00,2010-01-21 13:48:00,United Kingdom,861.9,49,686,4,5,5,14,Active
15297,641.94,3,2011-11-29 16:32:00,2011-10-07 09:42:00,United Kingdom,213.98,9,62,5,3,3,11,Active
15298,9459.37,23,2011-12-07 17:17:00,2009-12-08 17:04:00,United Kingdom,411.28,1,730,5,5,5,15,Active
15299,7991.54,10,2011-10-03 14:19:00,2010-01-12 11:34:00,United Kingdom,799.15,66,695,3,5,5,13,Active
15300,496.44,1,2011-10-06 17:08:00,2011-10-06 17:08:00,United Kingdom,496.44,63,63,3,1,2,6,Active
15301,7603.44,17,2011-10-20 09:57:00,2010-09-15 15:41:00,United Kingdom,447.26,49,449,4,5,5,14,Active
15302,308.0,1,2009-12-09 13:11:00,2009-12-09 13:11:00,United Kingdom,308.0,729,729,1,1,2,4,Lapsed
15303,1224.18,3,2011-02-22 13:59:00,2010-01-25 09:42:00,United Kingdom,408.06,289,682,2,3,3,8,Lapsed
15304,919.55,9,2011-10-10 10:23:00,2010-10-14 10:24:00,United Kingdom,102.17,59,420,3,5,3,11,Active
15305,93.6,1,2010-06-02 13:50:00,2010-06-02 13:50:00,United Kingdom,93.6,554,554,1,1,1,3,Lapsed
15306,3484.73,9,2011-10-06 12:56:00,2010-02-18 17:12:00,United Kingdom,387.19,63,658,3,5,5,13,Active
15307,205.3,1,2011-09-05 11:38:00,2011-09-05 11:38:00,United Kingdom,205.3,94,94,3,1,1,5,At Risk
15308,310.47,1,2011-03-10 13:08:00,2011-03-10 13:08:00,United Kingdom,310.47,273,273,2,1,2,5,Lapsed
15309,797.96,4,2010-04-08 11:11:00,2009-12-04 13:01:00,United Kingdom,199.49,609,734,1,3,3,7,Lapsed
15310,1634.64,1,2010-08-18 11:38:00,2010-08-18 11:38:00,United Kingdom,1634.64,477,477,1,1,4,6,Lapsed
15311,116771.16,208,2011-12-09 12:00:00,2009-12-01 11:21:00,United Kingdom,561.4,-1,737,5,5,5,15,Active
15312,2930.19,12,2011-09-25 13:10:00,2009-12-16 09:23:00,United Kingdom,244.18,74,722,3,5,4,12,Active
15313,52.0,1,2011-08-21 16:02:00,2011-08-21 16:02:00,United Kingdom,52.0,109,109,3,1,1,5,At Risk
15314,820.45,3,2011-05-24 14:39:00,2010-10-07 15:41:00,United Kingdom,273.48,198,427,2,3,3,8,Lapsed
15315,570.5,2,2011-10-06 12:51:00,2011-08-15 15:17:00,United Kingdom,285.25,63,115,3,2,2,7,Active
15316,165.0,1,2011-01-17 11:34:00,2011-01-17 11:34:00,United Kingdom,165.0,325,325,2,1,1,4,Lapsed
15317,129.75,1,2010-01-31 15:55:00,2010-01-31 15:55:00,United Kingdom,129.75,676,676,1,1,1,3,Lapsed
15318,312.62,1,2011-12-06 11:30:00,2011-12-06 11:30:00,United Kingdom,312.62,2,2,5,1,2,8,New
15319,204.5,1,2011-03-01 12:48:00,2011-03-01 12:48:00,United Kingdom,204.5,282,282,2,1,1,4,Lapsed
15320,267.13,1,2011-10-26 13:27:00,2011-10-26 13:27:00,United Kingdom,267.13,43,43,4,1,1,6,Active
15321,6709.73,12,2011-09-30 09:40:00,2010-02-03 09:47:00,United Kingdom,559.14,69,673,3,5,5,13,Active
15322,1390.86,2,2011-09-15 09:34:00,2010-08-20 13:10:00,United Kingdom,695.43,84,475,3,2,4,9,Active
15323,434.6,3,2010-05-26 10:01:00,2010-02-16 09:21:00,United Kingdom,144.87,561,660,1,3,2,6,Lapsed
15324,140.22,1,2010-01-07 14:37:00,2010-01-07 14:37:00,United Kingdom,140.22,700,700,1,1,1,3,Lapsed
15325,1602.01,8,2011-08-28 11:55:00,2010-02-16 13:30:00,United Kingdom,200.25,102,660,3,4,4,11,At Risk
15326,1700.52,5,2011-01-10 11:38:00,2009-12-01 13:19:00,United Kingdom,340.1,332,737,2,4,4,10,Lapsed
15327,208.75,1,2011-10-18 11:55:00,2011-10-18 11:55:00,United Kingdom,208.75,51,51,4,1,1,6,Active
15328,107.24,1,2010-10-28 09:05:00,2010-10-28 09:05:00,United Kingdom,107.24,406,406,2,1,1,4,Lapsed
15329,2984.33,11,2011-10-31 15:36:00,2009-12-14 12:18:00,United Kingdom,271.3,38,724,4,5,5,14,Active
15330,714.96,2,2011-11-07 17:50:00,2011-10-10 12:30:00,United Kingdom,357.48,31,59,4,2,3,9,Active
15331,767.91,3,2010-07-28 09:42:00,2010-04-09 14:26:00,United Kingdom,255.97,498,608,1,3,3,7,Lapsed
15332,6553.74,6,2010-12-08 14:43:00,2010-07-14 13:01:00,Lithuania,1092.29,365,512,2,4,5,11,Lapsed
15333,1028.56,1,2011-05-15 13:27:00,2011-05-15 13:27:00,United Kingdom,1028.56,207,207,2,1,3,6,Lapsed
15334,351.67,3,2011-07-06 11:22:00,2011-06-19 13:51:00,United Kingdom,117.22,155,172,3,3,2,8,At Risk
15335,173.97,1,2011-10-17 12:50:00,2011-10-17 12:50:00,United Kingdom,173.97,52,52,4,1,1,6,Active
15336,240.5,1,2010-11-03 12:39:00,2010-11-03 12:39:00,United Kingdom,240.5,400,400,2,1,1,4,Lapsed
15337,373.02,1,2010-10-24 15:29:00,2010-10-24 15:29:00,United Kingdom,373.02,410,410,1,1,2,4,Lapsed
15338,283.43,1,2010-01-31 14:25:00,2010-01-31 14:25:00,United Kingdom,283.43,676,676,1,1,1,3,Lapsed
15339,1827.84,7,2011-10-04 12:51:00,2010-02-08 13:38:00,United Kingdom,261.12,65,668,3,4,4,11,Active
15340,105.5,1,2010-05-27 10:27:00,2010-05-27 10:27:00,United Kingdom,105.5,560,560,1,1,1,3,Lapsed
15341,2402.72,2,2011-09-20 09:40:00,2010-09-16 16:41:00,United Kingdom,1201.36,79,448,3,2,4,9,Active
15342,406.09,1,2011-08-02 10:19:00,2011-08-02 10:19:00,United Kingdom,406.09,128,128,3,1,2,6,At Risk
15343,364.5,1,2011-09-13 13:55:00,2011-09-13 13:55:00,United Kingdom,364.5,86,86,3,1,2,6,Active
15344,563.94,3,2011-12-09 10:45:00,2011-09-26 14:48:00,United Kingdom,187.98,-1,73,5,3,2,10,Active
15345,393.54,1,2011-10-25 11:28:00,2011-10-25 11:28:00,United Kingdom,393.54,44,44,4,1,2,7,Active
15346,596.12,3,2011-01-11 11:18:00,2010-10-04 15:11:00,United Kingdom,198.71,331,430,2,3,2,7,Lapsed
15347,1363.6,4,2010-12-08 15:25:00,2010-09-28 12:50:00,United Kingdom,340.9,365,436,2,3,4,9,Lapsed
15348,158.04,1,2011-09-28 13:17:00,2011-09-28 13:17:00,United Kingdom,158.04,71,71,3,1,1,5,Active
15349,473.81,2,2011-07-04 16:06:00,2011-06-05 15:46:00,United Kingdom,236.9,157,186,3,2,2,7,At Risk
15350,663.25,2,2010-12-01 13:33:00,2010-11-21 15:14:00,United Kingdom,331.62,372,382,2,2,3,7,Lapsed
15351,3738.29,10,2011-11-27 12:52:00,2010-10-03 12:18:00,United Kingdom,373.83,11,431,5,5,5,15,Active
15352,114.95,1,2010-06-09 11:28:00,2010-06-09 11:28:00,United Kingdom,114.95,547,547,1,1,1,3,Lapsed
15353,3175.95,7,2011-03-30 12:15:00,2009-12-02 11:33:00,United Kingdom,453.71,253,736,2,4,5,11,Lapsed
15354,284.4,3,2010-04-15 16:24:00,2010-04-15 16:17:00,United Kingdom,94.8,602,602,1,3,1,5,Lapsed
15355,277.05,2,2011-11-10 13:44:00,2011-10-17 15:22:00,United Kingdom,138.52,28,52,4,2,1,7,Active
15356,3464.95,13,2011-11-08 13:11:00,2010-10-13 13:12:00,United Kingdom,266.53,30,421,4,5,5,14,Active
15358,17050.41,42,2011-12-05 09:04:00,2009-12-07 12:19:00,United Kingdom,405.96,3,731,5,5,5,15,Active
15359,181.35,8,2010-02-15 10:47:00,2010-01-15 11:30:00,United Kingdom,22.67,661,692,1,4,1,6,Lapsed
15360,427.93,1,2011-10-31 09:35:00,2011-10-31 09:35:00,United Kingdom,427.93,38,38,4,1,2,7,Active
15361,689.07,4,2010-12-13 09:52:00,2010-06-14 13:27:00,United Kingdom,172.27,360,542,2,3,3,8,Lapsed
15362,613.08,2,2010-09-17 10:37:00,2009-12-01 09:08:00,United Kingdom,306.54,447,737,1,2,2,5,Lapsed
15363,1004.11,2,2010-12-02 12:28:00,2010-08-04 08:41:00,United Kingdom,502.06,371,491,2,2,3,7,Lapsed
15364,913.19,2,2011-09-05 09:46:00,2011-03-30 13:39:00,United Kingdom,456.6,94,253,3,2,3,8,At Risk
15365,4557.13,13,2011-11-14 08:29:00,2010-02-04 16:43:00,United Kingdom,350.55,24,672,4,5,5,14,Active
15366,2389.08,7,2011-09-25 15:01:00,2010-02-26 10:10:00,United Kingdom,341.3,74,650,3,4,4,11,Active
15367,5081.33,11,2011-10-13 14:13:00,2009-12-10 14:20:00,United Kingdom,461.94,56,728,4,5,5,14,Active
15368,722.74,2,2011-11-18 14:42:00,2010-11-10 15:52:00,United Kingdom,361.37,20,393,4,2,3,9,Active
15369,6251.26,11,2010-08-04 13:54:00,2009-12-08 07:43:00,United Kingdom,568.3,491,730,1,5,5,11,Lapsed
15370,3739.01,8,2011-10-30 10:58:00,2010-10-25 12:08:00,United Kingdom,467.38,39,409,4,4,5,13,Active
15371,59.4,1,2010-02-15 13:14:00,2010-02-15 13:14:00,United Kingdom,59.4,661,661,1,1,1,3,Lapsed
15372,6017.06,8,2011-07-25 16:39:00,2010-02-14 11:24:00,United Kingdom,752.13,136,662,3,4,5,12,At Risk
15373,3421.39,17,2011-12-01 15:05:00,2010-05-02 11:57:00,United Kingdom,201.26,7,585,5,5,5,15,Active
15374,307.32,2,2011-08-03 09:59:00,2010-03-25 12:03:00,United Kingdom,153.66,127,623,3,2,2,7,At Risk
15375,60.96,1,2010-01-18 15:38:00,2010-01-18 15:38:00,United Kingdom,60.96,689,689,1,1,1,3,Lapsed
15376,1233.36,3,2011-10-30 15:04:00,2011-05-01 13:45:00,United Kingdom,411.12,39,221,4,3,3,10,Active
15377,1211.75,4,2010-11-22 08:55:00,2010-10-20 11:42:00,United Kingdom,302.94,381,414,2,3,3,8,Lapsed
15378,246.5,2,2010-09-03 11:30:00,2010-07-26 08:47:00,United Kingdom,123.25,461,500,1,2,1,4,Lapsed
15379,4877.84,8,2011-06-23 13:13:00,2010-11-04 11:59:00,United Kingdom,609.73,168,399,3,4,5,12,At Risk
15380,3479.06,11,2011-12-01 12:13:00,2009-12-01 13:50:00,United Kingdom,316.28,7,737,5,5,5,15,Active
15381,1890.57,5,2011-05-10 11:55:00,2010-05-05 14:35:00,United Kingdom,378.11,212,582,2,4,4,10,Lapsed
15382,13733.55,12,2011-11-25 10:58:00,2009-12-04 14:13:00,United Kingdom,1144.46,13,734,5,5,5,15,Active
15384,2027.79,4,2011-06-23 10:57:00,2010-04-26 12:38:00,United Kingdom,506.95,168,591,3,3,4,10,At Risk
15385,942.08,3,2011-10-30 15:11:00,2010-01-31 13:02:00,United Kingdom,314.03,39,676,4,3,3,10,Active
15386,394.14,1,2011-06-06 13:47:00,2011-06-06 13:47:00,United Kingdom,394.14,185,185,3,1,2,6,Lapsed
15387,468.65,1,2010-08-04 16:05:00,2010-08-04 16:05:00,United Kingdom,468.65,491,491,1,1,2,4,Lapsed
15388,140.54,1,2011-03-14 13:53:00,2011-03-14 13:53:00,Canada,140.54,269,269,2,1,1,4,Lapsed
15389,2733.8,5,2011-06-20 16:18:00,2010-01-27 12:44:00,United Kingdom,546.76,171,680,3,4,4,11,At Risk
15390,1216.66,2,2010-11-08 15:19:00,2010-10-26 17:23:00,Canada,608.33,395,408,2,2,3,7,Lapsed
15391,289.87,1,2010-05-04 15:04:00,2010-05-04 15:04:00,United Kingdom,289.87,583,583,1,1,1,3,Lapsed
15392,2911.62,7,2011-12-05 11:01:00,2010-10-04 12:50:00,United Kingdom,415.95,3,430,5,4,4,13,Active
15393,891.34,5,2011-11-23 16:48:00,2009-12-15 17:56:00,United Kingdom,178.27,15,723,5,4,3,12,Active
15394,5286.8,11,2011-11-30 11:49:00,2009-12-15 19:05:00,United Kingdom,480.62,8,723,5,5,5,15,Active
15395,107.45,1,2011-01-18 12:40:00,2011-01-18 12:40:00,United Kingdom,107.45,324,324,2,1,1,4,Lapsed
15396,796.38,2,2011-08-19 10:56:00,2010-05-05 09:04:00,United Kingdom,398.19,111,582,3,2,3,8,At Risk
15397,94.0,1,2011-02-23 09:25:00,2011-02-23 09:25:00,United Kingdom,94.0,288,288,2,1,1,4,Lapsed
15398,1345.53,2,2011-11-23 16:47:00,2011-09-22 14:56:00,United Kingdom,672.76,15,77,5,2,4,11,Active
15399,815.77,3,2011-12-08 13:04:00,2011-09-21 15:57:00,United Kingdom,271.92,0,78,5,3,3,11,Active
15400,1302.3,8,2011-09-08 13:57:00,2010-05-28 08:33:00,United Kingdom,162.79,91,559,3,4,4,11,At Risk
15401,216.95,2,2010-09-13 13:42:00,2010-05-20 10:56:00,United Kingdom,108.48,451,567,1,2,1,4,Lapsed
15402,1830.54,6,2011-07-14 12:17:00,2010-04-27 12:12:00,United Kingdom,305.09,147,590,3,4,4,11,At Risk
15403,170.88,2,2010-08-05 12:21:00,2009-12-09 12:45:00,United Kingdom,85.44,490,729,1,2,1,4,Lapsed
15404,257.06,1,2010-11-29 11:03:00,2010-11-29 11:03:00,United Kingdom,257.06,374,374,2,1,1,4,Lapsed
15405,659.84,2,2011-06-03 14:44:00,2010-05-12 15:56:00,United Kingdom,329.92,188,575,2,2,3,7,Lapsed
15406,975.87,4,2011-11-08 13:22:00,2010-09-12 13:06:00,United Kingdom,243.97,30,452,4,3,3,10,Active
15407,1056.44,4,2011-11-06 11:55:00,2011-02-07 13:18:00,United Kingdom,264.11,32,304,4,3,3,10,Active
15408,267.18,1,2011-03-20 15:02:00,2011-03-20 15:02:00,United Kingdom,267.18,263,263,2,1,1,4,Lapsed
15409,131.25,1,2009-12-18 15:35:00,2009-12-18 15:35:00,United Kingdom,131.25,720,720,1,1,1,3,Lapsed
15410,4685.72,10,2011-09-16 14:47:00,2010-04-19 08:57:00,United Kingdom,468.57,83,598,3,5,5,13,Active
15411,1358.88,4,2011-11-13 15:19:00,2011-06-10 12:30:00,United Kingdom,339.72,25,181,4,3,4,11,Active
15412,190.53,1,2011-06-21 15:24:00,2011-06-21 15:24:00,United Kingdom,190.53,170,170,3,1,1,5,At Risk
15413,6798.72,5,2010-01-17 11:33:00,2009-12-01 10:18:00,United Kingdom,1359.74,690,737,1,4,5,10,Lapsed
15414,774.9,3,2011-11-30 09:50:00,2011-04-11 13:45:00,United Kingdom,258.3,8,241,5,3,3,11,Active
15415,572.81,1,2011-01-30 14:13:00,2011-01-30 14:13:00,United Kingdom,572.81,312,312,2,1,2,5,Lapsed
15416,4572.82,7,2011-10-06 09:38:00,2010-02-01 11:55:00,United Kingdom,653.26,63,675,3,4,5,12,Active
15417,508.8,1,2011-09-15 15:26:00,2011-09-15 15:26:00,United Kingdom,508.8,84,84,3,1,2,6,Active
15418,452.32,2,2010-10-10 13:38:00,2010-05-02 11:31:00,United Kingdom,226.16,424,585,1,2,2,5,Lapsed
15419,135.86,1,2011-11-15 09:23:00,2011-11-15 09:23:00,United Kingdom,135.86,23,23,4,1,1,6,New
15420,743.0,6,2010-10-01 15:46:00,2009-12-05 13:29:00,United Kingdom,123.83,433,733,1,4,3,8,Lapsed
15421,3805.34,10,2011-10-12 09:20:00,2009-12-07 15:10:00,United Kingdom,380.53,57,731,4,5,5,14,Active
15422,1619.97,7,2011-01-20 16:17:00,2010-02-07 11:52:00,United Kingdom,231.42,322,669,2,4,4,10,Lapsed
15423,266.89,3,2011-11-01 14:01:00,2010-03-28 13:42:00,United Kingdom,88.96,37,620,4,3,1,8,Active
15424,597.78,3,2011-03-30 13:02:00,2010-09-02 17:17:00,United Kingdom,199.26,253,462,2,3,2,7,Lapsed
15425,1944.57,4,2010-11-04 18:13:00,2010-02-14 12:36:00,United Kingdom,486.14,399,662,2,3,4,9,Lapsed
15426,2615.39,9,2011-11-20 15:36:00,2010-05-02 15:10:00,United Kingdom,290.6,18,585,4,5,4,13,Active
15427,1483.14,3,2011-11-06 14:29:00,2011-10-23 14:47:00,United Kingdom,494.38,32,46,4,3,4,11,Active
15428,762.75,4,2011-11-24 16:54:00,2009-12-17 17:46:00,United Kingdom,190.69,14,721,5,3,3,11,Active
15429,397.35,2,2011-11-13 12:28:00,2011-09-25 13:42:00,United Kingdom,198.68,25,74,4,2,2,8,Active
15430,954.75,2,2010-08-29 10:42:00,2010-06-29 15:04:00,United Kingdom,477.38,466,527,1,2,3,6,Lapsed
15431,153.24,1,2010-07-25 12:44:00,2010-07-25 12:44:00,United Kingdom,153.24,501,501,1,1,1,3,Lapsed
15432,320.76,2,2011-11-16 16:30:00,2010-06-16 14:34:00,United Kingdom,160.38,22,540,4,2,2,8,Active
15433,533.3,2,2011-05-10 10:45:00,2011-03-17 14:12:00,United Kingdom,266.65,212,266,2,2,2,6,Lapsed
15434,2567.06,11,2011-12-01 13:33:00,2010-01-24 15:35:00,United Kingdom,233.37,7,683,5,5,4,14,Active
15435,149.29,1,2011-11-17 16:39:00,2011-11-17 16:39:00,United Kingdom,149.29,21,21,4,1,1,6,New
15436,1122.53,3,2011-11-27 16:05:00,2011-04-19 16:52:00,United Kingdom,374.18,11,233,5,3,3,11,Active
15437,393.45,2,2011-03-22 13:11:00,2010-03-09 10:45:00,United Kingdom,196.72,261,639,2,2,2,6,Lapsed
15438,156.58,1,2011-07-31 14:19:00,2011-07-31 14:19:00,United Kingdom,156.58,130,130,3,1,1,5,At Risk
15439,1269.05,4,2010-10-31 10:38:00,2010-02-24 12:05:00,United Kingdom,317.26,403,652,2,3,4,9,Lapsed
15440,383.68,3,2011-10-16 12:16:00,2011-05-15 11:30:00,United Kingdom,127.89,53,207,4,3,2,9,Active
15441,1254.21,3,2010-11-08 15:50:00,2009-12-09 14:55:00,United Kingdom,418.07,395,729,2,3,4,9,Lapsed
15442,594.0,1,2011-04-05 12:24:00,2011-04-05 12:24:00,United Kingdom,594.0,247,247,2,1,2,5,Lapsed
15443,5175.93,14,2011-12-08 10:40:00,2010-03-07 12:10:00,United Kingdom,369.71,0,641,5,5,5,15,Active
15444,1418.26,2,2011-11-30 17:37:00,2011-10-30 16:12:00,United Kingdom,709.13,8,39,5,2,4,11,Active
15445,284.5,2,2011-03-20 15:06:00,2010-04-28 15:00:00,United Kingdom,142.25,263,589,2,2,1,5,Lapsed
15446,406.95,3,2010-11-28 11:59:00,2009-12-13 13:53:00,United Kingdom,135.65,375,725,2,3,2,7,Lapsed
15447,492.88,5,2011-01-13 11:26:00,2010-03-24 14:40:00,United Kingdom,98.58,329,624,2,4,2,8,Lapsed
15448,788.81,2,2011-01-31 10:42:00,2010-02-03 13:29:00,United Kingdom,394.4,311,673,2,2,3,7,Lapsed
15449,974.52,3,2011-11-13 15:02:00,2011-03-23 10:43:00,United Kingdom,324.84,25,260,4,3,3,10,Active
15450,429.84,1,2011-11-09 17:11:00,2011-11-09 17:11:00,United Kingdom,429.84,29,29,4,1,2,7,New
15451,233.21,2,2010-10-01 13:40:00,2010-04-19 14:08:00,United Kingdom,116.6,433,598,1,2,1,4,Lapsed
15452,1799.11,6,2011-11-10 12:13:00,2010-07-16 14:23:00,United Kingdom,299.85,28,510,4,4,4,12,Active
15453,1388.37,7,2011-12-08 10:59:00,2011-06-05 12:37:00,United Kingdom,198.34,0,186,5,4,4,13,Active
15454,307.69,2,2010-12-12 14:21:00,2010-03-31 13:15:00,United Kingdom,153.84,361,617,2,2,2,6,Lapsed
15455,38.25,1,2010-04-21 12:43:00,2010-04-21 12:43:00,United Kingdom,38.25,596,596,1,1,1,3,Lapsed
15456,2119.27,10,2011-03-01 13:51:00,2009-12-08 12:54:00,United Kingdom,211.93,282,730,2,5,4,11,Lapsed
15457,237.07,1,2011-03-22 15:31:00,2011-03-22 15:31:00,United Kingdom,237.07,261,261,2,1,1,4,Lapsed
15458,370.44,2,2011-11-14 13:08:00,2010-11-02 19:50:00,United Kingdom,185.22,24,401,4,2,2,8,Active
15459,202.83,2,2010-10-18 15:25:00,2010-07-30 14:31:00,United Kingdom,101.42,416,496,1,2,1,4,Lapsed
15460,216.76,1,2010-12-20 16:08:00,2010-12-20 16:08:00,United Kingdom,216.76,353,353,2,1,1,4,Lapsed
15461,429.7,2,2010-09-05 12:31:00,2010-03-18 12:40:00,United Kingdom,214.85,459,630,1,2,2,5,Lapsed
15462,737.05,4,2011-09-06 13:11:00,2010-09-20 10:23:00,United Kingdom,184.26,93,444,3,3,3,9,At Risk
15463,126.14,1,2011-11-10 12:57:00,2011-11-10 12:57:00,United Kingdom,126.14,28,28,4,1,1,6,New
15464,1048.85,1,2011-01-05 15:56:00,2011-01-05 15:56:00,United Kingdom,1048.85,337,337,2,1,3,6,Lapsed
15465,12655.65,32,2011-11-20 10:11:00,2009-12-10 09:42:00,United Kingdom,395.49,18,728,4,5,5,14,Active
15466,1571.01,4,2011-09-15 14:08:00,2009-12-03 12:28:00,United Kingdom,392.75,84,735,3,3,4,10,Active
15467,524.88,3,2011-11-30 14:17:00,2011-07-10 14:42:00,United Kingdom,174.96,8,151,5,3,2,10,Active
15468,1430.48,3,2011-10-19 13:49:00,2010-11-12 09:39:00,United Kingdom,476.83,50,391,4,3,4,11,Active
15469,874.25,3,2011-10-20 16:21:00,2010-09-27 10:09:00,United Kingdom,291.42,49,437,4,3,3,10,Active
15470,63.42,1,2010-05-13 09:35:00,2010-05-13 09:35:00,United Kingdom,63.42,574,574,1,1,1,3,Lapsed
15471,1316.56,3,2011-12-07 14:12:00,2010-06-07 12:17:00,United Kingdom,438.85,1,549,5,3,4,12,Active
15472,371.56,1,2011-08-18 15:17:00,2011-08-18 15:17:00,United Kingdom,371.56,112,112,3,1,2,6,At Risk
15473,2046.0,8,2011-11-25 15:15:00,2010-09-21 09:14:00,United Kingdom,255.75,13,443,5,4,4,13,Active
15474,163.1,1,2010-04-23 11:14:00,2010-04-23 11:14:00,United Kingdom,163.1,594,594,1,1,1,3,Lapsed
15475,454.11,1,2011-09-23 15:20:00,2011-09-23 15:20:00,United Kingdom,454.11,76,76,3,1,2,6,Active
15476,2209.98,4,2010-11-24 15:17:00,2010-09-23 14:00:00,United Kingdom,552.5,379,441,2,3,4,9,Lapsed
15477,368.4,1,2010-02-28 10:37:00,2010-02-28 10:37:00,United Kingdom,368.4,648,648,1,1,2,4,Lapsed
15478,2024.98,3,2011-10-30 14:19:00,2010-05-13 18:49:00,United Kingdom,674.99,39,574,4,3,4,11,Active
15479,147.4,1,2009-12-06 15:08:00,2009-12-06 15:08:00,United Kingdom,147.4,732,732,1,1,1,3,Lapsed
15480,6279.0,5,2011-08-15 14:32:00,2010-02-01 14:52:00,Malta,1255.8,115,675,3,4,5,12,At Risk
15481,1993.34,1,2010-11-03 14:52:00,2010-11-03 14:52:00,Norway,1993.34,400,400,2,1,4,7,Lapsed
15482,14592.56,19,2011-11-24 10:46:00,2009-12-02 16:59:00,United Kingdom,768.03,14,736,5,5,5,15,Active
15483,862.2,10,2011-07-01 13:07:00,2010-01-24 15:42:00,United Kingdom,86.22,160,683,3,5,3,11,At Risk
15484,4656.0,6,2011-12-08 15:03:00,2009-12-05 15:18:00,United Kingdom,776.0,0,733,5,4,5,14,Active
15485,5771.51,7,2011-11-09 14:31:00,2009-12-01 17:31:00,United Kingdom,824.5,29,737,4,4,5,13,Active
15486,102.0,1,2010-06-30 13:15:00,2010-06-30 13:15:00,United Kingdom,102.0,526,526,1,1,1,3,Lapsed
15487,231.32,1,2010-01-29 12:07:00,2010-01-29 12:07:00,United Kingdom,231.32,678,678,1,1,1,3,Lapsed
15488,431.92,5,2011-09-08 10:11:00,2010-05-05 13:03:00,United Kingdom,86.38,91,582,3,4,2,9,At Risk
15489,2419.61,8,2011-11-17 08:53:00,2010-01-15 16:58:00,United Kingdom,302.45,21,692,4,4,4,12,Active
15490,217.6,1,2010-10-05 13:11:00,2010-10-05 13:11:00,United Kingdom,217.6,429,429,1,1,1,3,Lapsed
15491,3100.09,6,2011-09-05 15:56:00,2011-04-18 10:04:00,United Kingdom,516.68,94,234,3,4,5,12,At Risk
15492,659.46,2,2011-11-11 14:53:00,2011-09-26 14:02:00,United Kingdom,329.73,27,73,4,2,3,9,Active
15493,4314.98,9,2011-11-07 12:04:00,2010-02-23 11:14:00,United Kingdom,479.44,31,653,4,5,5,14,Active
15494,3780.05,5,2011-11-18 14:51:00,2009-12-10 20:16:00,United Kingdom,756.01,20,728,4,4,5,13,Active
15495,246.5,1,2010-11-25 13:46:00,2010-11-25 13:46:00,United Kingdom,246.5,378,378,2,1,1,4,Lapsed
15496,146.14,1,2010-03-18 13:16:00,2010-03-18 13:16:00,United Kingdom,146.14,630,630,1,1,1,3,Lapsed
15497,8657.39,9,2011-11-22 11:51:00,2009-12-18 15:08:00,United Kingdom,961.93,16,720,5,5,5,15,Active
15498,26039.58,44,2011-12-07 12:48:00,2009-12-16 17:27:00,United Kingdom,591.81,1,722,5,5,5,15,Active
15499,161.6,1,2009-12-16 12:17:00,2009-12-16 12:17:00,United Kingdom,161.6,722,722,1,1,1,3,Lapsed
15500,1131.56,4,2011-12-01 13:47:00,2011-09-19 13:47:00,United Kingdom,282.89,7,80,5,3,3,11,Active
15501,402.5,2,2010-10-31 11:15:00,2010-10-20 12:47:00,United Kingdom,201.25,403,414,2,2,2,6,Lapsed
15502,13993.47,14,2011-11-24 12:48:00,2010-06-03 11:12:00,United Kingdom,999.53,14,553,5,5,5,15,Active
15503,267.15,2,2010-12-12 10:57:00,2009-12-13 11:34:00,United Kingdom,133.57,361,725,2,2,1,5,Lapsed
15504,423.85,4,2011-09-19 13:45:00,2010-02-12 12:34:00,United Kingdom,105.96,80,664,3,3,2,8,Active
15505,3610.96,5,2011-10-18 07:56:00,2011-07-07 13:33:00,United Kingdom,722.19,51,154,4,4,5,13,Active
15506,2040.03,6,2011-11-17 12:11:00,2010-08-19 12:38:00,United Kingdom,340.0,21,476,4,4,4,12,Active
15507,492.36,1,2011-06-21 11:19:00,2011-06-21 11:19:00,United Kingdom,492.36,170,170,3,1,2,6,At Risk
15508,1000.27,6,2011-06-03 15:43:00,2011-04-18 15:31:00,United Kingdom,166.71,188,234,2,4,3,9,Lapsed
15509,166.51,1,2010-11-24 14:48:00,2010-11-24 14:48:00,United Kingdom,166.51,379,379,2,1,1,4,Lapsed
15510,250.0,1,2011-01-13 12:10:00,2011-01-13 12:10:00,United Kingdom,250.0,329,329,2,1,1,4,Lapsed
15511,909.23,5,2011-11-28 09:43:00,2011-09-15 15:05:00,United Kingdom,181.85,10,84,5,4,3,12,Active
15512,331.58,4,2011-07-07 10:20:00,2010-02-01 13:23:00,United Kingdom,82.9,154,675,3,3,2,8,At Risk
15513,27750.55,35,2011-11-06 14:36:00,2010-01-13 14:59:00,United Kingdom,792.87,32,694,4,5,5,14,Active
15514,6598.55,18,2011-11-27 14:40:00,2009-12-04 16:37:00,United Kingdom,366.59,11,734,5,5,5,15,Active
15515,171.81,1,2010-11-17 13:39:00,2010-11-17 13:39:00,United Kingdom,171.81,386,386,2,1,1,4,Lapsed
15516,62.43,3,2011-10-26 10:51:00,2011-10-24 11:33:00,United Kingdom,20.81,43,45,4,3,1,8,Active
15517,267.03,1,2011-04-20 14:02:00,2011-04-20 14:02:00,United Kingdom,267.03,232,232,2,1,1,4,Lapsed
15518,4218.94,15,2011-10-06 13:05:00,2009-12-20 12:21:00,United Kingdom,281.26,63,718,3,5,5,13,Active
15519,344.61,2,2010-11-21 14:35:00,2010-09-19 13:57:00,United Kingdom,172.3,382,445,2,2,2,6,Lapsed
15520,343.5,1,2011-12-08 10:58:00,2011-12-08 10:58:00,United Kingdom,343.5,0,0,5,1,2,8,New
15521,7106.69,16,2011-10-30 13:42:00,2010-01-05 10:19:00,United Kingdom,444.17,39,702,4,5,5,14,Active
15522,398.84,2,2011-11-07 11:26:00,2011-09-13 12:26:00,United Kingdom,199.42,31,86,4,2,2,8,Active
15523,17359.99,16,2011-09-16 16:29:00,2009-12-02 15:16:00,United Kingdom,1085.0,83,736,3,5,5,13,Active
15524,591.4,2,2011-11-15 12:09:00,2010-04-12 09:19:00,United Kingdom,295.7,23,605,4,2,2,8,Active
15525,1295.7,4,2011-12-07 14:43:00,2010-11-22 12:10:00,United Kingdom,323.92,1,381,5,3,4,12,Active
15526,148.44,2,2011-11-06 15:04:00,2011-11-06 15:01:00,United Kingdom,74.22,32,32,4,2,1,7,Active
15527,5575.64,23,2011-11-21 12:17:00,2009-12-15 17:31:00,United Kingdom,242.42,17,723,5,5,5,15,Active
15528,229.33,1,2011-03-30 16:14:00,2011-03-30 16:14:00,United Kingdom,229.33,253,253,2,1,1,4,Lapsed
15529,5111.95,12,2011-11-17 11:29:00,2010-11-10 14:26:00,United Kingdom,426.0,21,393,4,5,5,14,Active
15530,1813.72,5,2011-11-18 12:25:00,2010-07-15 11:10:00,United Kingdom,362.74,20,511,4,4,4,12,Active
15531,2007.44,2,2011-12-01 18:43:00,2011-11-09 17:47:00,United Kingdom,1003.72,7,29,5,2,4,11,Active
15532,3771.9,10,2011-11-14 14:51:00,2010-06-08 14:52:00,United Kingdom,377.19,24,548,4,5,5,14,Active
15533,807.57,3,2011-11-20 15:35:00,2011-09-11 15:41:00,United Kingdom,269.19,18,88,4,3,3,10,Active
15534,162.25,1,2009-12-14 12:48:00,2009-12-14 12:48:00,United Kingdom,162.25,724,724,1,1,1,3,Lapsed
15535,1087.82,6,2011-06-19 16:02:00,2010-09-16 20:04:00,United Kingdom,181.3,172,448,3,4,3,10,At Risk
15536,259.09,1,2010-10-26 16:31:00,2010-10-26 16:31:00,United Kingdom,259.09,408,408,2,1,1,4,Lapsed
15537,110.92,1,2011-06-29 13:10:00,2011-06-29 13:10:00,United Kingdom,110.92,162,162,3,1,1,5,At Risk
15538,3358.4,6,2010-06-20 10:49:00,2010-02-14 12:38:00,United Kingdom,559.73,536,662,1,4,5,10,Lapsed
15539,538.46,1,2011-12-02 13:36:00,2011-12-02 13:36:00,United Kingdom,538.46,6,6,5,1,2,8,New
15540,460.68,2,2011-11-28 13:51:00,2010-11-29 11:10:00,United Kingdom,230.34,10,374,5,2,2,9,Active
15541,85.13,1,2011-08-17 14:58:00,2011-08-17 14:58:00,United Kingdom,85.13,113,113,3,1,1,5,At Risk
15542,918.45,3,2010-07-15 13:32:00,2009-12-02 11:53:00,United Kingdom,306.15,511,736,1,3,3,7,Lapsed
15543,242.84,2,2011-02-24 15:26:00,2010-09-06 11:28:00,United Kingdom,121.42,287,458,2,2,1,5,Lapsed
15544,8162.43,20,2011-11-30 16:43:00,2010-01-28 14:39:00,United Kingdom,408.12,8,679,5,5,5,15,Active
15545,428.05,2,2011-10-16 13:24:00,2010-12-03 17:28:00,United Kingdom,214.02,53,370,4,2,2,8,Active
15546,1079.1,2,2010-04-12 11:51:00,2010-04-12 11:45:00,United Kingdom,539.55,605,605,1,2,3,6,Lapsed
15547,10154.39,26,2011-12-02 12:52:00,2009-12-06 13:40:00,United Kingdom,390.55,6,732,5,5,5,15,Active
15548,158.09,1,2010-04-23 12:20:00,2010-04-23 12:20:00,United Kingdom,158.09,594,594,1,1,1,3,Lapsed
15549,2345.96,8,2011-09-23 16:22:00,2010-01-11 13:16:00,United Kingdom,293.24,76,696,3,4,4,11,Active
15550,2218.8,12,2011-12-05 15:38:00,2009-12-03 15:15:00,United Kingdom,184.9,3,735,5,5,4,14,Active
15551,1710.08,7,2011-11-03 12:37:00,2010-06-07 15:05:00,United Kingdom,244.3,35,549,4,4,4,12,Active
15552,252.52,2,2011-05-06 14:47:00,2010-03-26 16:17:00,United Kingdom,126.26,216,622,2,2,1,5,Lapsed
15553,437.23,1,2011-10-10 14:02:00,2011-10-10 14:02:00,United Kingdom,437.23,59,59,3,1,2,6,Active
15554,217.2,1,2011-03-07 09:00:00,2011-03-07 09:00:00,United Kingdom,217.2,276,276,2,1,1,4,Lapsed
15555,12112.35,36,2011-11-27 16:19:00,2009-12-06 11:58:00,United Kingdom,336.45,11,732,5,5,5,15,Active
15556,279.77,1,2011-11-15 16:08:00,2011-11-15 16:08:00,United Kingdom,279.77,23,23,4,1,1,6,New
15557,473.65,1,2011-11-11 12:46:00,2011-11-11 12:46:00,United Kingdom,473.65,27,27,4,1,2,7,New
15558,214.13,1,2010-03-10 15:25:00,2010-03-10 15:25:00,United Kingdom,214.13,638,638,1,1,1,3,Lapsed
15559,1109.4,1,2010-05-20 14:06:00,2010-05-20 14:06:00,United Kingdom,1109.4,567,567,1,1,3,5,Lapsed
15560,153.52,2,2010-11-07 10:15:00,2010-11-07 10:14:00,United Kingdom,76.76,396,396,2,2,1,5,Lapsed
15561,1934.39,8,2011-11-28 11:07:00,2010-02-14 12:22:00,United Kingdom,241.8,10,662,5,4,4,13,Active
15562,673.38,3,2010-12-23 09:55:00,2009-12-13 15:17:00,United Kingdom,224.46,350,725,2,3,3,8,Lapsed
15563,2867.0,7,2011-11-17 14:50:00,2010-01-28 11:36:00,United Kingdom,409.57,21,679,4,4,4,12,Active
15564,70.74,2,2010-09-02 15:52:00,2010-02-01 15:58:00,United Kingdom,35.37,462,675,1,2,1,4,Lapsed
15565,173.16,2,2011-10-20 14:33:00,2011-09-30 10:44:00,United Kingdom,86.58,49,69,4,2,1,7,Active
15566,227.87,2,2010-11-12 12:11:00,2009-12-15 14:53:00,United Kingdom,113.94,391,723,2,2,1,5,Lapsed
15567,186.01,1,2011-11-21 10:48:00,2011-11-21 10:48:00,United Kingdom,186.01,17,17,5,1,1,7,New
15568,758.29,3,2011-12-07 11:27:00,2011-09-27 14:37:00,United Kingdom,252.76,1,72,5,3,3,11,Active
15569,3586.35,10,2011-08-28 10:15:00,2010-02-28 10:55:00,United Kingdom,358.64,102,648,3,5,5,13,At Risk
15570,9311.04,25,2011-12-02 14:47:00,2010-03-28 14:04:00,United Kingdom,372.44,6,620,5,5,5,15,Active
15571,4051.63,14,2011-11-28 10:02:00,2009-12-06 12:10:00,United Kingdom,289.4,10,732,5,5,5,15,Active
15572,4068.67,10,2011-12-05 10:09:00,2010-04-14 14:38:00,United Kingdom,406.87,3,603,5,5,5,15,Active
15573,1207.18,5,2011-11-08 11:38:00,2009-12-10 14:19:00,United Kingdom,241.44,30,728,4,4,3,11,Active
15574,1518.7,6,2011-06-15 12:01:00,2010-09-01 14:37:00,United Kingdom,253.12,176,463,3,4,4,11,At Risk
15575,30.1,1,2010-03-30 12:50:00,2010-03-30 12:50:00,United Kingdom,30.1,618,618,1,1,1,3,Lapsed
15576,940.67,1,2011-11-02 12:03:00,2011-11-02 12:03:00,United Kingdom,940.67,36,36,4,1,3,8,Active
15577,397.98,5,2011-07-11 17:03:00,2009-12-13 16:17:00,United Kingdom,79.6,150,725,3,4,2,9,At Risk
15578,127.1,1,2011-06-30 13:03:00,2011-06-30 13:03:00,United Kingdom,127.1,161,161,3,1,1,5,At Risk
15579,1302.5,5,2011-10-02 12:45:00,2010-10-03 14:37:00,United Kingdom,260.5,67,431,3,4,4,11,Active
15580,1381.19,8,2010-11-28 11:00:00,2010-02-07 11:21:00,United Kingdom,172.65,375,669,2,4,4,10,Lapsed
15581,7794.59,38,2011-08-11 09:38:00,2009-12-02 12:19:00,United Kingdom,205.12,119,736,3,5,5,13,At Risk
15582,682.91,3,2011-11-15 09:55:00,2011-05-03 13:36:00,United Kingdom,227.64,23,219,4,3,3,10,Active
15583,107.86,1,2010-11-28 15:04:00,2010-11-28 15:04:00,United Kingdom,107.86,375,375,2,1,1,4,Lapsed
15584,1277.5,6,2011-11-16 10:55:00,2010-02-07 12:16:00,United Kingdom,212.92,22,669,4,4,4,12,Active
15585,455.3,1,2011-06-16 08:38:00,2011-06-16 08:38:00,United Kingdom,455.3,175,175,3,1,2,6,At Risk
15586,1139.1,3,2010-04-26 11:00:00,2010-01-08 10:02:00,United Kingdom,379.7,591,699,1,3,3,7,Lapsed
15587,1522.08,7,2011-10-20 13:37:00,2010-08-05 08:44:00,United Kingdom,217.44,49,490,4,4,4,12,Active
15588,579.6,1,2010-01-31 12:19:00,2010-01-31 12:19:00,United Kingdom,579.6,676,676,1,1,2,4,Lapsed
15589,478.53,3,2011-03-29 09:54:00,2011-02-02 10:46:00,United Kingdom,159.51,254,309,2,3,2,7,Lapsed
15590,1496.6,5,2010-11-22 14:49:00,2010-04-12 10:09:00,United Kingdom,299.32,381,605,2,4,4,10,Lapsed
15591,217.9,3,2010-05-06 09:23:00,2010-02-04 09:20:00,United Kingdom,72.63,581,672,1,3,1,5,Lapsed
15592,388.58,1,2011-10-24 08:59:00,2011-10-24 08:59:00,United Kingdom,388.58,45,45,4,1,2,7,Active
15593,199.8,1,2011-09-30 11:46:00,2011-09-30 11:46:00,United Kingdom,199.8,69,69,3,1,1,5,Active
15594,1771.78,5,2011-11-24 08:53:00,2011-04-19 10:08:00,United Kingdom,354.36,14,233,5,4,4,13,Active
15595,357.6,1,2010-08-09 12:27:00,2010-08-09 12:27:00,United Kingdom,357.6,486,486,1,1,2,4,Lapsed
15596,3130.04,9,2011-08-31 10:55:00,2010-07-28 11:46:00,United Kingdom,347.78,99,498,3,5,5,13,At Risk
15597,563.37,2,2011-11-04 13:26:00,2010-05-13 13:10:00,United Kingdom,281.68,34,574,4,2,2,8,Active
15598,548.02,2,2011-10-17 16:04:00,2010-10-08 09:20:00,United Kingdom,274.01,52,426,4,2,2,8,Active
15599,1250.06,3,2011-11-13 11:44:00,2010-09-20 10:15:00,United Kingdom,416.69,25,444,4,3,4,11,Active
15600,1199.31,4,2010-10-07 14:30:00,2010-04-25 11:50:00,United Kingdom,299.83,427,592,1,3,3,7,Lapsed
15601,14960.12,30,2011-11-28 15:15:00,2009-12-01 14:53:00,United Kingdom,498.67,10,737,5,5,5,15,Active
15602,3230.51,16,2011-12-01 14:14:00,2009-12-02 09:35:00,United Kingdom,201.91,7,736,5,5,5,15,Active
15603,88.48,2,2011-09-22 10:04:00,2010-03-01 16:02:00,United Kingdom,44.24,77,647,3,2,1,6,Active
15604,216.39,1,2011-10-18 14:47:00,2011-10-18 14:47:00,United Kingdom,216.39,51,51,4,1,1,6,Active
15605,1936.8,9,2011-11-03 14:17:00,2010-01-14 14:03:00,United Kingdom,215.2,35,693,4,5,4,13,Active
15606,5230.99,17,2011-10-09 15:47:00,2010-03-02 14:48:00,United Kingdom,307.71,60,646,3,5,5,13,Active
15607,1708.97,9,2011-01-07 12:44:00,2010-01-08 12:16:00,United Kingdom,189.89,335,699,2,5,4,11,Lapsed
15608,1785.98,5,2011-11-11 13:20:00,2010-10-20 10:10:00,United Kingdom,357.2,27,414,4,4,4,12,Active
15609,298.48,1,2011-06-08 13:00:00,2011-06-08 13:00:00,United Kingdom,298.48,183,183,3,1,2,6,Lapsed
15610,112.46,1,2011-10-19 10:36:00,2011-10-19 10:36:00,United Kingdom,112.46,50,50,4,1,1,6,Active
15611,2997.28,26,2011-11-30 12:36:00,2010-01-25 14:50:00,United Kingdom,115.28,8,682,5,5,5,15,Active
15612,195.15,2,2011-11-03 14:52:00,2011-10-09 12:49:00,United Kingdom,97.58,35,60,4,2,1,7,Active
15613,433.72,1,2010-04-08 12:51:00,2010-04-08 12:51:00,United Kingdom,433.72,609,609,1,1,2,4,Lapsed
15614,3147.36,4,2010-09-28 10:46:00,2010-03-23 11:13:00,United Kingdom,786.84,436,625,1,3,5,9,Lapsed
15615,21373.97,47,2011-11-29 14:42:00,2009-12-02 15:28:00,United Kingdom,454.77,9,736,5,5,5,15,Active
15616,317.11,1,2010-09-27 13:10:00,2010-09-27 13:10:00,United Kingdom,317.11,437,437,1,1,2,4,Lapsed
15617,828.55,3,2010-11-08 16:07:00,2010-07-20 13:16:00,United Kingdom,276.18,395,506,2,3,3,8,Lapsed
15618,776.85,4,2011-11-07 08:34:00,2011-07-26 10:13:00,United Kingdom,194.21,31,135,4,3,3,10,Active
15619,336.4,1,2011-11-29 08:14:00,2011-11-29 08:14:00,United Kingdom,336.4,9,9,5,1,2,8,New
15620,1942.36,4,2011-10-14 12:41:00,2010-10-26 11:32:00,United Kingdom,485.59,55,408,4,3,4,11,Active
15621,1293.03,4,2011-12-05 14:01:00,2011-11-18 11:49:00,United Kingdom,323.26,3,20,5,3,4,12,Active
15622,7852.61,17,2011-10-27 16:44:00,2010-03-04 10:29:00,United Kingdom,461.92,42,644,4,5,5,14,Active
15623,2437.05,8,2011-07-21 17:26:00,2009-12-10 14:46:00,United Kingdom,304.63,140,728,3,4,4,11,At Risk
15624,588.13,4,2011-08-15 11:38:00,2011-03-28 13:32:00,United Kingdom,147.03,115,255,3,3,2,8,At Risk
15625,3236.4,9,2011-08-28 10:21:00,2010-06-15 15:23:00,United Kingdom,359.6,102,541,3,5,5,13,At Risk
15626,1067.52,3,2011-09-26 10:03:00,2010-10-14 17:16:00,United Kingdom,355.84,73,420,3,3,3,9,Active
15627,566.9,2,2010-09-08 14:14:00,2010-07-05 11:56:00,United Kingdom,283.45,456,521,1,2,2,5,Lapsed
15628,5652.26,17,2011-12-05 10:24:00,2009-12-13 13:39:00,United Kingdom,332.49,3,725,5,5,5,15,Active
15629,2240.9,4,2010-09-15 13:46:00,2010-06-25 11:39:00,United Kingdom,560.22,449,531,1,3,4,8,Lapsed
15630,1481.4,3,2011-10-25 15:36:00,2010-03-05 14:30:00,United Kingdom,493.8,44,643,4,3,4,11,Active
15631,596.67,1,2010-03-07 14:52:00,2010-03-07 14:52:00,United Kingdom,596.67,641,641,1,1,2,4,Lapsed
15632,3285.31,8,2011-11-24 09:51:00,2011-03-10 08:29:00,United Kingdom,410.66,14,273,5,4,5,14,Active
15633,4352.46,13,2010-07-18 13:54:00,2009-12-08 17:51:00,United Kingdom,334.8,508,730,1,5,5,11,Lapsed
15634,554.65,2,2011-11-22 16:28:00,2010-11-21 15:30:00,United Kingdom,277.32,16,382,5,2,2,9,Active
15635,100.35,1,2010-11-09 08:58:00,2010-11-09 08:58:00,United Kingdom,100.35,394,394,2,1,1,4,Lapsed
15636,1444.58,4,2011-09-11 11:17:00,2010-05-19 11:37:00,United Kingdom,361.14,88,568,3,3,4,10,Active
15637,797.59,5,2011-10-18 08:28:00,2009-12-15 17:54:00,United Kingdom,159.52,51,723,4,4,3,11,Active
15638,2265.2,6,2010-11-26 11:52:00,2010-04-08 14:37:00,United Kingdom,377.53,377,609,2,4,4,10,Lapsed
15639,1065.08,3,2011-07-28 14:30:00,2010-04-13 13:11:00,United Kingdom,355.03,133,604,3,3,3,9,At Risk
15640,23957.58,29,2011-12-05 14:35:00,2009-12-14 16:36:00,United Kingdom,826.12,3,724,5,5,5,15,Active
15641,5345.55,12,2011-08-26 14:04:00,2009-12-06 15:31:00,United Kingdom,445.46,104,732,3,5,5,13,At Risk
15642,105.78,1,2009-12-10 11:51:00,2009-12-10 11:51:00,United Kingdom,105.78,728,728,1,1,1,3,Lapsed
15643,664.0,3,2011-06-01 07:38:00,2011-03-02 14:34:00,United Kingdom,221.33,190,281,2,3,3,8,Lapsed
15644,813.0,4,2011-06-26 14:54:00,2011-03-23 15:37:00,United Kingdom,203.25,165,260,3,3,3,9,At Risk
15645,1055.17,3,2011-11-21 11:55:00,2010-10-10 12:51:00,United Kingdom,351.72,17,424,5,3,3,11,Active
15646,974.61,5,2011-07-05 09:53:00,2010-10-25 13:06:00,United Kingdom,194.92,156,409,3,4,3,10,At Risk
15647,169.0,1,2010-10-20 15:09:00,2010-10-20 15:09:00,United Kingdom,169.0,414,414,1,1,1,3,Lapsed
15648,657.35,2,2011-05-19 15:53:00,2011-03-17 18:59:00,United Kingdom,328.68,203,266,2,2,3,7,Lapsed
15649,2170.35,4,2011-01-07 13:34:00,2010-11-17 16:22:00,United Kingdom,542.59,335,386,2,3,4,9,Lapsed
15650,553.88,2,2010-07-06 10:41:00,2010-03-21 11:46:00,United Kingdom,276.94,520,627,1,2,2,5,Lapsed
15651,1259.06,5,2011-11-03 08:41:00,2010-04-22 13:26:00,United Kingdom,251.81,35,595,4,4,4,12,Active
15652,1420.34,5,2011-09-09 14:22:00,2010-08-11 16:58:00,United Kingdom,284.07,90,484,3,4,4,11,Active
15653,877.44,2,2011-09-08 10:49:00,2011-08-16 09:50:00,United Kingdom,438.72,91,114,3,2,3,8,At Risk
15654,922.53,2,2011-11-30 13:08:00,2011-11-13 15:15:00,United Kingdom,461.26,8,25,5,2,3,10,Active
15655,560.67,1,2011-04-10 15:25:00,2011-04-10 15:25:00,United Kingdom,560.67,242,242,2,1,2,5,Lapsed
15656,748.5,4,2011-10-25 14:56:00,2011-02-28 15:32:00,United Kingdom,187.12,44,283,4,3,3,10,Active
15657,30.0,1,2011-11-17 12:19:00,2011-11-17 12:19:00,United Kingdom,30.0,21,21,4,1,1,6,New
15658,2423.47,8,2011-06-02 15:22:00,2009-12-03 11:19:00,United Kingdom,302.93,189,735,2,4,4,10,Lapsed
15659,532.49,3,2011-10-27 09:23:00,2010-02-24 13:32:00,United Kingdom,177.5,42,652,4,3,2,9,Active
15660,2812.99,15,2011-11-14 16:58:00,2010-02-05 16:01:00,United Kingdom,187.53,24,671,4,5,4,13,Active
15661,1215.95,8,2011-01-26 13:56:00,2010-05-10 07:59:00,United Kingdom,151.99,316,577,2,4,3,9,Lapsed
15662,283.73,2,2010-02-16 16:47:00,2009-12-01 13:49:00,United Kingdom,141.86,660,737,1,2,1,4,Lapsed
15663,138.14,1,2011-08-25 15:50:00,2011-08-25 15:50:00,United Kingdom,138.14,105,105,3,1,1,5,At Risk
15664,1254.03,4,2011-10-20 10:57:00,2010-02-28 12:50:00,United Kingdom,313.51,49,648,4,3,4,11,Active
15665,4015.12,5,2011-06-24 14:57:00,2010-03-14 15:07:00,United Kingdom,803.02,167,634,3,4,5,12,At Risk
15666,632.94,2,2010-08-24 16:14:00,2010-08-01 15:41:00,United Kingdom,316.47,471,494,1,2,3,6,Lapsed
15667,301.32,1,2011-10-31 10:56:00,2011-10-31 10:56:00,United Kingdom,301.32,38,38,4,1,2,7,Active
15668,76.32,1,2011-05-06 10:39:00,2011-05-06 10:39:00,United Kingdom,76.32,216,216,2,1,1,4,Lapsed
15669,684.34,4,2011-10-30 16:03:00,2011-03-21 09:13:00,United Kingdom,171.08,39,262,4,3,3,10,Active
15670,325.2,2,2011-02-16 10:50:00,2010-06-01 15:34:00,United Kingdom,162.6,295,555,2,2,2,6,Lapsed
15671,2657.13,7,2011-11-21 12:43:00,2011-03-14 09:37:00,United Kingdom,379.59,17,269,5,4,4,13,Active
15672,45.3,1,2009-12-14 16:52:00,2009-12-14 16:52:00,United Kingdom,45.3,724,724,1,1,1,3,Lapsed
15673,6414.79,9,2011-09-12 16:12:00,2010-02-22 14:28:00,United Kingdom,712.75,87,654,3,5,5,13,Active
15674,6948.23,13,2011-09-27 15:17:00,2009-12-08 17:08:00,United Kingdom,534.48,72,730,3,5,5,13,Active
15675,542.04,4,2011-09-19 13:48:00,2010-10-31 14:14:00,United Kingdom,135.51,80,403,3,3,2,8,Active
15676,3435.76,3,2011-11-21 12:40:00,2011-03-01 10:19:00,United Kingdom,1145.25,17,282,5,3,5,13,Active
15677,1305.63,3,2011-10-21 15:36:00,2010-09-02 12:08:00,United Kingdom,435.21,48,462,4,3,4,11,Active
15678,1893.89,3,2011-10-18 09:25:00,2010-07-05 12:49:00,United Kingdom,631.3,51,521,4,3,4,11,Active
15679,781.28,4,2011-11-15 16:19:00,2011-06-10 08:24:00,United Kingdom,195.32,23,181,4,3,3,10,Active
15680,4507.58,10,2011-11-30 13:46:00,2009-12-02 12:15:00,United Kingdom,450.76,8,736,5,5,5,15,Active
15681,2989.7,14,2011-11-14 16:30:00,2010-05-24 14:18:00,United Kingdom,213.55,24,563,4,5,5,14,Active
15682,318.24,2,2010-04-19 15:30:00,2010-01-21 14:37:00,United Kingdom,159.12,598,686,1,2,2,5,Lapsed
15683,524.54,2,2011-08-14 12:56:00,2010-08-23 12:01:00,United Kingdom,262.27,116,472,3,2,2,7,At Risk
15684,173.95,3,2010-06-10 18:51:00,2009-12-04 16:13:00,United Kingdom,57.98,546,734,1,3,1,5,Lapsed
15685,55.98,1,2010-09-15 13:43:00,2010-09-15 13:43:00,United Kingdom,55.98,449,449,1,1,1,3,Lapsed
15686,90.0,1,2010-10-15 13:50:00,2010-10-15 13:50:00,United Kingdom,90.0,419,419,1,1,1,3,Lapsed
15687,2993.1,9,2011-12-01 08:33:00,2011-01-13 15:13:00,United Kingdom,332.57,7,329,5,5,5,15,Active
15688,190.57,1,2010-10-17 12:06:00,2010-10-17 12:06:00,United Kingdom,190.57,417,417,1,1,1,3,Lapsed
15689,521.03,3,2011-08-12 09:37:00,2010-04-01 09:53:00,United Kingdom,173.68,118,616,3,3,2,8,At Risk
15690,239.76,2,2011-12-05 15:59:00,2011-08-31 11:40:00,United Kingdom,119.88,3,99,5,2,1,8,Active
15691,571.3,4,2011-04-01 15:13:00,2009-12-06 16:01:00,United Kingdom,142.82,251,732,2,3,2,7,Lapsed
15692,191.04,1,2011-11-11 14:12:00,2011-11-11 14:12:00,United Kingdom,191.04,27,27,4,1,1,6,New
15693,37.5,1,2010-02-18 14:37:00,2010-02-18 14:37:00,United Kingdom,37.5,658,658,1,1,1,3,Lapsed
15694,10810.81,24,2011-12-09 09:44:00,2009-12-07 15:43:00,United Kingdom,450.45,-1,731,5,5,5,15,Active
15695,1131.04,4,2011-03-18 08:32:00,2010-01-27 10:56:00,United Kingdom,282.76,265,680,2,3,3,8,Lapsed
15696,3906.57,13,2011-11-06 14:02:00,2010-01-24 14:36:00,United Kingdom,300.51,32,683,4,5,5,14,Active
15697,246.75,1,2010-01-19 09:10:00,2010-01-19 09:10:00,United Kingdom,246.75,688,688,1,1,1,3,Lapsed
15698,46.2,1,2010-03-25 17:38:00,2010-03-25 17:38:00,United Kingdom,46.2,623,623,1,1,1,3,Lapsed
15699,309.65,1,2011-11-22 08:26:00,2011-11-22 08:26:00,United Kingdom,309.65,16,16,5,1,2,8,New
15700,696.68,2,2011-06-20 16:53:00,2011-06-19 15:36:00,United Kingdom,348.34,171,172,3,2,3,8,At Risk
15701,1542.14,4,2011-12-07 14:39:00,2011-08-21 12:36:00,United Kingdom,385.54,1,109,5,3,4,12,Active
15702,140.39,2,2010-08-20 14:50:00,2010-01-26 17:23:00,Nigeria,70.19,475,681,1,2,1,4,Lapsed
15703,211.5,1,2011-03-20 10:51:00,2011-03-20 10:51:00,United Kingdom,211.5,263,263,2,1,1,4,Lapsed
15704,3817.96,6,2011-07-22 13:35:00,2010-05-05 14:51:00,United Kingdom,636.33,139,582,3,4,5,12,At Risk
15705,143.1,1,2011-05-22 15:37:00,2011-05-22 15:37:00,United Kingdom,143.1,200,200,2,1,1,4,Lapsed
15706,1060.56,4,2011-10-07 10:09:00,2011-08-15 14:32:00,United Kingdom,265.14,62,115,3,3,3,9,Active
15707,945.58,4,2011-11-04 14:35:00,2011-09-14 14:19:00,United Kingdom,236.4,34,85,4,3,3,10,Active
15708,4378.72,9,2011-10-30 10:54:00,2010-10-10 11:33:00,United Kingdom,486.52,39,424,4,5,5,14,Active
15709,327.85,2,2011-03-01 10:38:00,2010-04-29 18:31:00,United Kingdom,163.92,282,588,2,2,2,6,Lapsed
15710,898.87,1,2010-10-18 17:05:00,2010-10-18 17:05:00,United Kingdom,898.87,416,416,1,1,3,5,Lapsed
15711,420.25,2,2010-06-01 12:14:00,2010-01-24 12:13:00,United Kingdom,210.12,555,683,1,2,2,5,Lapsed
15712,3472.41,12,2011-11-30 14:09:00,2009-12-01 11:17:00,United Kingdom,289.37,8,737,5,5,5,15,Active
15713,1010.79,4,2011-07-19 13:34:00,2009-12-16 09:41:00,United Kingdom,252.7,142,722,3,3,3,9,At Risk
15714,784.81,5,2011-11-28 11:26:00,2010-06-02 12:08:00,United Kingdom,156.96,10,554,5,4,3,12,Active
15715,658.02,5,2010-06-02 09:56:00,2010-03-30 12:17:00,United Kingdom,131.6,554,618,1,4,3,8,Lapsed
15716,3056.81,11,2011-07-17 11:59:00,2009-12-07 12:42:00,United Kingdom,277.89,144,731,3,5,5,13,At Risk
15717,607.0,5,2011-04-19 13:21:00,2010-04-26 10:41:00,United Kingdom,121.4,233,591,2,4,2,8,Lapsed
15718,293.79,1,2010-06-17 16:20:00,2010-06-17 16:20:00,United Kingdom,293.79,539,539,1,1,2,4,Lapsed
15719,10223.06,31,2011-11-07 12:29:00,2009-12-01 12:47:00,United Kingdom,329.78,31,737,4,5,5,14,Active
15720,741.92,2,2011-11-15 14:48:00,2010-06-07 15:40:00,United Kingdom,370.96,23,549,4,2,3,9,Active
15721,507.08,1,2011-11-28 12:14:00,2011-11-28 12:14:00,United Kingdom,507.08,10,10,5,1,2,8,New
15722,5258.1,11,2011-11-04 11:43:00,2010-03-09 15:05:00,United Kingdom,478.01,34,639,4,5,5,14,Active
15723,947.65,4,2010-12-10 11:12:00,2010-05-14 12:55:00,United Kingdom,236.91,363,573,2,3,3,8,Lapsed
15724,310.85,3,2011-05-22 14:40:00,2010-11-04 10:22:00,United Kingdom,103.62,200,399,2,3,2,7,Lapsed
15725,415.25,1,2011-11-24 14:51:00,2011-11-24 14:51:00,United Kingdom,415.25,14,14,5,1,2,8,New
15726,321.91,1,2010-11-14 16:12:00,2010-11-14 16:12:00,United Kingdom,321.91,389,389,2,1,2,5,Lapsed
15727,9445.51,15,2011-11-23 12:36:00,2010-01-24 12:12:00,United Kingdom,629.7,15,683,5,5,5,15,Active
15728,544.6,2,2010-11-25 10:39:00,2010-09-21 14:46:00,United Kingdom,272.3,378,443,2,2,2,6,Lapsed
15729,192.55,3,2011-05-11 12:36:00,2010-11-01 13:44:00,United Kingdom,64.18,211,402,2,3,1,6,Lapsed
15730,1726.58,5,2011-10-05 12:31:00,2010-10-04 14:15:00,United Kingdom,345.32,64,430,3,4,4,11,Active
15731,125.3,1,2010-06-04 10:10:00,2010-06-04 10:10:00,United Kingdom,125.3,552,552,1,1,1,3,Lapsed
15732,1682.07,10,2011-05-11 14:24:00,2010-02-04 10:10:00,United Kingdom,168.21,211,672,2,5,4,11,Lapsed
15733,162.3,1,2011-03-02 09:05:00,2011-03-02 09:05:00,United Kingdom,162.3,281,281,2,1,1,4,Lapsed
15734,2263.3,4,2011-08-17 10:50:00,2010-06-10 14:25:00,United Kingdom,565.83,113,546,3,3,4,10,At Risk
15735,327.68,1,2010-10-14 13:38:00,2010-10-14 13:38:00,United Kingdom,327.68,420,420,1,1,2,4,Lapsed
15736,1815.72,2,2010-09-30 14:20:00,2010-09-30 14:19:00,United Kingdom,907.86,434,434,1,2,4,7,Lapsed
15737,1205.12,8,2011-11-25 11:21:00,2011-04-11 10:01:00,United Kingdom,150.64,13,241,5,4,3,12,Active
15738,13372.97,41,2011-11-21 08:26:00,2009-12-10 15:52:00,United Kingdom,326.17,17,728,5,5,5,15,Active
15739,449.12,1,2011-10-04 13:42:00,2011-10-04 13:42:00,United Kingdom,449.12,65,65,3,1,2,6,Active
15740,154.88,1,2011-10-21 14:29:00,2011-10-21 14:29:00,United Kingdom,154.88,48,48,4,1,1,6,Active
15741,208.62,2,2010-09-07 16:21:00,2010-03-31 11:55:00,United Kingdom,104.31,457,617,1,2,1,4,Lapsed
15742,156.87,1,2010-03-30 15:25:00,2010-03-30 15:25:00,United Kingdom,156.87,618,618,1,1,1,3,Lapsed
15743,784.46,4,2011-11-23 17:19:00,2011-06-08 10:14:00,United Kingdom,196.12,15,183,5,3,3,11,Active
15744,34.8,1,2011-09-23 09:52:00,2011-09-23 09:52:00,United Kingdom,34.8,76,76,3,1,1,5,Active
15745,1094.59,4,2011-11-20 13:45:00,2011-04-17 13:04:00,United Kingdom,273.65,18,235,4,3,3,10,Active
15746,196.88,1,2011-07-28 15:21:00,2011-07-28 15:21:00,United Kingdom,196.88,133,133,3,1,1,5,At Risk
15747,2562.61,9,2011-11-27 12:26:00,2010-01-18 11:21:00,United Kingdom,284.73,11,689,5,5,4,14,Active
15748,614.76,3,2011-10-30 12:51:00,2010-09-16 16:52:00,United Kingdom,204.92,39,448,4,3,2,9,Active
15749,44534.3,3,2011-04-18 13:20:00,2011-01-11 12:55:00,United Kingdom,14844.77,234,331,2,3,5,10,Lapsed
15750,6797.19,18,2011-12-07 12:34:00,2009-12-01 17:19:00,United Kingdom,377.62,1,737,5,5,5,15,Active
15751,1380.44,11,2010-09-05 12:44:00,2009-12-06 13:08:00,United Kingdom,125.49,459,732,1,5,4,10,Lapsed
15752,4207.54,9,2011-10-31 11:37:00,2010-09-08 11:56:00,United Kingdom,467.5,38,456,4,5,5,14,Active
15753,79.2,1,2011-02-08 12:41:00,2011-02-08 12:41:00,United Kingdom,79.2,303,303,2,1,1,4,Lapsed
15754,3037.61,9,2011-10-19 14:40:00,2010-02-22 13:31:00,United Kingdom,337.51,50,654,4,5,5,14,Active
15755,5993.12,17,2011-11-29 14:57:00,2009-12-04 08:24:00,United Kingdom,352.54,9,734,5,5,5,15,Active
15756,532.96,4,2011-10-09 13:30:00,2011-04-04 14:00:00,United Kingdom,133.24,60,248,3,3,2,8,Active
15757,2940.36,6,2011-10-05 12:14:00,2010-06-10 13:47:00,United Kingdom,490.06,64,546,3,4,4,11,Active
15758,205.25,1,2011-11-15 10:48:00,2011-11-15 10:48:00,United Kingdom,205.25,23,23,4,1,1,6,New
15759,830.93,7,2011-05-05 15:13:00,2009-12-02 10:08:00,United Kingdom,118.7,217,736,2,4,3,9,Lapsed
15760,13916.34,2,2010-03-19 11:45:00,2010-03-19 11:35:00,Norway,6958.17,629,629,1,2,5,8,Lapsed
15761,143.05,1,2010-09-23 09:33:00,2010-09-23 09:33:00,United Kingdom,143.05,441,441,1,1,1,3,Lapsed
15762,583.75,2,2011-10-05 16:15:00,2011-09-23 15:17:00,United Kingdom,291.88,64,76,3,2,2,7,Active
15763,1086.92,2,2011-11-08 09:44:00,2011-09-23 12:10:00,United Kingdom,543.46,30,76,4,2,3,9,Active
15764,4503.08,8,2011-09-12 17:58:00,2010-08-18 13:58:00,United Kingdom,562.88,87,477,3,4,5,12,Active
15765,370.63,1,2010-02-11 10:25:00,2010-02-11 10:25:00,United Kingdom,370.63,665,665,1,1,2,4,Lapsed
15766,831.06,3,2011-10-06 17:03:00,2010-01-26 15:55:00,United Kingdom,277.02,63,681,3,3,3,9,Active
15768,15601.09,34,2011-08-16 10:48:00,2009-12-03 12:10:00,United Kingdom,458.86,114,735,3,5,5,13,At Risk
15769,88704.32,46,2011-12-02 13:52:00,2009-12-11 09:58:00,United Kingdom,1928.35,6,727,5,5,5,15,Active
15770,321.45,1,2010-04-06 11:47:00,2010-04-06 11:47:00,United Kingdom,321.45,611,611,1,1,2,4,Lapsed
15771,1006.54,3,2010-04-14 13:56:00,2010-01-15 12:14:00,United Kingdom,335.51,603,692,1,3,3,7,Lapsed
15772,280.88,1,2010-10-17 13:33:00,2010-10-17 13:33:00,United Kingdom,280.88,417,417,1,1,1,3,Lapsed
15773,774.52,2,2011-12-04 12:48:00,2010-10-26 15:27:00,United Kingdom,387.26,4,408,5,2,3,10,Active
15774,1329.94,6,2011-10-02 12:04:00,2010-02-21 12:57:00,United Kingdom,221.66,67,655,3,4,4,11,Active
15775,150.5,2,2011-04-08 12:56:00,2010-03-18 07:32:00,United Kingdom,75.25,244,630,2,2,1,5,Lapsed
15776,241.62,1,2011-07-29 13:46:00,2011-07-29 13:46:00,United Kingdom,241.62,132,132,3,1,1,5,At Risk
15777,1762.61,7,2011-04-12 16:43:00,2010-05-20 10:37:00,United Kingdom,251.8,240,567,2,4,4,10,Lapsed
15778,307.95,1,2010-10-04 15:10:00,2010-10-04 15:10:00,United Kingdom,307.95,430,430,1,1,2,4,Lapsed
15779,124.08,2,2010-09-02 16:40:00,2010-06-25 15:55:00,United Kingdom,62.04,462,531,1,2,1,4,Lapsed
15780,475.28,3,2011-06-09 12:01:00,2010-12-17 11:43:00,United Kingdom,158.43,182,356,3,3,2,8,Lapsed
15781,345.46,3,2011-11-14 14:57:00,2011-02-07 09:15:00,United Kingdom,115.15,24,304,4,3,2,9,Active
15782,4014.1,4,2011-11-30 10:49:00,2010-10-05 15:43:00,United Kingdom,1003.52,8,429,5,3,5,13,Active
15783,246.3,1,2011-11-29 09:50:00,2011-11-29 09:50:00,United Kingdom,246.3,9,9,5,1,1,7,New
15784,848.33,2,2010-08-29 10:38:00,2010-02-05 14:42:00,United Kingdom,424.16,466,671,1,2,3,6,Lapsed
15785,5969.93,16,2011-11-07 11:33:00,2009-12-15 16:28:00,United Kingdom,373.12,31,723,4,5,5,14,Active
15786,8514.82,5,2011-10-24 14:13:00,2010-06-21 10:13:00,United Kingdom,1702.96,45,535,4,4,5,13,Active
15787,948.05,3,2011-11-13 14:55:00,2011-10-09 13:11:00,United Kingdom,316.02,25,60,4,3,3,10,Active
15788,221.83,1,2010-07-19 12:48:00,2010-07-19 12:48:00,United Kingdom,221.83,507,507,1,1,1,3,Lapsed
15789,1962.01,6,2010-12-16 14:35:00,2010-03-26 11:21:00,United Kingdom,327.0,357,622,2,4,4,10,Lapsed
15790,220.85,1,2011-11-29 14:53:00,2011-11-29 14:53:00,United Kingdom,220.85,9,9,5,1,1,7,New
15791,3608.34,5,2011-10-27 10:14:00,2010-03-08 09:41:00,United Kingdom,721.67,42,640,4,4,5,13,Active
15792,933.84,2,2010-11-05 08:21:00,2010-03-31 09:42:00,United Kingdom,466.92,398,617,2,2,3,7,Lapsed
15793,2399.57,8,2011-11-25 09:31:00,2009-12-01 12:54:00,United Kingdom,299.95,13,737,5,4,4,13,Active
15794,777.0,2,2009-12-03 13:04:00,2009-12-02 15:10:00,United Kingdom,388.5,735,736,1,2,3,6,Lapsed
15795,1979.87,8,2011-07-13 10:43:00,2010-01-18 11:31:00,United Kingdom,247.48,148,689,3,4,4,11,At Risk
15796,5175.83,17,2011-12-08 19:55:00,2010-03-31 13:10:00,United Kingdom,304.46,0,617,5,5,5,15,Active
15797,2821.08,6,2011-08-18 17:04:00,2010-01-27 13:12:00,United Kingdom,470.18,112,680,3,4,4,11,At Risk
15798,1535.37,3,2010-08-04 09:13:00,2010-01-27 11:55:00,United Kingdom,511.79,491,680,1,3,4,8,Lapsed
15799,1424.29,4,2011-09-25 12:46:00,2010-10-17 14:26:00,United Kingdom,356.07,74,417,3,3,4,10,Active
15800,1242.58,7,2011-08-24 14:23:00,2010-03-31 13:17:00,United Kingdom,177.51,106,617,3,4,3,10,At Risk
15801,1063.95,3,2011-10-24 13:52:00,2011-08-22 09:53:00,United Kingdom,354.65,45,108,4,3,3,10,Active
15802,451.42,1,2011-07-20 11:38:00,2011-07-20 11:38:00,United Kingdom,451.42,141,141,3,1,2,6,At Risk
15803,1929.66,4,2011-10-19 14:56:00,2010-02-01 16:29:00,United Kingdom,482.42,50,675,4,3,4,11,Active
15804,4206.39,13,2011-12-09 12:31:00,2011-05-25 10:12:00,United Kingdom,323.57,-1,197,5,5,5,15,Active
15805,10189.23,30,2011-11-16 16:32:00,2009-12-10 12:57:00,United Kingdom,339.64,22,728,4,5,5,14,Active
15806,784.58,3,2011-10-24 14:35:00,2011-03-08 09:24:00,United Kingdom,261.53,45,275,4,3,3,10,Active
15807,1817.52,5,2011-10-20 14:10:00,2010-02-11 15:32:00,United Kingdom,363.5,49,665,4,4,4,12,Active
15808,18409.93,21,2011-02-06 14:33:00,2009-12-01 16:30:00,United Kingdom,876.66,305,737,2,5,5,12,Lapsed
15809,1274.44,7,2011-11-03 16:40:00,2010-06-22 14:23:00,United Kingdom,182.06,35,534,4,4,4,12,Active
15810,2999.04,8,2011-09-22 09:38:00,2010-02-04 18:18:00,United Kingdom,374.88,77,672,3,4,5,12,Active
15811,3890.52,7,2011-11-17 15:31:00,2010-11-16 16:46:00,United Kingdom,555.79,21,387,4,4,5,13,Active
15812,5201.47,12,2011-08-24 14:19:00,2009-12-15 13:40:00,United Kingdom,433.46,106,723,3,5,5,13,At Risk
15813,1303.91,2,2011-05-16 08:13:00,2011-04-14 09:09:00,United Kingdom,651.96,206,238,2,2,4,8,Lapsed
15814,2634.44,6,2011-11-23 08:17:00,2010-04-15 14:31:00,United Kingdom,439.07,15,602,5,4,4,13,Active
15815,2100.6,5,2011-10-07 12:42:00,2011-03-25 08:43:00,United Kingdom,420.12,62,258,3,4,4,11,Active
15816,144.15,2,2010-06-15 13:36:00,2010-06-15 12:54:00,United Kingdom,72.08,541,541,1,2,1,4,Lapsed
15817,2766.4,3,2010-10-15 11:07:00,2010-06-14 13:31:00,United Kingdom,922.13,419,542,1,3,4,8,Lapsed
15818,340.5,1,2010-04-30 12:58:00,2010-04-30 12:58:00,United Kingdom,340.5,587,587,1,1,2,4,Lapsed
15819,3934.79,10,2011-10-21 14:50:00,2010-03-18 11:08:00,United Kingdom,393.48,48,630,4,5,5,14,Active
15820,206.98,1,2011-01-24 12:00:00,2011-01-24 12:00:00,United Kingdom,206.98,318,318,2,1,1,4,Lapsed
15821,570.96,2,2011-10-26 15:48:00,2011-10-09 13:28:00,United Kingdom,285.48,43,60,4,2,2,8,Active
15822,1840.06,6,2011-12-06 14:50:00,2009-12-06 15:12:00,United Kingdom,306.68,2,732,5,4,4,13,Active
15823,3897.17,3,2010-12-02 15:08:00,2009-12-08 15:12:00,United Kingdom,1299.06,371,730,2,3,5,10,Lapsed
15824,890.94,2,2010-09-12 13:20:00,2010-06-25 15:10:00,United Kingdom,445.47,452,531,1,2,3,6,Lapsed
15825,532.94,1,2011-06-20 13:27:00,2011-06-20 13:27:00,United Kingdom,532.94,171,171,3,1,2,6,At Risk
15826,2598.28,4,2011-10-14 16:05:00,2010-05-20 17:00:00,United Kingdom,649.57,55,567,4,3,4,11,Active
15827,3794.07,28,2011-09-27 15:35:00,2010-01-08 11:25:00,United Kingdom,135.5,72,699,3,5,5,13,Active
15828,1108.82,1,2010-11-29 16:41:00,2010-11-29 16:41:00,United Kingdom,1108.82,374,374,2,1,3,6,Lapsed
15829,636.14,2,2011-09-01 16:45:00,2011-07-22 10:23:00,United Kingdom,318.07,98,139,3,2,3,8,At Risk
15830,576.0,1,2011-11-02 10:40:00,2011-11-02 10:40:00,United Kingdom,576.0,36,36,4,1,2,7,Active
15831,801.76,3,2011-10-12 13:14:00,2011-01-19 14:52:00,United Kingdom,267.25,57,323,4,3,3,10,Active
15832,836.79,1,2011-03-30 15:29:00,2011-03-30 15:29:00,United Kingdom,836.79,253,253,2,1,3,6,Lapsed
15833,80.4,1,2009-12-02 11:59:00,2009-12-02 11:59:00,United Kingdom,80.4,736,736,1,1,1,3,Lapsed
15834,3772.99,7,2011-09-30 14:41:00,2010-10-11 14:05:00,United Kingdom,539.0,69,423,3,4,5,12,Active
15835,954.09,4,2011-10-26 15:47:00,2011-01-13 10:35:00,United Kingdom,238.52,43,329,4,3,3,10,Active
15836,137.37,1,2011-10-20 17:13:00,2011-10-20 17:13:00,United Kingdom,137.37,49,49,4,1,1,6,Active
15837,777.01,2,2011-10-06 09:01:00,2010-08-11 10:16:00,United Kingdom,388.5,63,484,3,2,3,8,Active
15838,74163.0,34,2011-11-28 14:00:00,2009-12-15 09:51:00,United Kingdom,2181.26,10,723,5,5,5,15,Active
15839,1048.49,3,2011-11-06 13:54:00,2011-07-14 16:35:00,United Kingdom,349.5,32,147,4,3,3,10,Active
15840,355.56,2,2011-10-12 09:08:00,2011-06-20 11:42:00,United Kingdom,177.78,57,171,4,2,2,8,Active
15841,2742.41,9,2011-09-28 12:15:00,2009-12-10 08:29:00,United Kingdom,304.71,71,728,3,5,4,12,Active
15842,548.8,2,2010-11-11 14:08:00,2010-06-30 09:06:00,United Kingdom,274.4,392,526,2,2,2,6,Lapsed
15843,118.95,1,2011-02-09 10:19:00,2011-02-09 10:19:00,United Kingdom,118.95,302,302,2,1,1,4,Lapsed
15844,130.74,1,2011-10-24 15:19:00,2011-10-24 15:19:00,United Kingdom,130.74,45,45,4,1,1,6,Active
15845,4426.28,11,2011-11-22 09:42:00,2010-01-26 14:44:00,United Kingdom,402.39,16,681,5,5,5,15,Active
15846,107.01,1,2010-11-19 14:40:00,2010-11-19 14:40:00,United Kingdom,107.01,384,384,2,1,1,4,Lapsed
15847,822.57,5,2011-11-01 14:41:00,2010-03-08 08:47:00,United Kingdom,164.51,37,640,4,4,3,11,Active
15848,139.94,1,2010-03-28 10:54:00,2010-03-28 10:54:00,United Kingdom,139.94,620,620,1,1,1,3,Lapsed
15850,1058.72,6,2011-11-20 14:14:00,2009-12-13 13:27:00,United Kingdom,176.45,18,725,4,4,3,11,Active
15851,109.73,1,2010-07-01 12:34:00,2010-07-01 12:34:00,United Kingdom,109.73,525,525,1,1,1,3,Lapsed
15852,257.26,3,2011-06-06 11:22:00,2010-07-01 10:16:00,United Kingdom,85.75,185,525,3,3,1,7,Lapsed
15853,110.8,1,2011-10-19 10:38:00,2011-10-19 10:38:00,United Kingdom,110.8,50,50,4,1,1,6,Active
15854,5583.81,21,2011-12-05 13:39:00,2009-12-10 12:08:00,United Kingdom,265.9,3,728,5,5,5,15,Active
15855,1052.72,6,2011-07-26 10:20:00,2010-08-20 17:15:00,United Kingdom,175.45,135,475,3,4,3,10,At Risk
15856,34220.34,52,2011-12-05 17:09:00,2009-12-03 14:02:00,United Kingdom,658.08,3,735,5,5,5,15,Active
15857,570.48,2,2011-11-21 12:18:00,2010-10-05 16:43:00,United Kingdom,285.24,17,429,5,2,2,9,Active
15858,3960.37,13,2011-11-24 12:48:00,2009-12-10 11:42:00,United Kingdom,304.64,14,728,5,5,5,15,Active
15859,438.46,1,2010-10-03 12:52:00,2010-10-03 12:52:00,United Kingdom,438.46,431,431,1,1,2,4,Lapsed
15860,2505.21,17,2011-10-30 11:25:00,2009-12-06 12:31:00,United Kingdom,147.37,39,732,4,5,4,13,Active
15861,4401.79,12,2011-11-27 15:59:00,2010-01-28 19:41:00,United Kingdom,366.82,11,679,5,5,5,15,Active
15862,2928.29,13,2011-12-01 13:28:00,2009-12-17 11:33:00,United Kingdom,225.25,7,721,5,5,4,14,Active
15863,358.7,5,2011-11-14 12:49:00,2009-12-17 10:20:00,United Kingdom,71.74,24,721,4,4,2,10,Active
15864,2180.76,7,2011-11-17 13:32:00,2010-11-23 15:02:00,United Kingdom,311.54,21,380,4,4,4,12,Active
15865,2248.92,5,2011-10-30 12:43:00,2010-01-05 13:58:00,United Kingdom,449.78,39,702,4,4,4,12,Active
15866,230.53,1,2011-08-30 14:09:00,2011-08-30 14:09:00,United Kingdom,230.53,100,100,3,1,1,5,At Risk
15867,9063.95,31,2011-12-04 13:32:00,2009-12-14 15:16:00,United Kingdom,292.39,4,724,5,5,5,15,Active
15868,94.53,1,2010-05-05 14:11:00,2010-05-05 14:11:00,United Kingdom,94.53,582,582,1,1,1,3,Lapsed
15869,323.66,3,2011-03-07 17:23:00,2010-03-23 16:50:00,United Kingdom,107.89,276,625,2,3,2,7,Lapsed
15870,862.61,4,2011-11-07 10:58:00,2010-09-19 16:22:00,United Kingdom,215.65,31,445,4,3,3,10,Active
15871,33.1,1,2010-09-28 14:16:00,2010-09-28 14:16:00,United Kingdom,33.1,436,436,1,1,1,3,Lapsed
15872,795.68,4,2011-11-25 11:55:00,2010-06-07 14:53:00,United Kingdom,198.92,13,549,5,3,3,11,Active
15873,313.92,4,2010-07-28 12:41:00,2010-07-27 11:58:00,United Kingdom,78.48,498,499,1,3,2,6,Lapsed
15874,11284.76,21,2011-10-07 12:31:00,2010-01-07 13:56:00,United Kingdom,537.37,62,700,3,5,5,13,Active
15875,111.72,1,2010-03-03 16:51:00,2010-03-03 16:51:00,United Kingdom,111.72,645,645,1,1,1,3,Lapsed
15876,1449.14,2,2010-10-26 18:58:00,2010-09-17 15:26:00,United Kingdom,724.57,408,447,2,2,4,8,Lapsed
15877,493.28,2,2011-12-08 11:53:00,2011-11-22 11:18:00,United Kingdom,246.64,0,16,5,2,2,9,Active
15878,330.77,2,2010-05-27 12:17:00,2009-12-06 12:28:00,United Kingdom,165.38,560,732,1,2,2,5,Lapsed
15879,1157.3,4,2010-10-31 16:21:00,2009-12-17 19:54:00,United Kingdom,289.32,403,721,2,3,3,8,Lapsed
15880,686.56,1,2010-12-05 13:00:00,2010-12-05 13:00:00,United Kingdom,686.56,368,368,2,1,3,6,Lapsed
15881,501.39,5,2011-01-31 16:59:00,2010-12-10 13:32:00,United Kingdom,100.28,311,363,2,4,2,8,Lapsed
15882,1495.98,8,2011-05-25 11:35:00,2009-12-10 15:33:00,United Kingdom,187.0,197,728,2,4,4,10,Lapsed
15883,396.48,2,2011-12-07 17:05:00,2011-11-06 14:50:00,United Kingdom,198.24,1,32,5,2,2,9,Active
15884,249.7,2,2010-10-03 15:55:00,2009-12-03 18:23:00,United Kingdom,124.85,431,735,1,2,1,4,Lapsed
15885,1951.82,15,2011-09-08 10:43:00,2010-01-21 12:47:00,United Kingdom,130.12,91,686,3,5,4,12,At Risk
15886,1052.87,4,2011-10-10 14:25:00,2010-04-20 15:03:00,United Kingdom,263.22,59,597,3,3,3,9,Active
15887,1027.15,3,2010-10-29 08:36:00,2010-06-02 11:53:00,United Kingdom,342.38,405,554,2,3,3,8,Lapsed
15888,429.16,3,2011-09-20 12:30:00,2010-07-01 11:51:00,United Kingdom,143.05,79,525,3,3,2,8,Active
15889,1806.28,8,2011-07-06 11:10:00,2009-12-10 12:21:00,United Kingdom,225.78,155,728,3,4,4,11,At Risk
15890,535.65,5,2010-11-10 12:46:00,2010-04-14 08:43:00,United Kingdom,107.13,393,603,2,4,2,8,Lapsed
15891,524.52,1,2011-04-27 12:35:00,2011-04-27 12:35:00,United Kingdom,524.52,225,225,2,1,2,5,Lapsed
15892,128.2,1,2010-02-08 16:23:00,2010-02-08 16:23:00,United Kingdom,128.2,668,668,1,1,1,3,Lapsed
15893,305.28,1,2010-08-15 11:12:00,2010-08-15 11:12:00,United Kingdom,305.28,480,480,1,1,2,4,Lapsed
15894,420.29,2,2011-03-31 13:50:00,2010-12-05 14:06:00,United Kingdom,210.14,252,368,2,2,2,6,Lapsed
15895,179.17,1,2011-07-13 10:27:00,2011-07-13 10:27:00,United Kingdom,179.17,148,148,3,1,1,5,At Risk
15897,222.05,2,2011-05-29 13:50:00,2011-05-29 13:32:00,United Kingdom,111.02,193,193,2,2,1,5,Lapsed
15898,5596.31,25,2011-12-08 15:23:00,2009-12-11 16:11:00,United Kingdom,223.85,0,727,5,5,5,15,Active
15899,112.5,1,2010-12-06 10:36:00,2010-12-06 10:36:00,United Kingdom,112.5,367,367,2,1,1,4,Lapsed
15900,900.4,4,2011-11-16 12:19:00,2010-05-26 11:27:00,United Kingdom,225.1,22,561,4,3,3,10,Active
15901,703.22,7,2011-11-23 12:43:00,2010-06-14 12:39:00,United Kingdom,100.46,15,542,5,4,3,12,Active
15902,145.01,1,2010-11-24 16:57:00,2010-11-24 16:57:00,United Kingdom,145.01,379,379,2,1,1,4,Lapsed
15903,8939.84,12,2011-11-30 08:08:00,2010-01-14 10:57:00,United Kingdom,744.99,8,693,5,5,5,15,Active
15904,164.68,1,2011-12-01 14:50:00,2011-12-01 14:50:00,United Kingdom,164.68,7,7,5,1,1,7,New
15905,114.69,1,2010-06-14 16:00:00,2010-06-14 16:00:00,United Kingdom,114.69,542,542,1,1,1,3,Lapsed
15906,2555.64,10,2011-11-20 12:24:00,2010-09-15 12:17:00,United Kingdom,255.56,18,449,4,5,4,13,Active
15907,967.45,3,2011-12-06 12:21:00,2011-05-13 13:01:00,United Kingdom,322.48,2,209,5,3,3,11,Active
15908,764.57,2,2010-08-06 11:56:00,2010-07-15 19:21:00,United Kingdom,382.28,489,511,1,2,3,6,Lapsed
15909,191.94,1,2011-06-19 10:38:00,2011-06-19 10:38:00,United Kingdom,191.94,172,172,3,1,1,5,At Risk
15910,2681.8,15,2011-12-09 10:51:00,2010-01-21 11:51:00,United Kingdom,178.79,-1,686,5,5,4,14,Active
15911,1702.34,8,2010-03-26 12:06:00,2009-12-09 13:26:00,United Kingdom,212.79,622,729,1,4,4,9,Lapsed
15912,1074.7,9,2011-06-14 14:29:00,2009-12-10 12:58:00,United Kingdom,119.41,177,728,3,5,3,11,At Risk
15913,6.3,1,2010-06-23 16:31:00,2010-06-23 16:31:00,United Kingdom,6.3,533,533,1,1,1,3,Lapsed
15914,205.99,2,2010-11-26 16:10:00,2010-11-26 16:09:00,United Kingdom,103.0,377,377,2,2,1,5,Lapsed
15915,429.21,1,2010-11-03 11:13:00,2010-11-03 11:13:00,United Kingdom,429.21,400,400,2,1,2,5,Lapsed
15916,3427.17,13,2011-11-23 13:46:00,2009-12-10 16:21:00,United Kingdom,263.63,15,728,5,5,5,15,Active
15917,560.63,5,2011-04-06 10:40:00,2009-12-02 14:55:00,United Kingdom,112.13,246,736,2,4,2,8,Lapsed
15918,582.88,3,2011-06-02 11:42:00,2010-03-18 11:40:00,United Kingdom,194.29,189,630,2,3,2,7,Lapsed
15919,910.61,2,2011-11-20 11:28:00,2010-12-06 11:26:00,United Kingdom,455.3,18,367,4,2,3,9,Active
15920,571.64,9,2011-07-08 15:31:00,2009-12-14 13:09:00,United Kingdom,63.52,153,724,3,5,2,10,At Risk
15921,802.11,4,2011-06-20 11:03:00,2010-03-09 11:03:00,United Kingdom,200.53,171,639,3,3,3,9,At Risk
15922,739.0,1,2010-12-01 13:51:00,2010-12-01 13:51:00,United Kingdom,739.0,372,372,2,1,3,6,Lapsed
15923,254.16,1,2010-12-02 12:16:00,2010-12-02 12:16:00,United Kingdom,254.16,371,371,2,1,1,4,Lapsed
15924,102.82,1,2009-12-08 15:00:00,2009-12-08 15:00:00,United Kingdom,102.82,730,730,1,1,1,3,Lapsed
15925,207.15,1,2011-05-29 15:35:00,2011-05-29 15:35:00,United Kingdom,207.15,193,193,2,1,1,4,Lapsed
15926,134.44,1,2010-06-15 15:23:00,2010-06-15 15:23:00,United Kingdom,134.44,541,541,1,1,1,3,Lapsed
15927,123.39,1,2010-03-02 13:25:00,2010-03-02 13:25:00,United Kingdom,123.39,646,646,1,1,1,3,Lapsed
15928,293.53,1,2010-02-21 15:16:00,2010-02-21 15:16:00,United Kingdom,293.53,655,655,1,1,2,4,Lapsed
15929,594.0,1,2010-03-05 14:56:00,2010-03-05 14:56:00,United Kingdom,594.0,643,643,1,1,2,4,Lapsed
15930,426.63,1,2011-10-03 14:52:00,2011-10-03 14:52:00,United Kingdom,426.63,66,66,3,1,2,6,Active
15931,239.9,1,2010-10-07 16:46:00,2010-10-07 16:46:00,United Kingdom,239.9,427,427,1,1,1,3,Lapsed
15932,2495.87,8,2011-12-05 17:13:00,2011-02-23 14:50:00,United Kingdom,311.98,3,288,5,4,4,13,Active
15933,1107.46,3,2011-11-18 13:14:00,2011-09-14 12:05:00,United Kingdom,369.15,20,85,4,3,3,10,Active
15934,2190.66,2,2010-10-18 10:13:00,2010-10-06 12:08:00,United Kingdom,1095.33,416,428,1,2,4,7,Lapsed
15935,416.86,2,2011-04-14 13:27:00,2011-04-12 09:35:00,United Kingdom,208.43,238,240,2,2,2,6,Lapsed
15936,282.79,2,2010-11-25 16:39:00,2010-08-29 11:42:00,United Kingdom,141.4,378,466,2,2,1,5,Lapsed
15937,145.35,1,2011-10-06 15:48:00,2011-10-06 15:48:00,United Kingdom,145.35,63,63,3,1,1,5,Active
15938,734.81,9,2011-08-19 12:56:00,2010-06-01 09:42:00,United Kingdom,81.65,111,555,3,5,3,11,At Risk
15939,9060.39,16,2011-09-11 11:30:00,2010-11-30 12:07:00,United Kingdom,566.27,88,373,3,5,5,13,Active
15940,35.8,1,2011-02-01 16:18:00,2011-02-01 16:18:00,United Kingdom,35.8,310,310,2,1,1,4,Lapsed
15941,405.0,1,2010-03-12 14:45:00,2010-03-12 14:45:00,United Kingdom,405.0,636,636,1,1,2,4,Lapsed
15942,337.44,1,2011-07-29 09:01:00,2011-07-29 09:01:00,United Kingdom,337.44,132,132,3,1,2,6,At Risk
15943,271.29,2,2010-02-28 12:49:00,2010-01-31 11:04:00,United Kingdom,135.65,648,676,1,2,1,4,Lapsed
15944,2164.24,4,2011-03-08 10:33:00,2009-12-13 12:57:00,United Kingdom,541.06,275,725,2,3,4,9,Lapsed
15945,827.27,4,2010-12-09 13:14:00,2009-12-01 13:47:00,United Kingdom,206.82,364,737,2,3,3,8,Lapsed
15946,2304.18,3,2010-07-25 12:18:00,2010-03-16 10:49:00,United Kingdom,768.06,501,632,1,3,4,8,Lapsed
15947,1708.24,1,2011-09-18 10:46:00,2011-09-18 10:46:00,United Kingdom,1708.24,81,81,3,1,4,8,Active
15948,1509.09,3,2011-12-01 15:32:00,2010-10-11 12:16:00,United Kingdom,503.03,7,423,5,3,4,12,Active
15949,364.72,2,2011-11-23 09:09:00,2011-09-29 17:34:00,United Kingdom,182.36,15,70,5,2,2,9,Active
15950,7180.71,10,2011-11-08 11:09:00,2010-01-26 11:39:00,United Kingdom,718.07,30,681,4,5,5,14,Active
15951,1013.17,3,2011-12-01 08:34:00,2010-11-23 18:20:00,United Kingdom,337.72,7,380,5,3,3,11,Active
15952,806.57,4,2011-11-06 11:18:00,2011-04-28 12:55:00,United Kingdom,201.64,32,224,4,3,3,10,Active
15953,3669.55,18,2011-11-24 15:32:00,2009-12-03 14:00:00,United Kingdom,203.86,14,735,5,5,5,15,Active
15954,190.75,1,2010-04-29 13:35:00,2010-04-29 13:35:00,United Kingdom,190.75,588,588,1,1,1,3,Lapsed
15955,8658.36,22,2011-11-15 14:15:00,2010-02-23 16:36:00,United Kingdom,393.56,23,653,4,5,5,14,Active
15956,617.6,2,2010-06-06 13:06:00,2009-12-13 11:16:00,United Kingdom,308.8,550,725,1,2,2,5,Lapsed
15957,930.1,3,2011-11-08 12:14:00,2010-10-15 12:11:00,United Kingdom,310.03,30,419,4,3,3,10,Active
15958,492.99,4,2011-09-26 13:41:00,2010-06-07 10:59:00,United Kingdom,123.25,73,549,3,3,2,8,Active
15959,579.49,3,2010-01-26 16:38:00,2010-01-26 16:19:00,United Kingdom,193.16,681,681,1,3,2,6,Lapsed
15960,410.95,4,2010-11-30 15:57:00,2010-09-30 15:50:00,United Kingdom,102.74,373,434,2,3,2,7,Lapsed
15961,451.29,1,2010-11-25 15:59:00,2010-11-25 15:59:00,United Kingdom,451.29,378,378,2,1,2,5,Lapsed
15962,295.83,1,2010-09-16 13:48:00,2010-09-16 13:48:00,United Kingdom,295.83,448,448,1,1,2,4,Lapsed
15963,470.76,2,2011-11-20 11:33:00,2011-10-25 13:05:00,United Kingdom,235.38,18,44,4,2,2,8,Active
15964,272.96,1,2010-02-14 15:30:00,2010-02-14 15:30:00,United Kingdom,272.96,662,662,1,1,1,3,Lapsed
15965,3013.09,13,2011-11-22 16:44:00,2009-12-03 11:45:00,United Kingdom,231.78,16,735,5,5,5,15,Active
15966,426.53,1,2010-09-15 10:44:00,2010-09-15 10:44:00,United Kingdom,426.53,449,449,1,1,2,4,Lapsed
15967,3041.6,12,2011-11-16 15:41:00,2009-12-01 13:29:00,United Kingdom,253.47,22,737,4,5,5,14,Active
15968,418.05,1,2010-11-16 13:04:00,2010-11-16 13:04:00,United Kingdom,418.05,387,387,2,1,2,5,Lapsed
15969,1127.05,5,2011-12-07 11:06:00,2010-07-05 13:10:00,United Kingdom,225.41,1,521,5,4,3,12,Active
15970,1017.32,2,2011-02-09 12:08:00,2010-04-20 11:30:00,United Kingdom,508.66,302,597,2,2,3,7,Lapsed
15971,5902.83,18,2011-11-22 12:50:00,2009-12-08 09:46:00,United Kingdom,327.94,16,730,5,5,5,15,Active
15972,1810.27,5,2010-09-09 13:20:00,2010-04-18 14:06:00,United Kingdom,362.05,455,599,1,4,4,9,Lapsed
15973,988.44,3,2010-12-08 11:42:00,2010-10-06 15:00:00,United Kingdom,329.48,365,428,2,3,3,8,Lapsed
15974,3442.15,7,2011-10-31 13:13:00,2011-02-24 10:10:00,United Kingdom,491.74,38,287,4,4,5,13,Active
15975,371.01,1,2011-09-16 13:33:00,2011-09-16 13:33:00,United Kingdom,371.01,83,83,3,1,2,6,Active
15976,1746.64,6,2011-06-27 13:00:00,2010-06-06 14:01:00,United Kingdom,291.11,164,550,3,4,4,11,At Risk
15977,1054.73,2,2011-11-22 13:29:00,2011-10-31 16:24:00,United Kingdom,527.36,16,38,5,2,3,10,Active
15978,3279.42,3,2011-09-23 15:21:00,2010-03-05 14:39:00,United Kingdom,1093.14,76,643,3,3,5,11,Active
15979,329.22,1,2010-04-16 11:35:00,2010-04-16 11:35:00,United Kingdom,329.22,601,601,1,1,2,4,Lapsed
15980,6593.68,7,2011-09-12 09:41:00,2010-06-01 14:40:00,United Kingdom,941.95,87,555,3,4,5,12,Active
15981,9362.77,21,2011-11-15 08:00:00,2010-03-29 10:07:00,United Kingdom,445.85,23,619,4,5,5,14,Active
15982,324.51,1,2010-04-13 15:47:00,2010-04-13 15:47:00,United Kingdom,324.51,604,604,1,1,2,4,Lapsed
15983,3958.82,8,2011-11-17 17:34:00,2009-12-06 12:52:00,United Kingdom,494.85,21,732,4,4,5,13,Active
15984,8759.32,30,2011-12-07 12:16:00,2009-12-01 13:38:00,United Kingdom,291.98,1,737,5,5,5,15,Active
15985,2715.28,7,2011-08-08 16:31:00,2010-05-27 15:51:00,United Kingdom,387.9,122,560,3,4,4,11,At Risk
15986,354.42,2,2011-11-09 15:17:00,2010-11-23 10:02:00,United Kingdom,177.21,29,380,4,2,2,8,Active
15987,1682.13,8,2011-11-27 15:38:00,2010-11-25 12:56:00,United Kingdom,210.27,11,378,5,4,4,13,Active
15988,770.09,3,2011-11-20 13:23:00,2010-02-21 11:36:00,United Kingdom,256.7,18,655,4,3,3,10,Active
15989,372.51,2,2010-11-29 12:03:00,2009-12-02 15:51:00,United Kingdom,186.26,374,736,2,2,2,6,Lapsed
15990,2010.05,7,2011-10-26 15:58:00,2010-02-28 12:30:00,United Kingdom,287.15,43,648,4,4,4,12,Active
15991,150.55,1,2010-06-23 15:50:00,2010-06-23 15:50:00,United Kingdom,150.55,533,533,1,1,1,3,Lapsed
15992,896.6,3,2011-12-06 11:00:00,2010-09-12 11:52:00,United Kingdom,298.87,2,452,5,3,3,11,Active
15993,2797.57,7,2011-12-01 10:45:00,2011-10-26 16:21:00,United Kingdom,399.65,7,43,5,4,4,13,Active
15994,1202.18,3,2011-10-16 12:28:00,2010-03-14 11:55:00,United Kingdom,400.73,53,634,4,3,3,10,Active
15995,696.19,1,2010-10-21 13:57:00,2010-10-21 13:57:00,United Kingdom,696.19,413,413,1,1,3,5,Lapsed
15996,1686.9,7,2011-09-12 15:14:00,2010-11-07 15:49:00,United Kingdom,240.99,87,396,3,4,4,11,Active
15998,8308.34,16,2011-11-03 12:45:00,2009-12-01 11:45:00,United Kingdom,519.27,35,737,4,5,5,14,Active
15999,20.4,1,2009-12-04 12:31:00,2009-12-04 12:31:00,United Kingdom,20.4,734,734,1,1,1,3,Lapsed
16000,12393.7,3,2011-12-07 12:17:00,2011-12-07 12:14:00,United Kingdom,4131.23,1,1,5,3,5,13,Active
16001,583.39,1,2010-11-23 17:10:00,2010-11-23 17:10:00,United Kingdom,583.39,380,380,2,1,2,5,Lapsed
16002,169.21,1,2010-03-24 13:08:00,2010-03-24 13:08:00,United Kingdom,169.21,624,624,1,1,1,3,Lapsed
16003,5613.83,10,2011-11-10 09:57:00,2009-12-03 18:51:00,United Kingdom,561.38,28,735,4,5,5,14,Active
16004,2146.39,5,2010-08-22 11:48:00,2010-01-25 13:56:00,United Kingdom,429.28,473,682,1,4,4,9,Lapsed
16005,2436.22,10,2011-11-27 13:47:00,2010-09-15 13:21:00,United Kingdom,243.62,11,449,5,5,4,14,Active
16006,347.17,2,2011-05-12 13:12:00,2010-11-17 12:03:00,United Kingdom,173.58,210,386,2,2,2,6,Lapsed
16007,3075.14,7,2011-10-23 11:05:00,2010-06-14 13:18:00,United Kingdom,439.31,46,542,4,4,5,13,Active
16008,5384.13,15,2011-11-16 10:32:00,2010-03-19 11:07:00,United Kingdom,358.94,22,629,4,5,5,14,Active
16009,992.71,4,2011-11-17 16:51:00,2011-07-03 11:26:00,United Kingdom,248.18,21,158,4,3,3,10,Active
16010,1724.06,11,2011-04-08 10:14:00,2010-10-24 10:54:00,United Kingdom,156.73,244,410,2,5,4,11,Lapsed
16011,5880.46,29,2011-12-01 16:31:00,2009-12-01 12:02:00,United Kingdom,202.77,7,737,5,5,5,15,Active
16012,2989.79,5,2011-11-04 13:25:00,2010-06-28 11:39:00,United Kingdom,597.96,34,528,4,4,5,13,Active
16013,57446.44,84,2011-12-06 10:36:00,2009-12-08 10:24:00,United Kingdom,683.89,2,730,5,5,5,15,Active
16014,1130.27,5,2011-11-02 12:04:00,2010-01-31 12:43:00,United Kingdom,226.05,36,676,4,4,3,11,Active
16015,705.39,3,2011-12-06 10:58:00,2011-10-21 12:56:00,United Kingdom,235.13,2,48,5,3,3,11,Active
16016,2533.94,11,2011-12-06 14:35:00,2010-11-02 13:27:00,United Kingdom,230.36,2,401,5,5,4,14,Active
16017,1553.83,5,2011-10-23 12:56:00,2010-01-05 12:06:00,United Kingdom,310.77,46,702,4,4,4,12,Active
16018,698.13,4,2011-10-31 14:13:00,2009-12-07 13:57:00,United Kingdom,174.53,38,731,4,3,3,10,Active
16019,17465.85,27,2011-10-24 11:51:00,2009-12-14 14:12:00,United Kingdom,646.88,45,724,4,5,5,14,Active
16020,851.01,3,2011-11-23 11:18:00,2011-10-05 13:54:00,United Kingdom,283.67,15,64,5,3,3,11,Active
16021,532.25,2,2010-11-09 14:48:00,2010-06-13 11:05:00,United Kingdom,266.12,394,543,2,2,2,6,Lapsed
16022,628.28,1,2011-03-24 13:16:00,2011-03-24 13:16:00,United Kingdom,628.28,259,259,2,1,3,6,Lapsed
16023,719.81,3,2011-10-24 16:34:00,2011-03-18 13:32:00,United Kingdom,239.94,45,265,4,3,3,10,Active
16024,484.2,3,2011-11-27 13:26:00,2010-10-24 11:40:00,United Kingdom,161.4,11,410,5,3,2,10,Active
16025,439.66,1,2011-11-10 11:45:00,2011-11-10 11:45:00,United Kingdom,439.66,28,28,4,1,2,7,New
16026,236.09,1,2011-10-27 13:53:00,2011-10-27 13:53:00,United Kingdom,236.09,42,42,4,1,1,6,Active
16027,2048.36,15,2011-09-09 10:47:00,2010-01-08 13:21:00,United Kingdom,136.56,90,699,3,5,4,12,Active
16028,82.2,1,2010-04-23 11:45:00,2010-04-23 11:45:00,United Kingdom,82.2,594,594,1,1,1,3,Lapsed
16029,122209.14,107,2011-11-01 10:27:00,2009-12-08 11:23:00,United Kingdom,1142.14,37,730,4,5,5,14,Active
16030,331.24,1,2011-02-03 11:28:00,2011-02-03 11:28:00,United Kingdom,331.24,308,308,2,1,2,5,Lapsed
16031,548.94,2,2011-09-08 13:07:00,2011-04-06 14:23:00,United Kingdom,274.47,91,246,3,2,2,7,At Risk
16032,1970.45,6,2010-09-09 18:00:00,2010-07-04 13:31:00,United Kingdom,328.41,455,522,1,4,4,9,Lapsed
16033,10836.13,27,2011-12-04 12:44:00,2010-08-11 16:44:00,United Kingdom,401.34,4,484,5,5,5,15,Active
16034,928.72,6,2011-05-27 16:17:00,2010-10-26 13:00:00,United Kingdom,154.79,195,408,2,4,3,9,Lapsed
16035,217.73,1,2010-05-28 15:09:00,2010-05-28 15:09:00,United Kingdom,217.73,559,559,1,1,1,3,Lapsed
16036,2556.84,4,2011-09-13 14:53:00,2010-03-29 14:47:00,United Kingdom,639.21,86,619,3,3,4,10,Active
16037,1509.34,5,2011-03-15 09:13:00,2010-03-01 12:31:00,United Kingdom,301.87,268,647,2,4,4,10,Lapsed
16038,471.78,3,2011-12-02 12:40:00,2011-05-22 11:29:00,United Kingdom,157.26,6,200,5,3,2,10,Active
16039,456.4,2,2010-10-12 10:44:00,2010-03-21 15:17:00,United Kingdom,228.2,422,627,1,2,2,5,Lapsed
16040,2416.9,7,2011-10-05 13:47:00,2010-04-09 10:12:00,United Kingdom,345.27,64,608,3,4,4,11,Active
16041,3166.4,3,2011-11-09 12:25:00,2011-07-21 16:27:00,United Kingdom,1055.47,29,140,4,3,5,12,Active
16042,2265.12,8,2011-11-17 17:50:00,2010-09-12 12:00:00,United Kingdom,283.14,21,452,4,4,4,12,Active
16043,1856.59,8,2011-11-02 12:50:00,2010-08-15 11:26:00,United Kingdom,232.07,36,480,4,4,4,12,Active
16044,340.84,1,2010-09-30 18:12:00,2010-09-30 18:12:00,United Kingdom,340.84,434,434,1,1,2,4,Lapsed
16045,3434.93,8,2011-08-12 12:41:00,2010-07-29 12:50:00,United Kingdom,429.37,118,497,3,4,5,12,At Risk
16046,235.78,1,2010-05-26 13:18:00,2010-05-26 13:18:00,United Kingdom,235.78,561,561,1,1,1,3,Lapsed
16047,107.14,1,2010-01-26 16:34:00,2010-01-26 16:34:00,EIRE,107.14,681,681,1,1,1,3,Lapsed
16048,1075.23,4,2010-12-01 15:28:00,2010-06-08 12:36:00,United Kingdom,268.81,372,548,2,3,3,8,Lapsed
16049,1899.68,6,2011-10-30 13:19:00,2010-07-11 13:53:00,United Kingdom,316.61,39,515,4,4,4,12,Active
16050,300.7,3,2011-06-19 11:44:00,2010-11-03 15:55:00,United Kingdom,100.23,172,400,3,3,2,8,At Risk
16051,188.44,1,2010-01-27 09:38:00,2010-01-27 09:38:00,United Kingdom,188.44,680,680,1,1,1,3,Lapsed
16052,362.06,1,2011-10-16 15:13:00,2011-10-16 15:13:00,United Kingdom,362.06,53,53,4,1,2,7,Active
16053,3634.84,6,2011-11-07 11:21:00,2010-04-08 11:11:00,United Kingdom,605.81,31,609,4,4,5,13,Active
16054,2111.88,4,2011-07-17 13:08:00,2010-04-01 18:37:00,United Kingdom,527.97,144,616,3,3,4,10,At Risk
16055,134.8,1,2011-05-03 09:26:00,2011-05-03 09:26:00,United Kingdom,134.8,219,219,2,1,1,4,Lapsed
16056,664.85,1,2011-10-25 15:19:00,2011-10-25 15:19:00,United Kingdom,664.85,44,44,4,1,3,8,Active
16057,3854.85,10,2011-11-23 15:23:00,2010-01-07 17:11:00,United Kingdom,385.48,15,700,5,5,5,15,Active
16058,62.7,1,2010-10-29 16:48:00,2010-10-29 16:48:00,United Kingdom,62.7,405,405,2,1,1,4,Lapsed
16059,3217.77,12,2011-10-05 09:56:00,2010-05-19 13:04:00,United Kingdom,268.15,64,568,3,5,5,13,Active
16060,541.95,3,2010-11-04 12:10:00,2010-08-02 15:26:00,United Kingdom,180.65,399,493,2,3,2,7,Lapsed
16061,89.65,1,2010-10-04 15:29:00,2010-10-04 15:29:00,United Kingdom,89.65,430,430,1,1,1,3,Lapsed
16062,2863.45,8,2011-11-30 12:15:00,2010-06-21 13:32:00,United Kingdom,357.93,8,535,5,4,4,13,Active
16063,335.32,1,2011-03-24 14:56:00,2011-03-24 14:55:00,United Kingdom,335.32,259,259,2,1,2,5,Lapsed
16064,111.0,1,2009-12-14 16:11:00,2009-12-14 16:11:00,United Kingdom,111.0,724,724,1,1,1,3,Lapsed
16065,2382.62,8,2010-12-09 13:03:00,2010-09-02 13:27:00,United Kingdom,297.83,364,462,2,4,4,10,Lapsed
16066,1521.87,5,2011-11-23 11:54:00,2011-08-07 14:33:00,United Kingdom,304.37,15,123,5,4,4,13,Active
16067,3395.29,3,2010-05-26 12:33:00,2010-02-02 18:01:00,United Kingdom,1131.76,561,674,1,3,5,9,Lapsed
16068,122.93,1,2010-04-25 11:52:00,2010-04-25 11:52:00,United Kingdom,122.93,592,592,1,1,1,3,Lapsed
16069,457.7,1,2010-10-18 10:32:00,2010-10-18 10:32:00,United Kingdom,457.7,416,416,1,1,2,4,Lapsed
16070,852.15,2,2011-11-17 15:50:00,2011-11-07 16:36:00,United Kingdom,426.08,21,31,4,2,3,9,Active
16071,1076.8,4,2011-10-26 11:14:00,2010-02-22 14:48:00,United Kingdom,269.2,43,654,4,3,3,10,Active
16072,4328.89,4,2011-02-24 14:32:00,2010-06-08 16:47:00,United Kingdom,1082.22,287,548,2,3,5,10,Lapsed
16073,122.4,1,2011-02-15 15:41:00,2011-02-15 15:41:00,United Kingdom,122.4,296,296,2,1,1,4,Lapsed
16074,265.25,1,2010-11-14 13:19:00,2010-11-14 13:19:00,United Kingdom,265.25,389,389,2,1,1,4,Lapsed
16075,736.93,2,2010-07-25 11:31:00,2010-05-24 15:57:00,United Kingdom,368.46,501,563,1,2,3,6,Lapsed
16076,2234.73,10,2011-12-06 14:59:00,2011-05-15 12:31:00,United Kingdom,223.47,2,207,5,5,4,14,Active
16077,2300.4,1,2010-03-24 10:42:00,2010-03-24 10:42:00,United Kingdom,2300.4,624,624,1,1,4,6,Lapsed
16078,362.99,2,2011-03-01 09:47:00,2010-02-08 13:29:00,United Kingdom,181.5,282,668,2,2,2,6,Lapsed
16079,1352.0,3,2011-11-23 12:48:00,2011-10-30 13:06:00,United Kingdom,450.67,15,39,5,3,4,12,Active
16080,602.56,4,2011-09-19 10:42:00,2010-09-15 14:19:00,United Kingdom,150.64,80,449,3,3,2,8,Active
16081,4460.18,8,2011-10-14 13:06:00,2010-02-03 12:46:00,United Kingdom,557.52,55,673,4,4,5,13,Active
16082,106.75,1,2010-02-07 15:16:00,2010-02-07 15:16:00,United Kingdom,106.75,669,669,1,1,1,3,Lapsed
16083,2351.42,4,2011-08-31 10:47:00,2010-11-16 11:53:00,United Kingdom,587.86,99,387,3,3,4,10,At Risk
16084,436.18,1,2011-02-13 16:05:00,2011-02-13 16:05:00,United Kingdom,436.18,298,298,2,1,2,5,Lapsed
16085,2343.53,12,2011-11-16 13:24:00,2010-01-20 14:03:00,United Kingdom,195.29,22,687,4,5,4,13,Active
16086,2864.99,10,2011-10-11 13:09:00,2009-12-02 13:20:00,United Kingdom,286.5,58,736,3,5,4,12,Active
16087,1739.92,5,2010-11-15 16:44:00,2010-01-19 12:30:00,United Kingdom,347.98,388,688,2,4,4,10,Lapsed
16088,1437.43,2,2010-05-13 10:16:00,2010-04-27 10:56:00,United Kingdom,718.72,574,590,1,2,4,7,Lapsed
16089,271.44,2,2010-11-18 13:51:00,2010-07-18 15:51:00,United Kingdom,135.72,385,508,2,2,1,5,Lapsed
16090,205.91,1,2010-03-25 13:05:00,2010-03-25 13:05:00,United Kingdom,205.91,623,623,1,1,1,3,Lapsed
16091,315.06,2,2011-07-08 08:45:00,2011-05-25 09:18:00,United Kingdom,157.53,153,197,3,2,2,7,At Risk
16092,1587.94,6,2011-08-17 10:46:00,2010-05-09 16:10:00,United Kingdom,264.66,113,578,3,4,4,11,At Risk
16093,17.0,1,2011-08-25 11:09:00,2011-08-25 11:09:00,United Kingdom,17.0,105,105,3,1,1,5,At Risk
16094,3695.56,11,2011-11-28 12:45:00,2010-04-16 14:00:00,United Kingdom,335.96,10,601,5,5,5,15,Active
16095,447.05,1,2010-09-09 16:54:00,2010-09-09 16:54:00,United Kingdom,447.05,455,455,1,1,2,4,Lapsed
16096,1584.97,4,2011-03-20 13:38:00,2010-03-04 15:44:00,United Kingdom,396.24,263,644,2,3,4,9,Lapsed
16097,185.05,1,2011-04-13 13:47:00,2011-04-13 13:47:00,United Kingdom,185.05,239,239,2,1,1,4,Lapsed
16098,4448.1,14,2011-09-13 09:59:00,2009-12-15 09:40:00,United Kingdom,317.72,86,723,3,5,5,13,Active
16099,1573.2,7,2011-10-20 13:13:00,2010-03-03 11:13:00,United Kingdom,224.74,49,645,4,4,4,12,Active
16100,582.64,1,2010-09-03 11:39:00,2010-09-03 11:39:00,United Kingdom,582.64,461,461,1,1,2,4,Lapsed
16101,3229.16,4,2011-09-30 10:18:00,2010-05-27 12:50:00,United Kingdom,807.29,69,560,3,3,5,11,Active
16102,1842.14,3,2011-10-28 13:19:00,2011-08-03 12:50:00,United Kingdom,614.05,41,127,4,3,4,11,Active
16103,6191.71,22,2011-12-02 14:16:00,2010-01-08 12:08:00,United Kingdom,281.44,6,699,5,5,5,15,Active
16104,2778.61,9,2011-10-09 10:23:00,2009-12-06 10:41:00,United Kingdom,308.73,60,732,3,5,4,12,Active
16105,2386.19,5,2011-04-05 10:13:00,2010-04-14 13:27:00,United Kingdom,477.24,247,603,2,4,4,10,Lapsed
16106,108.38,1,2011-10-05 10:37:00,2011-10-05 10:37:00,United Kingdom,108.38,64,64,3,1,1,5,Active
16107,3204.16,7,2011-11-22 09:40:00,2011-06-09 18:42:00,United Kingdom,457.74,16,182,5,4,5,14,Active
16108,2235.92,4,2011-09-16 11:48:00,2010-03-18 14:14:00,United Kingdom,558.98,83,630,3,3,4,10,Active
16109,939.48,3,2011-05-05 09:17:00,2010-01-10 10:37:00,United Kingdom,313.16,217,697,2,3,3,8,Lapsed
16110,1819.27,4,2011-10-25 14:35:00,2010-07-05 13:04:00,United Kingdom,454.82,44,521,4,3,4,11,Active
16111,562.48,1,2010-10-07 19:51:00,2010-10-07 19:51:00,United Kingdom,562.48,427,427,1,1,2,4,Lapsed
16112,195.74,4,2011-07-19 14:28:00,2011-01-05 11:47:00,United Kingdom,48.94,142,337,3,3,1,7,At Risk
16113,161.38,1,2011-06-09 16:16:00,2011-06-09 16:16:00,United Kingdom,161.38,182,182,3,1,1,5,Lapsed
16114,135.75,1,2011-06-22 10:13:00,2011-06-22 10:13:00,United Kingdom,135.75,169,169,3,1,1,5,At Risk
16115,2575.14,12,2011-11-30 11:32:00,2010-05-14 11:59:00,United Kingdom,214.6,8,573,5,5,4,14,Active
16116,612.78,1,2011-05-12 12:01:00,2011-05-12 12:01:00,United Kingdom,612.78,210,210,2,1,2,5,Lapsed
16117,654.4,3,2011-06-03 11:42:00,2010-04-27 11:50:00,United Kingdom,218.13,188,590,2,3,3,8,Lapsed
16118,4376.25,1,2010-02-25 09:40:00,2010-02-25 09:40:00,United Kingdom,4376.25,651,651,1,1,5,7,Lapsed
16119,1720.81,8,2011-12-01 15:11:00,2009-12-16 11:56:00,United Kingdom,215.1,7,722,5,4,4,13,Active
16120,3056.91,6,2011-10-11 14:22:00,2010-10-13 15:07:00,United Kingdom,509.48,58,421,3,4,5,12,Active
16121,1477.09,5,2011-10-13 12:59:00,2010-05-23 10:52:00,United Kingdom,295.42,56,564,4,4,4,12,Active
16122,1001.34,6,2011-09-27 15:34:00,2010-10-10 15:26:00,United Kingdom,166.89,72,424,3,4,3,10,Active
16123,307.78,1,2011-10-19 09:18:00,2011-10-19 09:18:00,United Kingdom,307.78,50,50,4,1,2,7,Active
16124,1772.49,4,2011-01-26 14:45:00,2009-12-07 10:33:00,United Kingdom,443.12,316,731,2,3,4,9,Lapsed
16125,4587.65,14,2010-12-07 15:48:00,2009-12-14 15:38:00,United Kingdom,327.69,366,724,2,5,5,12,Lapsed
16126,14646.8,15,2011-11-10 16:03:00,2009-12-02 13:34:00,United Kingdom,976.45,28,736,4,5,5,14,Active
16127,801.31,2,2011-10-31 13:58:00,2009-12-13 12:19:00,United Kingdom,400.66,38,725,4,2,3,9,Active
16128,3801.05,11,2011-11-22 11:14:00,2010-07-16 16:30:00,United Kingdom,345.55,16,510,5,5,5,15,Active
16129,1396.05,3,2010-10-28 14:29:00,2010-07-20 12:32:00,United Kingdom,465.35,406,506,2,3,4,9,Lapsed
16130,987.48,4,2010-10-13 15:14:00,2010-04-01 13:58:00,United Kingdom,246.87,421,616,1,3,3,7,Lapsed
16131,9957.42,12,2011-10-19 11:53:00,2009-12-02 10:09:00,United Kingdom,829.78,50,736,4,5,5,14,Active
16132,664.2,2,2010-06-13 13:49:00,2010-03-22 10:25:00,United Kingdom,332.1,543,626,1,2,3,6,Lapsed
16133,22992.26,56,2011-12-06 11:24:00,2010-03-31 12:21:00,United Kingdom,410.58,2,617,5,5,5,15,Active
16134,2145.34,5,2011-11-18 10:05:00,2010-06-17 09:48:00,United Kingdom,429.07,20,539,4,4,4,12,Active
16135,819.45,2,2011-03-22 12:30:00,2010-05-05 09:35:00,United Kingdom,409.72,261,582,2,2,3,7,Lapsed
16136,946.8,4,2011-10-11 09:10:00,2010-02-14 12:49:00,United Kingdom,236.7,58,662,3,3,3,9,Active
16137,422.7,1,2010-01-28 15:04:00,2010-01-28 15:04:00,United Kingdom,422.7,679,679,1,1,2,4,Lapsed
16138,910.35,3,2010-11-26 12:13:00,2010-04-28 09:51:00,United Kingdom,303.45,377,589,2,3,3,8,Lapsed
16139,1111.15,5,2011-11-21 08:37:00,2009-12-03 13:51:00,United Kingdom,222.23,17,735,5,4,3,12,Active
16140,1557.6,3,2011-10-05 12:15:00,2010-09-24 12:03:00,United Kingdom,519.2,64,440,3,3,4,10,Active
16141,955.94,2,2011-09-12 13:11:00,2010-10-18 14:12:00,United Kingdom,477.97,87,416,3,2,3,8,Active
16142,535.34,1,2011-04-04 10:16:00,2011-04-04 10:16:00,United Kingdom,535.34,248,248,2,1,2,5,Lapsed
16143,4910.83,12,2011-12-06 14:13:00,2009-12-10 09:44:00,United Kingdom,409.24,2,728,5,5,5,15,Active
16144,175.2,1,2011-04-07 10:09:00,2011-04-07 10:09:00,United Kingdom,175.2,245,245,2,1,1,4,Lapsed
16145,6805.44,19,2011-12-01 10:33:00,2010-05-04 13:31:00,United Kingdom,358.18,7,583,5,5,5,15,Active
16146,946.38,4,2011-07-05 14:20:00,2010-09-17 10:46:00,United Kingdom,236.6,156,447,3,3,3,9,At Risk
16147,2398.91,5,2011-07-29 09:57:00,2010-02-05 12:26:00,United Kingdom,479.78,132,671,3,4,4,11,At Risk
16148,386.62,2,2011-02-16 14:01:00,2010-09-29 10:12:00,United Kingdom,193.31,295,435,2,2,2,6,Lapsed
16149,422.22,3,2011-12-05 11:29:00,2010-10-06 15:54:00,United Kingdom,140.74,3,428,5,3,2,10,Active
16150,4395.59,10,2011-10-28 12:39:00,2009-12-17 15:33:00,United Kingdom,439.56,41,721,4,5,5,14,Active
16152,1829.04,1,2011-03-16 09:47:00,2011-03-16 09:47:00,United Kingdom,1829.04,267,267,2,1,4,7,Lapsed
16153,5133.49,11,2011-10-21 10:50:00,2010-05-26 12:41:00,United Kingdom,466.68,48,561,4,5,5,14,Active
16155,796.9,5,2010-11-23 12:03:00,2010-06-18 11:23:00,United Kingdom,159.38,380,538,2,4,3,9,Lapsed
16156,6218.18,20,2011-12-01 12:42:00,2009-12-02 17:06:00,United Kingdom,310.91,7,736,5,5,5,15,Active
16157,656.69,3,2011-11-24 11:41:00,2011-09-28 11:48:00,United Kingdom,218.9,14,71,5,3,3,11,Active
16158,628.32,9,2010-07-05 13:55:00,2009-12-05 15:00:00,United Kingdom,69.81,521,733,1,5,3,9,Lapsed
16159,1232.79,4,2011-03-03 12:27:00,2009-12-03 11:51:00,United Kingdom,308.2,280,735,2,3,3,8,Lapsed
16160,1025.44,2,2011-10-05 14:19:00,2011-09-15 10:53:00,United Kingdom,512.72,64,84,3,2,3,8,Active
16161,12831.8,43,2011-12-08 12:10:00,2010-02-08 11:06:00,United Kingdom,298.41,0,668,5,5,5,15,Active
16162,37.4,1,2011-04-01 15:03:00,2011-04-01 15:03:00,United Kingdom,37.4,251,251,2,1,1,4,Lapsed
16163,2849.58,6,2011-04-21 15:15:00,2009-12-02 10:00:00,United Kingdom,474.93,231,736,2,4,4,10,Lapsed
16164,822.48,3,2011-11-22 15:04:00,2011-10-28 09:12:00,United Kingdom,274.16,16,41,5,3,3,11,Active
16165,79.9,1,2010-07-22 14:17:00,2010-07-22 14:17:00,United Kingdom,79.9,504,504,1,1,1,3,Lapsed
16166,435.83,2,2010-10-07 15:44:00,2010-01-17 14:16:00,United Kingdom,217.92,427,690,1,2,2,5,Lapsed
16167,1386.12,5,2010-10-21 15:33:00,2009-12-01 10:46:00,United Kingdom,277.22,413,737,1,4,4,9,Lapsed
16168,10636.47,66,2011-11-29 12:45:00,2009-12-03 12:38:00,United Kingdom,161.16,9,735,5,5,5,15,Active
16169,1822.97,4,2011-12-01 15:28:00,2011-09-25 11:33:00,United Kingdom,455.74,7,74,5,3,4,12,Active
16170,6869.0,20,2011-10-20 08:21:00,2010-02-18 13:50:00,United Kingdom,343.45,49,658,4,5,5,14,Active
16171,73.2,1,2011-10-11 14:51:00,2011-10-11 14:51:00,United Kingdom,73.2,58,58,3,1,1,5,Active
16172,1884.55,8,2011-09-05 13:22:00,2010-07-14 15:34:00,United Kingdom,235.57,94,512,3,4,4,11,At Risk
16173,1418.32,6,2011-11-24 10:53:00,2011-09-02 15:23:00,United Kingdom,236.39,14,97,5,4,4,13,Active
16174,2246.75,7,2011-08-05 13:26:00,2010-04-15 15:12:00,United Kingdom,320.96,125,602,3,4,4,11,At Risk
16175,1836.44,7,2011-09-06 14:32:00,2010-05-25 12:01:00,United Kingdom,262.35,93,562,3,4,4,11,At Risk
16176,2052.69,4,2010-10-14 13:54:00,2010-03-29 14:52:00,United Kingdom,513.17,420,619,1,3,4,8,Lapsed
16177,2247.31,8,2011-10-20 12:57:00,2010-03-02 14:03:00,United Kingdom,280.91,49,646,4,4,4,12,Active
16178,612.6,2,2011-07-24 16:05:00,2010-11-03 14:46:00,United Kingdom,306.3,137,400,3,2,2,7,At Risk
16179,215.83,1,2011-10-10 09:41:00,2011-10-10 09:41:00,United Kingdom,215.83,59,59,3,1,1,5,Active
16180,16249.87,13,2011-08-31 16:28:00,2010-06-23 13:19:00,United Kingdom,1249.99,99,533,3,5,5,13,At Risk
16181,305.54,1,2011-09-27 13:38:00,2011-09-27 13:38:00,United Kingdom,305.54,72,72,3,1,2,6,Active
16182,9971.65,9,2011-09-28 13:23:00,2010-03-09 09:34:00,United Kingdom,1107.96,71,639,3,5,5,13,Active
16183,1077.81,4,2011-10-03 14:59:00,2010-10-28 14:43:00,United Kingdom,269.45,66,406,3,3,3,9,Active
16184,1158.79,6,2011-10-06 17:43:00,2011-05-12 13:33:00,United Kingdom,193.13,63,210,3,4,3,10,Active
16185,644.72,3,2011-11-23 09:41:00,2010-05-24 11:04:00,United Kingdom,214.91,15,563,5,3,3,11,Active
16186,9026.11,26,2011-11-17 12:43:00,2009-12-09 15:36:00,United Kingdom,347.16,21,729,4,5,5,14,Active
16187,6911.44,15,2011-11-08 09:50:00,2011-02-28 13:34:00,United Kingdom,460.76,30,283,4,5,5,14,Active
16188,1087.66,5,2011-10-26 12:19:00,2010-10-27 11:50:00,United Kingdom,217.53,43,407,4,4,3,11,Active
16189,215.48,2,2011-11-24 11:47:00,2011-09-15 15:21:00,United Kingdom,107.74,14,84,5,2,1,8,Active
16190,2723.55,8,2011-10-30 15:59:00,2009-12-14 11:59:00,United Kingdom,340.44,39,724,4,4,4,12,Active
16191,15688.02,24,2011-12-07 11:26:00,2009-12-11 12:24:00,United Kingdom,653.67,1,727,5,5,5,15,Active
16192,351.3,1,2009-12-04 12:28:00,2009-12-04 12:28:00,United Kingdom,351.3,734,734,1,1,2,4,Lapsed
16193,630.43,2,2011-04-17 11:45:00,2010-10-25 10:25:00,United Kingdom,315.21,235,409,2,2,3,7,Lapsed
16194,308.6,1,2010-11-29 13:28:00,2010-11-29 13:28:00,United Kingdom,308.6,374,374,2,1,2,5,Lapsed
16195,323.25,1,2009-12-16 14:09:00,2009-12-16 14:09:00,United Kingdom,323.25,722,722,1,1,2,4,Lapsed
16196,93.3,1,2010-08-08 11:40:00,2010-08-08 11:40:00,United Kingdom,93.3,487,487,1,1,1,3,Lapsed
16197,2016.71,9,2010-08-27 12:56:00,2009-12-16 11:44:00,United Kingdom,224.08,468,722,1,5,4,10,Lapsed
16198,1030.04,2,2011-09-25 14:58:00,2010-09-28 13:59:00,United Kingdom,515.02,74,436,3,2,3,8,Active
16199,942.75,7,2010-11-12 12:55:00,2010-03-18 18:47:00,United Kingdom,134.68,391,630,2,4,3,9,Lapsed
16200,5643.45,12,2011-12-05 14:40:00,2009-12-02 15:04:00,United Kingdom,470.29,3,736,5,5,5,15,Active
16201,2112.12,5,2011-12-06 16:02:00,2010-10-20 12:00:00,United Kingdom,422.42,2,414,5,4,4,13,Active
16202,2501.99,9,2010-12-14 10:43:00,2009-12-02 10:48:00,United Kingdom,278.0,359,736,2,5,4,11,Lapsed
16203,1114.54,6,2011-10-12 12:31:00,2010-07-23 13:09:00,United Kingdom,185.76,57,503,4,4,3,11,Active
16204,944.24,3,2011-11-16 13:40:00,2009-12-08 17:44:00,United Kingdom,314.75,22,730,4,3,3,10,Active
16205,1830.61,7,2011-11-09 09:32:00,2010-06-15 11:58:00,United Kingdom,261.52,29,541,4,4,4,12,Active
16206,2602.32,13,2011-10-16 10:41:00,2010-01-24 15:25:00,United Kingdom,200.18,53,683,4,5,4,13,Active
16207,394.38,1,2011-11-14 13:51:00,2011-11-14 13:51:00,United Kingdom,394.38,24,24,4,1,2,7,New
16208,3440.45,10,2011-10-26 11:36:00,2010-02-24 14:24:00,United Kingdom,344.04,43,652,4,5,5,14,Active
16209,4146.78,9,2011-09-12 11:58:00,2010-06-11 11:58:00,United Kingdom,460.75,87,545,3,5,5,13,Active
16210,38489.51,35,2011-12-08 12:36:00,2009-12-02 12:54:00,United Kingdom,1099.7,0,736,5,5,5,15,Active
16211,1090.59,3,2011-09-12 12:11:00,2010-09-27 15:24:00,United Kingdom,363.53,87,437,3,3,3,9,Active
16212,1293.71,4,2011-11-20 13:00:00,2010-02-07 15:26:00,United Kingdom,323.43,18,669,4,3,4,11,Active
16213,159.0,1,2011-09-22 10:03:00,2011-09-22 10:03:00,United Kingdom,159.0,77,77,3,1,1,5,Active
16214,2038.25,4,2011-06-22 11:30:00,2010-09-30 13:57:00,United Kingdom,509.56,169,434,3,3,4,10,At Risk
16215,242.35,1,2011-09-20 10:18:00,2011-09-20 10:18:00,United Kingdom,242.35,79,79,3,1,1,5,Active
16216,914.93,1,2011-03-17 15:34:00,2011-03-17 15:34:00,United Kingdom,914.93,266,266,2,1,3,6,Lapsed
16217,304.25,2,2011-04-18 13:31:00,2011-03-02 15:28:00,United Kingdom,152.12,234,281,2,2,2,6,Lapsed
16218,4439.97,13,2011-11-10 09:59:00,2010-05-27 16:09:00,United Kingdom,341.54,28,560,4,5,5,14,Active
16219,40.8,1,2010-07-27 11:44:00,2010-07-27 11:44:00,United Kingdom,40.8,499,499,1,1,1,3,Lapsed
16221,2235.51,9,2011-11-03 11:43:00,2010-08-10 13:32:00,United Kingdom,248.39,35,485,4,5,4,13,Active
16222,1345.22,2,2011-01-25 13:38:00,2009-12-18 14:31:00,United Kingdom,672.61,317,720,2,2,4,8,Lapsed
16223,1102.35,2,2010-11-30 11:50:00,2010-11-09 12:07:00,United Kingdom,551.17,373,394,2,2,3,7,Lapsed
16224,1616.54,5,2011-10-13 17:51:00,2010-11-17 13:14:00,United Kingdom,323.31,56,386,4,4,4,12,Active
16225,2867.41,15,2011-10-26 08:30:00,2010-02-07 12:41:00,United Kingdom,191.16,43,669,4,5,4,13,Active
16226,672.17,5,2011-05-20 14:41:00,2010-10-22 11:19:00,United Kingdom,134.43,202,412,2,4,3,9,Lapsed
16227,1027.22,3,2011-04-28 13:33:00,2010-06-22 13:28:00,United Kingdom,342.41,224,534,2,3,3,8,Lapsed
16228,890.81,3,2010-11-19 14:20:00,2010-11-04 18:54:00,United Kingdom,296.94,384,399,2,3,3,8,Lapsed
16229,2867.86,6,2011-09-13 17:16:00,2010-05-24 12:59:00,United Kingdom,477.98,86,563,3,4,4,11,Active
16230,542.03,2,2011-06-03 10:06:00,2011-05-03 15:12:00,United Kingdom,271.02,188,219,2,2,2,6,Lapsed
16231,1078.22,4,2010-11-25 15:00:00,2010-04-21 12:06:00,United Kingdom,269.56,378,596,2,3,3,8,Lapsed
16232,2712.97,7,2011-10-27 12:16:00,2010-06-07 14:04:00,United Kingdom,387.57,42,549,4,4,4,12,Active
16233,1965.71,9,2011-09-29 17:27:00,2009-12-02 13:23:00,United Kingdom,218.41,70,736,3,5,4,12,Active
16234,333.18,3,2010-08-20 14:33:00,2010-05-27 10:39:00,United Kingdom,111.06,475,560,1,3,2,6,Lapsed
16235,2053.71,9,2011-10-30 10:56:00,2010-08-26 12:10:00,United Kingdom,228.19,39,469,4,5,4,13,Active
16236,432.2,1,2011-09-22 14:10:00,2011-09-22 14:10:00,United Kingdom,432.2,77,77,3,1,2,6,Active
16237,136.65,1,2010-09-28 17:02:00,2010-09-28 17:02:00,United Kingdom,136.65,436,436,1,1,1,3,Lapsed
16238,63.66,1,2010-10-13 12:36:00,2010-10-13 12:36:00,United Kingdom,63.66,421,421,1,1,1,3,Lapsed
16239,1492.2,6,2011-10-14 08:29:00,2010-09-02 19:17:00,United Kingdom,248.7,55,462,4,4,4,12,Active
16240,3718.8,2,2011-11-15 14:30:00,2011-09-23 13:44:00,United Kingdom,1859.4,23,76,4,2,5,11,Active
16241,4329.31,16,2011-11-30 11:08:00,2010-10-25 13:40:00,United Kingdom,270.58,8,409,5,5,5,15,Active
16242,7474.4,14,2011-12-01 15:12:00,2010-03-15 16:02:00,United Kingdom,533.89,7,633,5,5,5,15,Active
16243,409.1,2,2011-11-06 12:32:00,2011-10-16 12:09:00,United Kingdom,204.55,32,53,4,2,2,8,Active
16244,2579.38,2,2011-05-12 10:18:00,2010-12-02 11:41:00,United Kingdom,1289.69,210,371,2,2,4,8,Lapsed
16245,1413.66,3,2011-11-16 10:14:00,2011-03-28 09:30:00,United Kingdom,471.22,22,255,4,3,4,11,Active
16246,827.25,2,2010-09-06 12:04:00,2010-02-08 12:32:00,United Kingdom,413.62,458,668,1,2,3,6,Lapsed
16247,114.56,1,2011-06-22 14:23:00,2011-06-22 14:23:00,United Kingdom,114.56,169,169,3,1,1,5,At Risk
16248,152.94,1,2011-10-09 11:32:00,2011-10-09 11:32:00,United Kingdom,152.94,60,60,3,1,1,5,Active
16249,1800.07,5,2011-10-18 10:07:00,2011-04-14 13:50:00,United Kingdom,360.01,51,238,4,4,4,12,Active
16250,791.38,3,2011-03-23 15:07:00,2010-11-18 10:43:00,United Kingdom,263.79,260,385,2,3,3,8,Lapsed
16251,128.31,1,2010-07-15 14:55:00,2010-07-15 14:55:00,United Kingdom,128.31,511,511,1,1,1,3,Lapsed
16252,295.09,1,2010-11-22 11:57:00,2010-11-22 11:57:00,United Kingdom,295.09,381,381,2,1,2,5,Lapsed
16253,7310.15,7,2011-10-04 09:09:00,2009-12-08 17:24:00,United Kingdom,1044.31,65,730,3,4,5,12,Active
16254,985.14,3,2010-11-26 13:22:00,2010-03-17 15:43:00,United Kingdom,328.38,377,631,2,3,3,8,Lapsed
16255,4906.8,15,2011-11-23 12:40:00,2010-01-24 12:21:00,United Kingdom,327.12,15,683,5,5,5,15,Active
16256,1629.37,3,2011-03-18 12:18:00,2010-04-21 10:34:00,United Kingdom,543.12,265,596,2,3,4,9,Lapsed
16257,46.95,1,2011-06-16 10:11:00,2011-06-16 10:11:00,United Kingdom,46.95,175,175,3,1,1,5,At Risk
16258,11942.52,15,2011-10-25 13:30:00,2010-03-10 14:19:00,United Kingdom,796.17,44,638,4,5,5,14,Active
16259,361.94,3,2010-10-25 14:27:00,2010-04-13 16:57:00,United Kingdom,120.65,409,604,1,3,2,6,Lapsed
16260,1035.45,1,2011-10-20 09:40:00,2011-10-20 09:40:00,United Kingdom,1035.45,49,49,4,1,3,8,Active
16261,1059.45,6,2011-11-22 17:23:00,2010-09-23 16:40:00,United Kingdom,176.58,16,441,5,4,3,12,Active
16262,755.15,1,2010-11-26 13:22:00,2010-11-26 13:22:00,United Kingdom,755.15,377,377,2,1,3,6,Lapsed
16263,351.01,1,2010-10-12 14:52:00,2010-10-12 14:52:00,United Kingdom,351.01,422,422,1,1,2,4,Lapsed
16264,837.53,2,2010-09-27 15:00:00,2010-09-19 16:14:00,United Kingdom,418.76,437,445,1,2,3,6,Lapsed
16265,6935.17,12,2011-11-30 16:41:00,2010-10-28 15:18:00,United Kingdom,577.93,8,406,5,5,5,15,Active
16266,1757.95,14,2011-09-27 12:08:00,2010-02-04 16:21:00,United Kingdom,125.57,72,672,3,5,4,12,Active
16267,186.66,1,2010-04-27 14:10:00,2010-04-27 14:10:00,United Kingdom,186.66,590,590,1,1,1,3,Lapsed
16268,667.65,2,2011-09-29 18:30:00,2011-09-29 18:30:00,United Kingdom,333.82,70,70,3,2,3,8,Active
16269,717.57,1,2010-09-28 11:50:00,2010-09-28 11:50:00,United Kingdom,717.57,436,436,1,1,3,5,Lapsed
16270,1141.24,1,2010-12-21 14:26:00,2010-12-21 14:26:00,United Kingdom,1141.24,352,352,2,1,3,6,Lapsed
16271,3463.02,10,2011-12-07 12:45:00,2010-03-07 12:03:00,United Kingdom,346.3,1,641,5,5,5,15,Active
16272,411.7,1,2011-08-15 10:54:00,2011-08-15 10:53:00,United Kingdom,411.7,115,115,3,1,2,6,At Risk
16273,336.04,2,2010-03-01 13:24:00,2010-02-21 16:02:00,United Kingdom,168.02,647,655,1,2,2,5,Lapsed
16274,715.9,1,2010-12-01 15:35:00,2010-12-01 15:35:00,United Kingdom,715.9,372,372,2,1,3,6,Lapsed
16275,2151.11,3,2011-05-27 12:41:00,2010-03-08 14:41:00,United Kingdom,717.04,195,640,2,3,4,9,Lapsed
16276,2629.39,3,2011-06-16 09:34:00,2010-04-11 12:02:00,United Kingdom,876.46,175,606,3,3,4,10,At Risk
16277,188.69,1,2009-12-06 11:27:00,2009-12-06 11:27:00,United Kingdom,188.69,732,732,1,1,1,3,Lapsed
16278,1117.84,3,2011-08-31 17:12:00,2010-07-28 15:40:00,United Kingdom,372.61,99,498,3,3,3,9,At Risk
16279,5705.08,9,2011-11-18 15:00:00,2010-04-22 14:09:00,United Kingdom,633.9,20,595,4,5,5,14,Active
16280,238.05,1,2009-12-14 15:49:00,2009-12-14 15:49:00,United Kingdom,238.05,724,724,1,1,1,3,Lapsed
16281,3424.02,3,2011-09-28 14:57:00,2010-01-26 13:41:00,United Kingdom,1141.34,71,681,3,3,5,11,Active
16282,1307.58,3,2011-01-04 11:42:00,2009-12-21 11:52:00,United Kingdom,435.86,338,717,2,3,4,9,Lapsed
16283,4403.82,8,2011-12-04 12:08:00,2010-02-28 14:12:00,United Kingdom,550.48,4,648,5,4,5,14,Active
16284,1029.77,3,2011-11-08 16:12:00,2010-11-11 13:27:00,United Kingdom,343.26,30,392,4,3,3,10,Active
16285,176.9,1,2010-03-03 16:03:00,2010-03-03 16:03:00,United Kingdom,176.9,645,645,1,1,1,3,Lapsed
16286,328.95,2,2010-08-19 14:48:00,2010-03-26 09:58:00,United Kingdom,164.48,476,622,1,2,2,5,Lapsed
16287,1006.98,5,2011-06-23 09:08:00,2010-01-19 09:46:00,United Kingdom,201.4,168,688,3,4,3,10,At Risk
16288,129.85,1,2010-08-26 14:45:00,2010-08-26 14:45:00,United Kingdom,129.85,469,469,1,1,1,3,Lapsed
16289,136.31,1,2010-09-03 14:02:00,2010-09-03 14:02:00,United Kingdom,136.31,461,461,1,1,1,3,Lapsed
16290,2069.3,4,2010-09-01 11:52:00,2010-05-23 11:46:00,United Kingdom,517.33,463,564,1,3,4,8,Lapsed
16291,117.72,1,2010-01-26 16:26:00,2010-01-26 16:26:00,Portugal,117.72,681,681,1,1,1,3,Lapsed
16292,1253.76,5,2011-08-10 12:24:00,2010-04-14 13:29:00,United Kingdom,250.75,120,603,3,4,4,11,At Risk
16293,4657.95,15,2011-11-18 09:58:00,2009-12-11 09:58:00,United Kingdom,310.53,20,727,4,5,5,14,Active
16294,126.05,1,2010-08-20 12:01:00,2010-08-20 12:01:00,United Kingdom,126.05,475,475,1,1,1,3,Lapsed
16295,1328.55,4,2011-11-30 08:17:00,2011-10-06 10:45:00,United Kingdom,332.14,8,63,5,3,4,12,Active
16296,1313.67,4,2010-03-23 13:11:00,2009-12-18 12:03:00,United Kingdom,328.42,625,720,1,3,4,8,Lapsed
16297,301.9,1,2011-03-16 08:29:00,2011-03-16 08:29:00,United Kingdom,301.9,267,267,2,1,2,5,Lapsed
16298,1085.7,7,2011-11-17 11:59:00,2010-09-23 15:23:00,United Kingdom,155.1,21,441,4,4,3,11,Active
16299,193.65,1,2010-08-19 17:46:00,2010-08-19 17:46:00,United Kingdom,193.65,476,476,1,1,1,3,Lapsed
16300,1392.43,3,2010-10-05 13:14:00,2010-02-02 11:40:00,United Kingdom,464.14,429,674,1,3,4,8,Lapsed
16301,107.33,1,2009-12-03 10:20:00,2009-12-03 10:20:00,United Kingdom,107.33,735,735,1,1,1,3,Lapsed
16302,233.22,1,2011-08-05 09:44:00,2011-08-05 09:44:00,United Kingdom,233.22,125,125,3,1,1,5,At Risk
16303,7928.27,7,2011-11-14 10:49:00,2010-03-18 14:12:00,United Kingdom,1132.61,24,630,4,4,5,13,Active
16304,381.66,1,2010-01-14 08:30:00,2010-01-14 08:30:00,United Kingdom,381.66,693,693,1,1,2,4,Lapsed
16305,361.22,1,2011-07-24 12:18:00,2011-07-24 12:18:00,United Kingdom,361.22,137,137,3,1,2,6,At Risk
16306,1192.82,7,2011-05-10 12:12:00,2010-10-01 09:36:00,United Kingdom,170.4,212,433,2,4,3,9,Lapsed
16307,1194.92,3,2010-10-06 14:31:00,2010-05-11 14:40:00,United Kingdom,398.31,428,576,1,3,3,7,Lapsed
16308,5120.0,7,2011-11-02 11:24:00,2009-12-15 15:48:00,United Kingdom,731.43,36,723,4,4,5,13,Active
16309,706.57,2,2011-08-25 15:35:00,2011-04-13 11:46:00,United Kingdom,353.28,105,239,3,2,3,8,At Risk
16310,460.08,2,2010-10-21 14:47:00,2010-03-07 15:41:00,United Kingdom,230.04,413,641,1,2,2,5,Lapsed
16311,616.26,2,2011-11-22 08:54:00,2011-10-21 13:13:00,United Kingdom,308.13,16,48,5,2,2,9,Active
16312,171.15,1,2010-10-03 14:15:00,2010-10-03 14:15:00,United Kingdom,171.15,431,431,1,1,1,3,Lapsed
16313,274.15,2,2011-12-06 13:02:00,2011-10-21 09:04:00,United Kingdom,137.07,2,48,5,2,1,8,Active
16314,1491.4,3,2010-11-15 12:06:00,2010-08-24 11:52:00,United Kingdom,497.13,388,471,2,3,4,9,Lapsed
16315,402.71,2,2011-01-13 11:57:00,2010-06-21 13:53:00,United Kingdom,201.36,329,535,2,2,2,6,Lapsed
16316,5744.91,13,2011-10-06 13:48:00,2010-08-03 14:38:00,United Kingdom,441.92,63,492,3,5,5,13,Active
16317,2192.51,5,2011-08-12 12:46:00,2010-05-04 10:17:00,United Kingdom,438.5,118,583,3,4,4,11,At Risk
16318,328.15,1,2011-11-04 13:05:00,2011-11-04 13:05:00,United Kingdom,328.15,34,34,4,1,2,7,Active
16319,404.4,1,2011-05-06 11:27:00,2011-05-06 11:27:00,United Kingdom,404.4,216,216,2,1,2,5,Lapsed
16320,5628.99,6,2011-06-20 15:25:00,2010-01-27 13:29:00,Unspecified,938.16,171,680,3,4,5,12,At Risk
16321,604.55,7,2011-09-28 14:55:00,2009-12-01 10:36:00,Australia,86.36,71,737,3,4,2,9,Active
16322,326.75,2,2011-12-08 15:41:00,2011-11-03 14:33:00,United Kingdom,163.38,0,35,5,2,2,9,Active
16323,353.66,2,2011-05-27 14:48:00,2010-05-11 09:48:00,United Kingdom,176.83,195,576,2,2,2,6,Lapsed
16324,428.68,3,2011-08-03 12:58:00,2011-06-15 14:26:00,United Kingdom,142.89,127,176,3,3,2,8,At Risk
16325,3597.5,12,2011-10-24 08:48:00,2009-12-04 13:21:00,United Kingdom,299.79,45,734,4,5,5,14,Active
16326,4826.99,24,2011-12-04 10:11:00,2010-01-28 13:23:00,United Kingdom,201.12,4,679,5,5,5,15,Active
16327,10731.34,16,2011-11-25 13:23:00,2009-12-14 13:06:00,United Kingdom,670.71,13,724,5,5,5,15,Active
16328,310.83,1,2010-05-25 14:02:00,2010-05-25 14:02:00,United Kingdom,310.83,562,562,1,1,2,4,Lapsed
16329,1703.07,4,2010-10-08 12:44:00,2009-12-01 11:34:00,United Kingdom,425.77,426,737,1,3,4,8,Lapsed
16330,634.33,7,2011-11-22 12:24:00,2010-02-15 12:36:00,United Kingdom,90.62,16,661,5,4,3,12,Active
16331,2037.7,6,2010-10-03 13:47:00,2010-03-07 10:55:00,United Kingdom,339.62,431,641,1,4,4,9,Lapsed
16332,2010.41,11,2011-11-11 14:22:00,2010-04-29 13:41:00,United Kingdom,182.76,27,588,4,5,4,13,Active
16333,26626.8,22,2011-12-02 12:19:00,2011-02-03 10:50:00,United Kingdom,1210.31,6,308,5,5,5,15,Active
16334,277.48,1,2010-08-04 16:38:00,2010-08-04 16:38:00,United Kingdom,277.48,491,491,1,1,1,3,Lapsed
16335,2774.0,7,2010-06-06 11:35:00,2009-12-04 10:18:00,United Kingdom,396.29,550,734,1,4,4,9,Lapsed
16336,3517.69,4,2010-10-15 12:32:00,2010-03-18 08:05:00,United Kingdom,879.42,419,630,1,3,5,9,Lapsed
16337,151.05,1,2011-11-03 10:03:00,2011-11-03 10:03:00,United Kingdom,151.05,35,35,4,1,1,6,Active
16338,214.8,1,2011-07-05 13:56:00,2011-07-05 13:56:00,United Kingdom,214.8,156,156,3,1,1,5,At Risk
16339,109.95,1,2011-02-28 13:41:00,2011-02-28 13:41:00,United Kingdom,109.95,283,283,2,1,1,4,Lapsed
16340,1526.06,3,2011-08-24 14:53:00,2010-06-06 13:26:00,United Kingdom,508.69,106,550,3,3,4,10,At Risk
16341,3850.79,7,2011-11-15 09:12:00,2010-04-09 10:30:00,United Kingdom,550.11,23,608,4,4,5,13,Active
16342,322.41,4,2011-09-25 14:36:00,2011-06-13 10:10:00,United Kingdom,80.6,74,178,3,3,2,8,Active
16343,687.07,3,2011-11-23 17:45:00,2010-10-28 14:15:00,United Kingdom,229.02,15,406,5,3,3,11,Active
16344,842.42,4,2011-07-04 15:50:00,2010-02-09 12:16:00,United Kingdom,210.6,157,667,3,3,3,9,At Risk
16345,1198.74,2,2011-10-26 16:03:00,2010-08-13 17:13:00,United Kingdom,599.37,43,482,4,2,3,9,Active
16346,224.51,1,2010-11-19 15:55:00,2010-11-19 15:55:00,United Kingdom,224.51,384,384,2,1,1,4,Lapsed
16347,3509.41,11,2011-11-28 13:14:00,2010-03-12 12:41:00,United Kingdom,319.04,10,636,5,5,5,15,Active
16348,1798.22,8,2011-11-07 15:44:00,2010-10-05 13:57:00,United Kingdom,224.78,31,429,4,4,4,12,Active
16349,53.5,1,2011-02-22 12:40:00,2011-02-22 12:40:00,United Kingdom,53.5,289,289,2,1,1,4,Lapsed
16350,2253.89,9,2011-11-18 15:53:00,2010-10-07 16:33:00,United Kingdom,250.43,20,427,4,5,4,13,Active
16351,3330.03,13,2011-01-11 10:26:00,2009-12-04 16:12:00,United Kingdom,256.16,331,734,2,5,5,12,Lapsed
16352,494.44,2,2011-11-22 10:32:00,2011-11-02 08:44:00,United Kingdom,247.22,16,36,5,2,2,9,Active
16353,9999.46,38,2011-12-06 12:23:00,2009-12-07 13:55:00,United Kingdom,263.14,2,731,5,5,5,15,Active
16354,1129.51,5,2011-10-07 14:28:00,2010-04-27 13:33:00,United Kingdom,225.9,62,590,3,4,3,10,Active
16355,416.35,1,2010-11-29 14:21:00,2010-11-29 14:21:00,United Kingdom,416.35,374,374,2,1,2,5,Lapsed
16356,415.87,6,2011-05-26 11:51:00,2010-06-06 11:26:00,United Kingdom,69.31,196,550,2,4,2,8,Lapsed
16357,868.37,4,2011-11-06 16:04:00,2010-11-23 18:52:00,United Kingdom,217.09,32,380,4,3,3,10,Active
16358,2919.65,5,2011-12-08 15:09:00,2010-11-10 11:36:00,United Kingdom,583.93,0,393,5,4,4,13,Active
16359,2697.75,16,2011-12-02 17:04:00,2010-02-16 10:39:00,United Kingdom,168.61,6,660,5,5,4,14,Active
16360,3512.53,6,2011-12-05 12:16:00,2011-09-12 13:50:00,United Kingdom,585.42,3,87,5,4,5,14,Active
16361,896.66,4,2011-11-30 12:32:00,2011-09-29 13:13:00,United Kingdom,224.16,8,70,5,3,3,11,Active
16362,946.94,6,2011-11-07 13:01:00,2010-09-28 09:24:00,United Kingdom,157.82,31,436,4,4,3,11,Active
16363,109.36,1,2011-10-17 14:14:00,2011-10-17 14:14:00,United Kingdom,109.36,52,52,4,1,1,6,Active
16364,707.04,2,2011-11-28 11:27:00,2011-07-25 14:35:00,United Kingdom,353.52,10,136,5,2,3,10,Active
16365,3307.2,15,2011-11-22 11:24:00,2009-12-11 12:41:00,United Kingdom,220.48,16,727,5,5,5,15,Active
16366,1548.13,4,2011-11-21 08:19:00,2009-12-16 10:39:00,United Kingdom,387.03,17,722,5,3,4,12,Active
16367,1362.4,3,2011-11-02 13:13:00,2010-11-21 13:23:00,United Kingdom,454.13,36,382,4,3,4,11,Active
16368,640.21,3,2011-12-07 13:12:00,2010-09-30 11:30:00,United Kingdom,213.4,1,434,5,3,3,11,Active
16369,2664.81,7,2011-11-21 16:25:00,2010-04-07 16:52:00,United Kingdom,380.69,17,610,5,4,4,13,Active
16370,1320.56,4,2011-09-18 15:55:00,2011-04-28 16:40:00,United Kingdom,330.14,81,224,3,3,4,10,Active
16371,157.2,1,2010-09-17 12:09:00,2010-09-17 12:09:00,United Kingdom,157.2,447,447,1,1,1,3,Lapsed
16372,1328.61,5,2011-11-06 13:08:00,2010-04-11 15:20:00,United Kingdom,265.72,32,606,4,4,4,12,Active
16373,309.49,2,2010-11-22 15:50:00,2010-10-24 13:10:00,United Kingdom,154.74,381,410,2,2,2,6,Lapsed
16374,1771.45,5,2011-10-04 15:21:00,2010-04-30 13:10:00,United Kingdom,354.29,65,587,3,4,4,11,Active
16375,104.0,2,2010-08-26 14:25:00,2010-08-26 14:12:00,United Kingdom,52.0,469,469,1,2,1,4,Lapsed
16376,987.01,2,2011-12-01 11:38:00,2011-11-22 16:47:00,United Kingdom,493.5,7,16,5,2,3,10,Active
16377,1308.48,2,2011-03-17 15:41:00,2010-04-01 10:36:00,United Kingdom,654.24,266,616,2,2,4,8,Lapsed
16378,362.95,3,2011-04-06 15:07:00,2011-02-02 12:42:00,United Kingdom,120.98,246,309,2,3,2,7,Lapsed
16379,2157.4,4,2011-12-05 15:38:00,2011-09-22 09:33:00,United Kingdom,539.35,3,77,5,3,4,12,Active
16380,1780.59,1,2011-10-09 15:40:00,2011-10-09 15:40:00,United Kingdom,1780.59,60,60,3,1,4,8,Active
16381,258.7,2,2010-11-09 09:56:00,2010-10-17 13:06:00,United Kingdom,129.35,394,417,2,2,1,5,Lapsed
16382,353.1,2,2010-10-27 16:23:00,2010-06-07 12:42:00,United Kingdom,176.55,407,549,2,2,2,6,Lapsed
16383,2974.84,7,2011-09-26 12:45:00,2010-02-04 13:18:00,United Kingdom,424.98,73,672,3,4,5,12,Active
16384,1358.95,4,2011-09-11 11:19:00,2010-04-28 14:01:00,United Kingdom,339.74,88,589,3,3,4,10,Active
16385,1030.61,5,2011-10-10 13:12:00,2010-03-18 12:45:00,United Kingdom,206.12,59,630,3,4,3,10,Active
16386,1102.59,3,2011-11-11 12:28:00,2010-11-17 11:19:00,United Kingdom,367.53,27,386,4,3,3,10,Active
16387,918.55,5,2011-01-21 11:34:00,2010-03-11 12:22:00,United Kingdom,183.71,321,637,2,4,3,9,Lapsed
16388,186.05,1,2010-02-24 10:20:00,2010-02-24 10:20:00,United Kingdom,186.05,652,652,1,1,1,3,Lapsed
16389,1382.07,4,2011-10-17 14:41:00,2011-03-01 15:47:00,United Kingdom,345.52,52,282,4,3,4,11,Active
16390,467.5,3,2010-06-21 10:11:00,2010-01-29 15:25:00,United Kingdom,155.83,535,678,1,3,2,6,Lapsed
16391,1103.61,4,2010-11-04 12:27:00,2010-05-27 11:27:00,United Kingdom,275.9,399,560,2,3,3,8,Lapsed
16392,763.05,3,2011-03-15 12:11:00,2010-05-27 11:17:00,United Kingdom,254.35,268,560,2,3,3,8,Lapsed
16393,5561.66,23,2011-12-07 12:51:00,2009-12-01 12:13:00,United Kingdom,241.81,1,737,5,5,5,15,Active
16394,1555.34,5,2011-10-14 09:48:00,2011-02-23 10:58:00,United Kingdom,311.07,55,288,4,4,4,12,Active
16395,3537.85,14,2011-10-10 12:50:00,2009-12-06 12:26:00,United Kingdom,252.7,59,732,3,5,5,13,Active
16396,137.8,1,2010-08-20 14:17:00,2010-08-20 14:17:00,United Kingdom,137.8,475,475,1,1,1,3,Lapsed
16397,127.88,1,2010-03-21 15:36:00,2010-03-21 15:36:00,United Kingdom,127.88,627,627,1,1,1,3,Lapsed
16398,1705.8,2,2011-07-08 15:16:00,2011-03-31 09:38:00,United Kingdom,852.9,153,252,3,2,4,9,At Risk
16399,641.82,3,2011-11-20 16:12:00,2010-11-15 15:03:00,United Kingdom,213.94,18,388,4,3,3,10,Active
16400,3159.44,9,2011-09-06 12:27:00,2009-12-08 12:38:00,United Kingdom,351.05,93,730,3,5,5,13,At Risk
16401,6849.15,23,2011-12-08 18:15:00,2010-06-02 13:13:00,United Kingdom,297.79,0,554,5,5,5,15,Active
16402,511.4,2,2011-03-20 12:25:00,2010-12-05 13:42:00,United Kingdom,255.7,263,368,2,2,2,6,Lapsed
16403,177.5,1,2011-01-31 13:39:00,2011-01-31 13:39:00,United Kingdom,177.5,311,311,2,1,1,4,Lapsed
16404,443.05,1,2011-09-30 14:55:00,2011-09-30 14:55:00,United Kingdom,443.05,69,69,3,1,2,6,Active
16405,167.25,2,2011-02-10 15:24:00,2011-02-02 17:08:00,United Kingdom,83.62,301,309,2,2,1,5,Lapsed
16406,552.68,3,2011-11-21 11:57:00,2010-02-24 11:51:00,United Kingdom,184.23,17,652,5,3,2,10,Active
16407,2821.65,14,2011-11-27 11:05:00,2010-10-03 13:56:00,United Kingdom,201.55,11,431,5,5,4,14,Active
16408,231.93,1,2010-04-27 14:08:00,2010-04-27 14:08:00,United Kingdom,231.93,590,590,1,1,1,3,Lapsed
16409,5709.04,12,2011-11-03 16:45:00,2009-12-13 15:38:00,United Kingdom,475.75,35,725,4,5,5,14,Active
16410,130.32,1,2009-12-05 14:51:00,2009-12-05 14:51:00,United Kingdom,130.32,733,733,1,1,1,3,Lapsed
16411,910.19,4,2011-11-20 13:23:00,2010-10-07 15:09:00,United Kingdom,227.55,18,427,4,3,3,10,Active
16412,647.23,5,2011-10-17 12:35:00,2010-02-04 13:46:00,United Kingdom,129.45,52,672,4,4,3,11,Active
16413,528.98,2,2011-10-14 12:08:00,2010-11-29 12:49:00,United Kingdom,264.49,55,374,4,2,2,8,Active
16414,559.71,5,2011-11-18 09:42:00,2010-01-14 10:21:00,United Kingdom,111.94,20,693,4,4,2,10,Active
16415,719.44,3,2011-10-26 13:35:00,2010-02-01 12:30:00,United Kingdom,239.81,43,675,4,3,3,10,Active
16416,2972.88,9,2011-11-13 12:50:00,2010-02-23 12:00:00,United Kingdom,330.32,25,653,4,5,5,14,Active
16417,35.7,1,2010-08-04 09:08:00,2010-08-04 09:08:00,United Kingdom,35.7,491,491,1,1,1,3,Lapsed
16418,1101.94,5,2011-10-26 12:39:00,2010-10-13 12:31:00,United Kingdom,220.39,43,421,4,4,3,11,Active
16419,1487.42,8,2011-08-19 12:33:00,2010-02-09 13:26:00,United Kingdom,185.93,111,667,3,4,4,11,At Risk
16420,75.0,1,2010-11-08 15:15:00,2010-11-08 15:15:00,United Kingdom,75.0,395,395,2,1,1,4,Lapsed
16421,526.27,3,2010-11-28 13:31:00,2010-08-27 12:02:00,United Kingdom,175.42,375,468,2,3,2,7,Lapsed
16422,63651.47,109,2011-11-22 14:00:00,2010-01-12 11:57:00,United Kingdom,583.96,16,695,5,5,5,15,Active
16423,346.12,1,2011-11-15 09:21:00,2011-11-15 09:21:00,United Kingdom,346.12,23,23,4,1,2,7,New
16424,443.06,2,2011-06-01 13:40:00,2010-11-22 11:24:00,United Kingdom,221.53,190,381,2,2,2,6,Lapsed
16425,302.7,1,2011-02-10 14:30:00,2011-02-10 14:30:00,United Kingdom,302.7,301,301,2,1,2,5,Lapsed
16426,1908.25,10,2011-12-07 14:01:00,2011-03-08 15:45:00,United Kingdom,190.82,1,275,5,5,4,14,Active
16427,241.06,2,2011-03-21 17:10:00,2011-02-28 15:18:00,United Kingdom,120.53,262,283,2,2,1,5,Lapsed
16428,660.28,3,2010-10-22 12:22:00,2010-07-30 12:10:00,United Kingdom,220.09,412,496,1,3,3,7,Lapsed
16429,284.55,1,2011-08-25 13:54:00,2011-08-25 13:54:00,United Kingdom,284.55,105,105,3,1,1,5,At Risk
16430,1117.94,7,2011-10-13 14:47:00,2010-01-27 12:45:00,United Kingdom,159.71,56,680,4,4,3,11,Active
16431,642.81,3,2011-05-10 14:09:00,2011-02-15 14:02:00,United Kingdom,214.27,212,296,2,3,3,8,Lapsed
16432,287.4,1,2011-10-06 13:59:00,2011-10-06 13:59:00,United Kingdom,287.4,63,63,3,1,1,5,Active
16433,384.52,2,2011-11-11 14:09:00,2010-10-27 12:26:00,United Kingdom,192.26,27,407,4,2,2,8,Active
16434,2741.74,12,2011-11-10 14:28:00,2010-01-17 14:51:00,United Kingdom,228.48,28,690,4,5,4,13,Active
16435,1011.57,3,2010-07-15 18:22:00,2010-07-13 13:29:00,United Kingdom,337.19,511,513,1,3,3,7,Lapsed
16436,329.34,3,2010-02-09 13:19:00,2009-12-06 16:02:00,United Kingdom,109.78,667,732,1,3,2,6,Lapsed
16437,301.25,2,2010-11-23 16:59:00,2010-10-06 12:34:00,United Kingdom,150.62,380,428,2,2,2,6,Lapsed
16438,798.35,5,2011-12-04 10:51:00,2011-09-18 13:31:00,United Kingdom,159.67,4,81,5,4,3,12,Active
16439,310.7,1,2009-12-17 14:22:00,2009-12-17 14:22:00,United Kingdom,310.7,721,721,1,1,2,4,Lapsed
16440,3856.97,6,2011-12-02 12:02:00,2010-08-03 11:32:00,United Kingdom,642.83,6,492,5,4,5,14,Active
16441,1034.43,5,2011-10-03 17:48:00,2010-03-22 18:00:00,United Kingdom,206.89,66,626,3,4,3,10,Active
16442,899.47,5,2011-12-08 11:43:00,2009-12-13 11:05:00,United Kingdom,179.89,0,725,5,4,3,12,Active
16443,162.24,1,2010-07-07 11:57:00,2010-07-07 11:57:00,United Kingdom,162.24,519,519,1,1,1,3,Lapsed
16444,3656.58,17,2011-10-24 13:50:00,2010-03-24 14:06:00,United Kingdom,215.09,45,624,4,5,5,14,Active
16445,602.73,4,2011-11-06 12:32:00,2010-10-24 12:39:00,United Kingdom,150.68,32,410,4,3,2,9,Active
16446,168472.5,2,2011-12-09 09:15:00,2011-05-18 09:52:00,United Kingdom,84236.25,-1,204,5,2,5,12,Active
16447,775.14,3,2011-07-27 12:45:00,2010-02-17 14:09:00,United Kingdom,258.38,134,659,3,3,3,9,At Risk
16448,367.87,2,2011-05-25 16:28:00,2010-08-25 16:58:00,United Kingdom,183.94,197,470,2,2,2,6,Lapsed
16449,707.69,2,2011-05-26 10:25:00,2011-03-04 12:15:00,United Kingdom,353.84,196,279,2,2,3,7,Lapsed
16450,1505.73,3,2011-07-13 11:47:00,2010-02-21 15:46:00,United Kingdom,501.91,148,655,3,3,4,10,At Risk
16451,1013.15,3,2011-09-13 09:17:00,2009-12-04 15:11:00,United Kingdom,337.72,86,734,3,3,3,9,Active
16452,332.17,2,2010-03-19 12:39:00,2010-01-15 12:22:00,United Kingdom,166.08,629,692,1,2,2,5,Lapsed
16453,251.71,2,2010-06-27 12:46:00,2010-06-09 13:15:00,United Kingdom,125.86,529,547,1,2,1,4,Lapsed
16454,30.95,4,2011-10-26 11:40:00,2010-04-07 15:54:00,United Kingdom,7.74,43,610,4,3,1,8,Active
16455,4384.37,11,2011-10-07 12:17:00,2010-03-30 10:31:00,United Kingdom,398.58,62,618,3,5,5,13,Active
16456,6862.91,13,2011-09-01 13:50:00,2010-03-29 11:16:00,United Kingdom,527.92,98,619,3,5,5,13,At Risk
16457,208.36,1,2011-05-05 13:19:00,2011-05-05 13:19:00,United Kingdom,208.36,217,217,2,1,1,4,Lapsed
16458,5715.34,30,2011-12-07 09:34:00,2010-05-26 14:38:00,United Kingdom,190.51,1,561,5,5,5,15,Active
16459,71.79,1,2009-12-10 12:42:00,2009-12-10 12:42:00,United Kingdom,71.79,728,728,1,1,1,3,Lapsed
16460,814.72,3,2011-11-11 13:46:00,2011-09-19 10:15:00,United Kingdom,271.57,27,80,4,3,3,10,Active
16461,1615.22,3,2011-06-15 12:07:00,2010-03-03 13:57:00,United Kingdom,538.41,176,645,3,3,4,10,At Risk
16462,136.0,3,2011-09-27 10:24:00,2011-03-01 08:58:00,United Kingdom,45.33,72,282,3,3,1,7,Active
16463,1422.4,4,2011-11-18 14:01:00,2011-05-19 14:45:00,United Kingdom,355.6,20,203,4,3,4,11,Active
16464,1314.68,3,2011-11-20 12:11:00,2011-07-20 13:53:00,United Kingdom,438.23,18,141,4,3,4,11,Active
16465,746.24,2,2010-10-15 09:27:00,2010-09-21 10:46:00,United Kingdom,373.12,419,443,1,2,3,6,Lapsed
16466,3838.59,15,2011-11-06 11:35:00,2010-03-07 14:31:00,United Kingdom,255.91,32,641,4,5,5,14,Active
16467,2869.16,7,2010-07-19 11:49:00,2009-12-02 11:59:00,United Kingdom,409.88,507,736,1,4,4,9,Lapsed
16468,787.52,3,2011-09-26 14:13:00,2010-08-15 13:10:00,United Kingdom,262.51,73,480,3,3,3,9,Active
16469,828.91,5,2011-11-16 12:25:00,2010-07-13 13:17:00,United Kingdom,165.78,22,513,4,4,3,11,Active
16470,2458.6,11,2011-10-19 12:11:00,2009-12-11 12:21:00,United Kingdom,223.51,50,727,4,5,4,13,Active
16471,1189.98,4,2011-03-10 09:41:00,2010-02-25 10:07:00,United Kingdom,297.5,273,651,2,3,3,8,Lapsed
16472,789.6,2,2010-10-01 13:56:00,2010-04-21 11:48:00,United Kingdom,394.8,433,596,1,2,3,6,Lapsed
16473,470.83,4,2011-06-28 09:10:00,2010-11-30 16:29:00,United Kingdom,117.71,163,373,3,3,2,8,At Risk
16474,1871.5,7,2011-12-02 13:02:00,2011-07-17 14:51:00,United Kingdom,267.36,6,144,5,4,4,13,Active
16475,544.3,4,2011-09-12 14:37:00,2011-03-11 09:39:00,United Kingdom,136.07,87,272,3,3,2,8,Active
16476,350.35,1,2010-10-04 10:29:00,2010-10-04 10:29:00,United Kingdom,350.35,430,430,1,1,2,4,Lapsed
16477,4320.02,11,2011-10-07 09:44:00,2010-08-12 09:43:00,United Kingdom,392.73,62,483,3,5,5,13,Active
16478,331.0,3,2011-11-14 15:51:00,2011-10-05 12:02:00,United Kingdom,110.33,24,64,4,3,2,9,Active
16479,300.83,2,2011-11-29 13:40:00,2011-11-29 13:04:00,United Kingdom,150.42,9,9,5,2,2,9,Active
16480,769.29,1,2011-09-25 11:40:00,2011-09-25 11:40:00,United Kingdom,769.29,74,74,3,1,3,7,Active
16481,453.38,1,2010-01-26 13:09:00,2010-01-26 13:09:00,United Kingdom,453.38,681,681,1,1,2,4,Lapsed
16482,220.62,1,2011-11-24 12:33:00,2011-11-24 12:33:00,United Kingdom,220.62,14,14,5,1,1,7,New
16483,139.35,1,2011-05-31 13:08:00,2011-05-31 13:08:00,United Kingdom,139.35,191,191,2,1,1,4,Lapsed
16484,404.3,2,2011-06-19 12:06:00,2011-06-02 10:39:00,United Kingdom,202.15,172,189,3,2,2,7,At Risk
16485,2294.68,5,2011-09-23 15:50:00,2009-12-06 12:28:00,United Kingdom,458.94,76,732,3,4,4,11,Active
16486,134.36,1,2010-06-20 12:16:00,2010-06-20 12:16:00,United Kingdom,134.36,536,536,1,1,1,3,Lapsed
16487,209.4,2,2010-05-11 13:38:00,2010-02-18 17:36:00,United Kingdom,104.7,576,658,1,2,1,4,Lapsed
16488,498.8,3,2011-11-06 13:42:00,2011-07-14 11:46:00,United Kingdom,166.27,32,147,4,3,2,9,Active
16489,303.7,2,2010-11-24 14:40:00,2010-09-29 15:02:00,United Kingdom,151.85,379,435,2,2,2,6,Lapsed
16490,205.41,1,2010-09-29 16:30:00,2010-09-29 16:30:00,United Kingdom,205.41,435,435,1,1,1,3,Lapsed
16491,1533.16,2,2011-10-24 10:18:00,2010-10-22 15:42:00,United Kingdom,766.58,45,412,4,2,4,10,Active
16492,385.56,1,2010-06-17 08:20:00,2010-06-17 08:20:00,United Kingdom,385.56,539,539,1,1,2,4,Lapsed
16493,2132.09,7,2011-09-21 11:10:00,2010-03-26 13:05:00,United Kingdom,304.58,78,622,3,4,4,11,Active
16494,826.53,1,2011-02-16 12:49:00,2011-02-16 12:49:00,United Kingdom,826.53,295,295,2,1,3,6,Lapsed
16495,684.41,3,2011-12-06 13:20:00,2011-03-08 16:38:00,United Kingdom,228.14,2,275,5,3,3,11,Active
16496,2330.77,6,2011-12-01 10:31:00,2010-07-18 13:42:00,United Kingdom,388.46,7,508,5,4,4,13,Active
16497,6695.28,23,2011-10-21 10:55:00,2009-12-03 14:11:00,United Kingdom,291.1,48,735,4,5,5,14,Active
16498,100.97,2,2011-07-01 15:07:00,2011-06-30 19:52:00,United Kingdom,50.48,160,161,3,2,1,6,At Risk
16499,2578.34,8,2010-12-14 13:31:00,2010-06-11 12:22:00,United Kingdom,322.29,359,545,2,4,4,10,Lapsed
16500,843.91,9,2011-12-05 12:04:00,2010-06-14 14:54:00,United Kingdom,93.77,3,542,5,5,3,13,Active
16501,1237.23,1,2010-11-21 14:10:00,2010-11-21 14:10:00,United Kingdom,1237.23,382,382,2,1,3,6,Lapsed
16502,266.5,2,2010-03-29 13:44:00,2010-03-29 13:39:00,United Kingdom,133.25,619,619,1,2,1,4,Lapsed
16503,3614.34,11,2011-08-25 11:46:00,2010-06-21 14:07:00,United Kingdom,328.58,105,535,3,5,5,13,At Risk
16504,484.38,1,2011-11-14 15:18:00,2011-11-14 15:18:00,United Kingdom,484.38,24,24,4,1,2,7,New
16505,777.6,1,2011-11-08 12:14:00,2011-11-08 12:14:00,United Kingdom,777.6,30,30,4,1,3,8,New
16506,90.3,2,2011-11-20 12:17:00,2011-10-30 15:50:00,United Kingdom,45.15,18,39,4,2,1,7,Active
16507,152.76,1,2010-05-16 12:56:00,2010-05-16 12:56:00,United Kingdom,152.76,571,571,1,1,1,3,Lapsed
16508,248.8,1,2010-03-19 13:41:00,2010-03-19 13:41:00,United Kingdom,248.8,629,629,1,1,1,3,Lapsed
16509,363.7,1,2011-02-16 09:25:00,2011-02-16 09:25:00,United Kingdom,363.7,295,295,2,1,2,5,Lapsed
16510,2100.0,6,2010-12-02 13:39:00,2010-01-17 12:30:00,United Kingdom,350.0,371,690,2,4,4,10,Lapsed
16511,1819.02,6,2011-11-18 10:41:00,2010-03-01 12:21:00,United Kingdom,303.17,20,647,4,4,4,12,Active
16513,874.59,4,2011-12-05 10:18:00,2011-10-27 14:56:00,United Kingdom,218.65,3,42,5,3,3,11,Active
16515,3216.3,10,2011-10-18 13:10:00,2010-06-17 12:17:00,United Kingdom,321.63,51,539,4,5,5,14,Active
16516,101.7,1,2011-11-09 14:59:00,2011-11-09 14:59:00,United Kingdom,101.7,29,29,4,1,1,6,New
16517,162.7,1,2011-03-07 13:50:00,2011-03-07 13:50:00,United Kingdom,162.7,276,276,2,1,1,4,Lapsed
16518,959.37,4,2011-10-09 15:04:00,2010-06-01 13:31:00,United Kingdom,239.84,60,555,3,3,3,9,Active
16519,556.26,4,2011-11-14 15:41:00,2010-03-01 13:51:00,United Kingdom,139.06,24,647,4,3,2,9,Active
16520,2482.62,6,2011-06-06 13:24:00,2010-03-02 16:50:00,United Kingdom,413.77,185,646,3,4,4,11,Lapsed
16521,1148.01,3,2010-10-20 13:09:00,2010-03-01 13:22:00,United Kingdom,382.67,414,647,1,3,3,7,Lapsed
16522,433.36,2,2010-09-30 10:54:00,2010-09-15 13:32:00,United Kingdom,216.68,434,449,1,2,2,5,Lapsed
16523,11916.33,28,2011-12-08 09:06:00,2010-01-24 13:14:00,United Kingdom,425.58,0,683,5,5,5,15,Active
16524,308.14,2,2010-09-19 13:37:00,2010-01-17 13:16:00,United Kingdom,154.07,445,690,1,2,2,5,Lapsed
16525,24582.64,48,2011-12-07 15:07:00,2009-12-02 13:53:00,United Kingdom,512.14,1,736,5,5,5,15,Active
16526,717.21,2,2011-06-21 12:02:00,2010-05-04 16:34:00,United Kingdom,358.6,170,583,3,2,3,8,At Risk
16527,1272.44,2,2011-09-19 16:21:00,2010-10-11 13:25:00,United Kingdom,636.22,80,423,3,2,4,9,Active
16528,244.41,1,2011-12-06 12:45:00,2011-12-06 12:45:00,United Kingdom,244.41,2,2,5,1,1,7,New
16529,2012.0,4,2011-06-02 17:23:00,2010-06-27 13:29:00,United Kingdom,503.0,189,529,2,3,4,9,Lapsed
16530,48.35,1,2010-02-09 15:30:00,2010-02-09 15:30:00,United Kingdom,48.35,667,667,1,1,1,3,Lapsed
16531,2298.33,11,2011-11-17 16:29:00,2010-09-24 09:49:00,United Kingdom,208.94,21,440,4,5,4,13,Active
16532,8756.64,5,2011-11-22 11:08:00,2010-03-29 10:26:00,United Kingdom,1751.33,16,619,5,4,5,14,Active
16533,1095.56,3,2011-11-20 13:08:00,2011-10-02 15:07:00,United Kingdom,365.19,18,67,4,3,3,10,Active
16534,635.9,1,2010-03-07 15:47:00,2010-03-07 15:47:00,United Kingdom,635.9,641,641,1,1,3,5,Lapsed
16535,1001.59,3,2011-12-04 15:18:00,2010-01-28 15:26:00,United Kingdom,333.86,4,679,5,3,3,11,Active
16536,548.97,1,2011-08-21 15:54:00,2011-08-21 15:54:00,United Kingdom,548.97,109,109,3,1,2,6,At Risk
16537,23.35,1,2010-03-08 13:41:00,2010-03-08 13:41:00,United Kingdom,23.35,640,640,1,1,1,3,Lapsed
16538,399.62,3,2010-06-16 16:59:00,2010-04-23 16:25:00,United Kingdom,133.21,540,594,1,3,2,6,Lapsed
16539,3732.01,10,2011-12-07 08:41:00,2010-06-25 15:24:00,United Kingdom,373.2,1,531,5,5,5,15,Active
16540,226.7,1,2010-10-21 17:22:00,2010-10-21 17:22:00,United Kingdom,226.7,413,413,1,1,1,3,Lapsed
16541,424.03,1,2009-12-04 13:22:00,2009-12-04 13:22:00,United Kingdom,424.03,734,734,1,1,2,4,Lapsed
16542,257.32,2,2011-10-17 10:47:00,2010-11-03 14:44:00,United Kingdom,128.66,52,400,4,2,1,7,Active
16543,292.21,1,2010-04-27 11:38:00,2010-04-27 11:38:00,United Kingdom,292.21,590,590,1,1,2,4,Lapsed
16544,376.7,4,2010-07-08 11:11:00,2010-02-15 13:20:00,United Kingdom,94.18,518,661,1,3,2,6,Lapsed
16545,689.82,2,2011-06-28 10:37:00,2010-11-29 10:39:00,United Kingdom,344.91,163,374,3,2,3,8,At Risk
16546,5606.47,5,2011-02-22 11:20:00,2010-09-23 15:43:00,United Kingdom,1121.29,289,441,2,4,5,11,Lapsed
16547,111.71,1,2010-06-11 13:02:00,2010-06-11 13:02:00,United Kingdom,111.71,545,545,1,1,1,3,Lapsed
16548,30.15,1,2010-04-19 16:15:00,2010-04-19 16:15:00,United Kingdom,30.15,598,598,1,1,1,3,Lapsed
16549,13182.19,34,2011-11-29 15:06:00,2010-03-28 15:45:00,United Kingdom,387.71,9,620,5,5,5,15,Active
16550,9435.13,18,2011-08-23 11:12:00,2009-12-02 11:24:00,United Kingdom,524.17,107,736,3,5,5,13,At Risk
16551,2237.12,7,2011-09-05 09:38:00,2009-12-13 16:12:00,United Kingdom,319.59,94,725,3,4,4,11,At Risk
16552,475.02,2,2011-04-11 10:04:00,2010-12-01 12:36:00,United Kingdom,237.51,241,372,2,2,2,6,Lapsed
16553,16644.01,33,2011-06-29 15:42:00,2010-02-11 18:46:00,United Kingdom,504.36,162,665,3,5,5,13,At Risk
16554,2841.72,8,2011-10-28 14:51:00,2009-12-15 09:42:00,United Kingdom,355.22,41,723,4,4,4,12,Active
16555,1915.68,6,2011-11-04 14:31:00,2010-07-22 13:39:00,United Kingdom,319.28,34,504,4,4,4,12,Active
16556,8012.58,17,2011-10-04 11:36:00,2009-12-07 10:51:00,United Kingdom,471.33,65,731,3,5,5,13,Active
16557,281.85,2,2011-11-15 14:04:00,2011-07-25 13:28:00,United Kingdom,140.93,23,136,4,2,1,7,Active
16558,13873.51,38,2011-12-09 10:20:00,2009-12-03 18:11:00,United Kingdom,365.09,-1,735,5,5,5,15,Active
16559,185.2,1,2010-11-07 13:52:00,2010-11-07 13:52:00,United Kingdom,185.2,396,396,2,1,1,4,Lapsed
16560,3048.38,8,2011-11-13 10:35:00,2009-12-08 12:05:00,United Kingdom,381.05,25,730,4,4,5,13,Active
16561,511.12,2,2011-12-04 11:50:00,2011-10-11 09:53:00,United Kingdom,255.56,4,58,5,2,2,9,Active
16562,223.86,1,2010-08-20 11:45:00,2010-08-20 11:45:00,United Kingdom,223.86,475,475,1,1,1,3,Lapsed
16563,4422.76,6,2011-10-17 11:51:00,2009-12-01 18:35:00,United Kingdom,737.13,52,737,4,4,5,13,Active
16564,87.8,1,2010-05-19 14:41:00,2010-05-19 14:41:00,United Kingdom,87.8,568,568,1,1,1,3,Lapsed
16565,773.05,4,2010-12-10 15:21:00,2010-06-02 12:47:00,United Kingdom,193.26,363,554,2,3,3,8,Lapsed
16566,614.66,5,2011-11-24 16:34:00,2011-02-20 10:29:00,United Kingdom,122.93,14,291,5,4,2,11,Active
16567,865.6,2,2011-05-29 13:57:00,2011-01-07 09:31:00,United Kingdom,432.8,193,335,2,2,3,7,Lapsed
16568,1020.9,2,2010-10-08 10:54:00,2010-03-08 14:51:00,United Kingdom,510.45,426,640,1,2,3,6,Lapsed
16569,1455.23,5,2011-12-06 15:32:00,2009-12-16 15:05:00,United Kingdom,291.05,2,722,5,4,4,13,Active
16570,7434.31,20,2011-11-24 17:02:00,2010-03-30 09:32:00,United Kingdom,371.72,14,618,5,5,5,15,Active
16571,4248.74,10,2011-11-13 11:46:00,2010-03-18 09:12:00,United Kingdom,424.87,25,630,4,5,5,14,Active
16572,1009.6,3,2011-08-04 16:34:00,2011-03-09 12:04:00,United Kingdom,336.53,126,274,3,3,3,9,At Risk
16573,663.61,2,2011-09-16 09:13:00,2011-02-22 15:14:00,United Kingdom,331.8,83,289,3,2,3,8,Active
16574,1301.78,3,2011-09-29 13:39:00,2010-02-19 11:46:00,United Kingdom,433.93,70,657,3,3,4,10,Active
16576,540.87,2,2010-10-15 13:37:00,2010-07-06 10:42:00,United Kingdom,270.44,419,520,1,2,2,5,Lapsed
16577,380.0,1,2010-02-11 09:45:00,2010-02-11 09:45:00,United Kingdom,380.0,665,665,1,1,2,4,Lapsed
16578,156.6,1,2010-03-23 15:11:00,2010-03-23 15:11:00,United Kingdom,156.6,625,625,1,1,1,3,Lapsed
16579,295.05,1,2010-10-10 11:58:00,2010-10-10 11:58:00,United Kingdom,295.05,424,424,1,1,2,4,Lapsed
16581,105.84,1,2011-06-10 10:05:00,2011-06-10 10:05:00,United Kingdom,105.84,181,181,3,1,1,5,Lapsed
16582,313.62,1,2011-08-18 17:02:00,2011-08-18 17:02:00,United Kingdom,313.62,112,112,3,1,2,6,At Risk
16583,531.4,2,2010-12-01 12:03:00,2010-02-04 12:18:00,United Kingdom,265.7,372,672,2,2,2,6,Lapsed
16584,3163.67,5,2011-09-20 13:45:00,2010-02-16 10:41:00,United Kingdom,632.73,79,660,3,4,5,12,Active
16585,341.59,2,2010-04-25 10:34:00,2010-01-13 13:31:00,United Kingdom,170.8,592,694,1,2,2,5,Lapsed
16586,1462.78,3,2011-04-05 09:32:00,2010-03-14 11:24:00,United Kingdom,487.59,247,634,2,3,4,9,Lapsed
16587,225.15,1,2011-04-21 15:51:00,2011-04-21 15:51:00,United Kingdom,225.15,231,231,2,1,1,4,Lapsed
16588,1361.28,4,2010-11-18 17:56:00,2010-05-14 13:43:00,United Kingdom,340.32,385,573,2,3,4,9,Lapsed
16589,612.36,4,2011-09-29 14:50:00,2010-09-15 14:56:00,United Kingdom,153.09,70,449,3,3,2,8,Active
16590,605.9,2,2010-11-04 09:06:00,2010-10-21 12:09:00,United Kingdom,302.95,399,413,2,2,2,6,Lapsed
16591,213.5,1,2011-10-02 10:43:00,2011-10-02 10:43:00,United Kingdom,213.5,67,67,3,1,1,5,Active
16592,7807.91,28,2011-12-05 13:49:00,2009-12-18 15:57:00,United Kingdom,278.85,3,720,5,5,5,15,Active
16593,1071.14,8,2011-10-20 12:41:00,2009-12-05 10:44:00,United Kingdom,133.89,49,733,4,4,3,11,Active
16594,181.09,1,2011-09-25 14:08:00,2011-09-25 14:08:00,United Kingdom,181.09,74,74,3,1,1,5,Active
16595,1810.18,5,2011-10-09 13:15:00,2010-01-17 12:12:00,United Kingdom,362.04,60,690,3,4,4,11,Active
16596,579.63,4,2011-11-24 10:02:00,2009-12-10 13:09:00,United Kingdom,144.91,14,728,5,3,2,10,Active
16597,90.04,1,2011-12-05 15:44:00,2011-12-05 15:44:00,United Kingdom,90.04,3,3,5,1,1,7,New
16598,145.05,1,2011-02-27 11:42:00,2011-02-27 11:42:00,United Kingdom,145.05,284,284,2,1,1,4,Lapsed
16599,172.8,1,2010-11-19 12:45:00,2010-11-19 12:45:00,United Kingdom,172.8,384,384,2,1,1,4,Lapsed
16600,2153.41,13,2011-12-05 16:00:00,2009-12-18 12:59:00,United Kingdom,165.65,3,720,5,5,4,14,Active
16601,684.25,3,2011-10-30 11:09:00,2010-03-26 13:39:00,United Kingdom,228.08,39,622,4,3,3,10,Active
16602,763.33,2,2011-11-03 15:54:00,2010-11-16 09:13:00,United Kingdom,381.66,35,387,4,2,3,9,Active
16603,482.47,2,2011-09-26 10:06:00,2011-09-09 13:02:00,United Kingdom,241.24,73,90,3,2,2,7,Active
16604,432.45,2,2010-05-26 09:10:00,2010-05-20 16:34:00,United Kingdom,216.22,561,567,1,2,2,5,Lapsed
16605,60.48,1,2009-12-15 19:03:00,2009-12-15 19:03:00,United Kingdom,60.48,723,723,1,1,1,3,Lapsed
16606,357.66,2,2010-10-31 13:57:00,2010-10-01 13:21:00,United Kingdom,178.83,403,433,2,2,2,6,Lapsed
16607,5706.87,25,2011-11-22 10:24:00,2010-04-29 14:01:00,United Kingdom,228.27,16,588,5,5,5,15,Active
16608,1288.72,2,2010-09-12 11:44:00,2010-02-14 11:57:00,United Kingdom,644.36,452,662,1,2,4,7,Lapsed
16609,5493.46,7,2011-11-24 13:32:00,2011-04-01 10:11:00,United Kingdom,784.78,14,251,5,4,5,14,Active
16610,75.66,1,2011-05-04 13:13:00,2011-05-04 13:13:00,United Kingdom,75.66,218,218,2,1,1,4,Lapsed
16611,1785.13,6,2011-06-06 15:46:00,2010-03-10 16:07:00,United Kingdom,297.52,185,638,3,4,4,11,Lapsed
16612,3245.43,9,2011-11-07 07:38:00,2009-12-03 15:54:00,United Kingdom,360.6,31,735,4,5,5,14,Active
16613,618.59,1,2011-09-30 15:52:00,2011-09-30 15:52:00,United Kingdom,618.59,69,69,3,1,3,7,Active
16614,1179.79,3,2011-06-10 11:36:00,2010-05-10 15:18:00,United Kingdom,393.26,181,577,3,3,3,9,Lapsed
16615,291.5,1,2010-03-23 15:13:00,2010-03-23 15:13:00,United Kingdom,291.5,625,625,1,1,2,4,Lapsed
16616,500.42,2,2011-11-24 16:31:00,2011-07-05 13:38:00,United Kingdom,250.21,14,156,5,2,2,9,Active
16617,151.85,1,2011-04-18 10:35:00,2011-04-18 10:35:00,United Kingdom,151.85,234,234,2,1,1,4,Lapsed
16618,2647.59,5,2011-11-08 13:52:00,2011-01-21 11:55:00,United Kingdom,529.52,30,321,4,4,4,12,Active
16619,1938.33,4,2011-03-21 08:18:00,2010-02-22 12:05:00,United Kingdom,484.58,262,654,2,3,4,9,Lapsed
16620,1758.93,6,2011-12-06 12:19:00,2009-12-01 14:35:00,United Kingdom,293.16,2,737,5,4,4,13,Active
16621,813.48,4,2011-10-19 11:38:00,2011-03-07 11:32:00,United Kingdom,203.37,50,276,4,3,3,10,Active
16622,225.4,1,2010-06-14 10:44:00,2010-06-14 10:44:00,United Kingdom,225.4,542,542,1,1,1,3,Lapsed
16623,1015.24,4,2011-04-08 10:09:00,2010-04-26 14:04:00,United Kingdom,253.81,244,591,2,3,3,8,Lapsed
16624,810.57,2,2011-09-20 12:39:00,2011-05-26 14:20:00,United Kingdom,405.28,79,196,3,2,3,8,Active
16625,1654.03,5,2011-03-10 12:50:00,2010-06-14 11:56:00,United Kingdom,330.81,273,542,2,4,4,10,Lapsed
16626,4413.1,17,2011-12-09 11:56:00,2011-03-18 12:27:00,United Kingdom,259.59,-1,265,5,5,5,15,Active
16627,322.8,1,2011-09-21 14:38:00,2011-09-21 14:38:00,United Kingdom,322.8,78,78,3,1,2,6,Active
16628,2318.1,7,2011-11-10 12:45:00,2010-03-08 12:24:00,United Kingdom,331.16,28,640,4,4,4,12,Active
16629,417.73,2,2011-09-27 10:34:00,2011-09-04 16:12:00,United Kingdom,208.86,72,95,3,2,2,7,Active
16630,106.8,1,2010-10-28 14:30:00,2010-10-28 14:30:00,United Kingdom,106.8,406,406,2,1,1,4,Lapsed
16631,1892.52,7,2010-08-15 11:20:00,2010-02-26 10:49:00,United Kingdom,270.36,480,650,1,4,4,9,Lapsed
16632,406.4,2,2010-08-11 11:39:00,2010-05-07 16:46:00,United Kingdom,203.2,484,580,1,2,2,5,Lapsed
16633,2883.1,6,2011-11-22 13:41:00,2011-04-19 14:36:00,United Kingdom,480.52,16,233,5,4,4,13,Active
16634,1814.61,6,2011-05-01 12:09:00,2010-01-21 09:30:00,United Kingdom,302.44,221,686,2,4,4,10,Lapsed
16635,473.0,1,2010-10-29 09:41:00,2010-10-29 09:41:00,United Kingdom,473.0,405,405,2,1,2,5,Lapsed
16636,3802.04,4,2010-09-27 13:13:00,2010-03-03 14:06:00,United Kingdom,950.51,437,645,1,3,5,9,Lapsed
16637,1154.47,4,2011-11-07 13:17:00,2011-04-28 10:20:00,United Kingdom,288.62,31,224,4,3,3,10,Active
16638,2430.53,15,2011-11-17 11:09:00,2010-08-18 13:33:00,United Kingdom,162.04,21,477,4,5,4,13,Active
16639,1747.98,4,2011-11-08 13:20:00,2010-10-26 18:23:00,United Kingdom,437.0,30,408,4,3,4,11,Active
16640,179.4,1,2010-11-07 10:48:00,2010-11-07 10:48:00,United Kingdom,179.4,396,396,2,1,1,4,Lapsed
16641,554.5,2,2011-08-26 12:49:00,2010-01-07 12:22:00,United Kingdom,277.25,104,700,3,2,2,7,At Risk
16642,1077.45,3,2011-12-05 11:31:00,2010-10-20 14:22:00,United Kingdom,359.15,3,414,5,3,3,11,Active
16643,923.11,2,2011-04-08 08:24:00,2010-10-13 09:47:00,United Kingdom,461.56,244,421,2,2,3,7,Lapsed
16644,833.78,2,2011-06-15 12:39:00,2011-05-11 12:53:00,United Kingdom,416.89,176,211,3,2,3,8,At Risk
16645,160.39,1,2009-12-04 09:49:00,2009-12-04 09:49:00,United Kingdom,160.39,734,734,1,1,1,3,Lapsed
16646,678.8,1,2010-09-16 13:28:00,2010-09-16 13:28:00,United Kingdom,678.8,448,448,1,1,3,5,Lapsed
16647,541.9,4,2011-06-23 11:47:00,2010-06-13 15:52:00,United Kingdom,135.48,168,543,3,3,2,8,At Risk
16648,672.8,3,2011-10-28 08:58:00,2010-04-28 14:58:00,United Kingdom,224.27,41,589,4,3,3,10,Active
16649,306.58,1,2010-07-07 15:41:00,2010-07-07 15:41:00,United Kingdom,306.58,519,519,1,1,2,4,Lapsed
16650,1916.11,7,2011-09-29 09:51:00,2010-07-08 14:18:00,United Kingdom,273.73,70,518,3,4,4,11,Active
16651,136.2,1,2010-05-02 11:46:00,2010-05-02 11:46:00,United Kingdom,136.2,585,585,1,1,1,3,Lapsed
16652,17550.39,16,2011-10-12 09:38:00,2010-03-17 10:22:00,United Kingdom,1096.9,57,631,4,5,5,14,Active
16653,1212.66,2,2011-11-23 14:51:00,2011-09-29 13:38:00,United Kingdom,606.33,15,70,5,2,3,10,Active
16654,1711.47,8,2011-07-21 15:23:00,2010-04-06 13:29:00,United Kingdom,213.93,140,611,3,4,4,11,At Risk
16655,6548.37,13,2011-11-22 11:25:00,2010-01-31 15:40:00,United Kingdom,503.72,16,676,5,5,5,15,Active
16656,16833.17,30,2011-11-17 14:43:00,2009-12-04 12:59:00,United Kingdom,561.11,21,734,4,5,5,14,Active
16657,933.62,4,2011-11-30 11:48:00,2011-03-30 12:02:00,United Kingdom,233.4,8,253,5,3,3,11,Active
16658,814.07,6,2010-12-06 13:47:00,2010-03-30 16:24:00,United Kingdom,135.68,367,618,2,4,3,9,Lapsed
16659,39.12,1,2011-06-03 15:03:00,2011-06-03 15:03:00,United Kingdom,39.12,188,188,2,1,1,4,Lapsed
16660,1879.55,7,2011-11-23 14:53:00,2010-01-14 11:09:00,United Kingdom,268.51,15,693,5,4,4,13,Active
16661,986.63,4,2010-06-17 15:24:00,2009-12-17 15:39:00,United Kingdom,246.66,539,721,1,3,3,7,Lapsed
16662,163.8,1,2010-11-10 16:56:00,2010-11-10 16:56:00,United Kingdom,163.8,393,393,2,1,1,4,Lapsed
16663,165.0,1,2009-12-10 13:12:00,2009-12-10 13:12:00,United Kingdom,165.0,728,728,1,1,1,3,Lapsed
16664,109.2,1,2010-05-19 17:11:00,2010-05-19 17:11:00,United Kingdom,109.2,568,568,1,1,1,3,Lapsed
16665,135.4,1,2010-12-12 14:03:00,2010-12-12 14:03:00,United Kingdom,135.4,361,361,2,1,1,4,Lapsed
16666,225.94,2,2011-11-20 14:01:00,2010-03-28 15:13:00,United Kingdom,112.97,18,620,4,2,1,7,Active
16667,570.13,2,2011-10-02 15:26:00,2011-02-28 12:57:00,United Kingdom,285.06,67,283,3,2,2,7,Active
16668,862.42,13,2011-11-24 17:43:00,2010-03-18 18:25:00,United Kingdom,66.34,14,630,5,5,3,13,Active
16669,1374.87,3,2011-11-16 12:26:00,2011-09-22 14:13:00,United Kingdom,458.29,22,77,4,3,4,11,Active
16670,8030.15,20,2011-11-23 09:34:00,2009-12-10 15:28:00,United Kingdom,401.51,15,728,5,5,5,15,Active
16671,1692.27,3,2011-11-11 13:40:00,2011-06-28 11:20:00,United Kingdom,564.09,27,163,4,3,4,11,Active
16672,8134.94,20,2011-12-07 16:29:00,2011-03-18 10:15:00,United Kingdom,406.75,1,265,5,5,5,15,Active
16673,188.83,1,2010-01-29 14:22:00,2010-01-29 14:22:00,United Kingdom,188.83,678,678,1,1,1,3,Lapsed
16674,319.61,2,2011-10-16 11:31:00,2011-09-02 13:59:00,United Kingdom,159.8,53,97,4,2,2,8,Active
16675,608.86,2,2010-09-24 12:15:00,2010-08-18 13:11:00,United Kingdom,304.43,440,477,1,2,2,5,Lapsed
16676,2361.9,6,2011-11-06 12:01:00,2010-10-17 13:07:00,United Kingdom,393.65,32,417,4,4,4,12,Active
16677,880.62,2,2010-10-24 14:53:00,2010-02-25 16:11:00,United Kingdom,440.31,410,651,1,2,3,6,Lapsed
16678,3109.99,12,2011-12-07 12:17:00,2011-03-02 09:24:00,United Kingdom,259.17,1,281,5,5,5,15,Active
16679,793.06,3,2010-12-08 13:51:00,2010-06-10 18:35:00,United Kingdom,264.35,365,546,2,3,3,8,Lapsed
16680,821.45,3,2011-10-27 17:35:00,2010-06-23 09:30:00,United Kingdom,273.82,42,533,4,3,3,10,Active
16681,1921.84,7,2011-09-28 11:11:00,2010-03-08 14:10:00,United Kingdom,274.55,71,640,3,4,4,11,Active
16682,1028.0,5,2011-12-05 12:13:00,2011-06-05 11:02:00,United Kingdom,205.6,3,186,5,4,3,12,Active
16683,320.25,1,2010-06-24 10:36:00,2010-06-24 10:36:00,United Kingdom,320.25,532,532,1,1,2,4,Lapsed
16684,147142.77,55,2011-12-05 14:06:00,2009-12-07 12:56:00,United Kingdom,2675.32,3,731,5,5,5,15,Active
16685,324.24,2,2011-10-09 13:58:00,2011-10-09 13:44:00,United Kingdom,162.12,60,60,3,2,2,7,Active
16686,5070.92,16,2011-10-23 13:49:00,2009-12-06 15:48:00,United Kingdom,316.93,46,732,4,5,5,14,Active
16687,157.63,1,2010-11-14 11:46:00,2010-11-14 11:46:00,United Kingdom,157.63,389,389,2,1,1,4,Lapsed
16688,1260.86,4,2011-12-08 15:24:00,2011-10-10 12:23:00,United Kingdom,315.21,0,59,5,3,4,12,Active
16689,422.6,2,2011-09-25 11:39:00,2011-09-18 13:29:00,United Kingdom,211.3,74,81,3,2,2,7,Active
16690,353.03,4,2011-09-28 15:02:00,2010-09-14 15:00:00,United Kingdom,88.26,71,450,3,3,2,8,Active
16691,178.83,2,2010-10-17 15:03:00,2010-05-27 14:55:00,United Kingdom,89.42,417,560,1,2,1,4,Lapsed
16692,1914.7,4,2011-03-28 14:46:00,2010-09-24 11:31:00,United Kingdom,478.68,255,440,2,3,4,9,Lapsed
16693,1199.46,5,2011-10-02 11:10:00,2010-02-21 12:42:00,United Kingdom,239.89,67,655,3,4,3,10,Active
16694,98.3,1,2009-12-16 15:45:00,2009-12-16 15:45:00,United Kingdom,98.3,722,722,1,1,1,3,Lapsed
16695,193.15,2,2010-05-27 12:36:00,2010-05-27 12:24:00,United Kingdom,96.58,560,560,1,2,1,4,Lapsed
16696,657.9,4,2011-07-27 14:23:00,2011-04-05 15:20:00,United Kingdom,164.48,134,247,3,3,3,9,At Risk
16697,112.75,1,2011-04-12 17:12:00,2011-04-12 17:12:00,United Kingdom,112.75,240,240,2,1,1,4,Lapsed
16698,1998.0,2,2011-04-27 10:52:00,2011-03-31 13:33:00,United Kingdom,999.0,225,252,2,2,4,8,Lapsed
16699,994.6,7,2010-11-24 14:38:00,2009-12-04 13:31:00,United Kingdom,142.09,379,734,2,4,3,9,Lapsed
16700,9167.71,25,2011-12-01 11:00:00,2009-12-02 10:51:00,United Kingdom,366.71,7,736,5,5,5,15,Active
16701,9916.73,26,2011-12-01 11:10:00,2009-12-01 19:19:00,United Kingdom,381.41,7,737,5,5,5,15,Active
16702,1110.83,4,2010-10-20 14:10:00,2009-12-07 16:40:00,United Kingdom,277.71,414,731,1,3,3,7,Lapsed
16704,695.66,2,2010-03-31 14:02:00,2010-02-05 14:14:00,United Kingdom,347.83,617,671,1,2,3,6,Lapsed
16705,43515.05,42,2011-12-09 12:08:00,2009-12-09 13:34:00,United Kingdom,1036.07,-1,729,5,5,5,15,Active
16706,531.35,3,2011-11-02 13:50:00,2011-08-17 15:53:00,United Kingdom,177.12,36,113,4,3,2,9,Active
16707,551.11,4,2010-11-04 14:39:00,2010-03-09 15:16:00,United Kingdom,137.78,399,639,2,3,2,7,Lapsed
16708,656.63,1,2011-10-25 12:20:00,2011-10-25 12:20:00,United Kingdom,656.63,44,44,4,1,3,8,Active
16709,9087.46,14,2011-09-16 10:56:00,2009-12-09 13:16:00,United Kingdom,649.1,83,729,3,5,5,13,Active
16710,6349.09,22,2011-11-20 14:50:00,2009-12-04 13:41:00,United Kingdom,288.6,18,734,4,5,5,14,Active
16711,2868.48,9,2011-12-06 16:32:00,2009-12-02 13:22:00,United Kingdom,318.72,2,736,5,5,4,14,Active
16712,4266.99,13,2011-11-30 13:48:00,2010-11-03 15:45:00,United Kingdom,328.23,8,400,5,5,5,15,Active
16713,14560.69,32,2011-11-21 12:36:00,2009-12-15 12:49:00,United Kingdom,455.02,17,723,5,5,5,15,Active
16714,1529.8,4,2011-05-05 11:09:00,2010-02-07 11:17:00,United Kingdom,382.45,217,669,2,3,4,9,Lapsed
16715,625.52,2,2011-09-22 18:15:00,2010-05-26 12:35:00,United Kingdom,312.76,77,561,3,2,3,8,Active
16716,2149.68,3,2011-03-18 10:03:00,2010-03-19 11:05:00,United Kingdom,716.56,265,629,2,3,4,9,Lapsed
16717,6986.23,14,2011-11-16 12:16:00,2009-12-07 15:55:00,United Kingdom,499.02,22,731,4,5,5,14,Active
16718,3647.53,5,2010-12-05 13:03:00,2009-12-06 13:07:00,United Kingdom,729.51,368,732,2,4,5,11,Lapsed
16719,3973.3,14,2011-11-25 09:27:00,2009-12-13 10:59:00,United Kingdom,283.81,13,725,5,5,5,15,Active
16720,795.48,3,2011-11-13 16:22:00,2009-12-17 17:54:00,United Kingdom,265.16,25,721,4,3,3,10,Active
16721,292.47,1,2011-03-22 16:08:00,2011-03-22 16:08:00,United Kingdom,292.47,261,261,2,1,2,5,Lapsed
16722,8989.08,22,2011-11-22 13:28:00,2009-12-03 19:23:00,United Kingdom,408.59,16,735,5,5,5,15,Active
16723,1301.63,4,2011-09-09 13:01:00,2009-12-04 13:23:00,United Kingdom,325.41,90,734,3,3,4,10,Active
16724,147.35,1,2010-10-31 11:40:00,2010-10-31 11:40:00,United Kingdom,147.35,403,403,2,1,1,4,Lapsed
16725,1882.11,14,2011-02-10 16:52:00,2009-12-13 15:54:00,United Kingdom,134.44,301,725,2,5,4,11,Lapsed
16726,2088.41,7,2011-11-13 14:53:00,2010-10-24 16:09:00,United Kingdom,298.34,25,410,4,4,4,12,Active
16727,1437.42,4,2010-12-10 13:48:00,2010-01-20 10:48:00,United Kingdom,359.36,363,687,2,3,4,9,Lapsed
16728,1054.67,4,2011-10-24 14:36:00,2011-03-20 13:28:00,United Kingdom,263.67,45,263,4,3,3,10,Active
16729,7239.92,21,2011-11-01 14:29:00,2011-04-12 14:22:00,United Kingdom,344.76,37,240,4,5,5,14,Active
16730,743.11,3,2011-10-18 14:11:00,2011-01-24 14:01:00,United Kingdom,247.7,51,318,4,3,3,10,Active
16731,174.05,1,2010-03-01 15:05:00,2010-03-01 15:05:00,United Kingdom,174.05,647,647,1,1,1,3,Lapsed
16732,4387.64,4,2011-11-08 09:54:00,2009-12-08 13:04:00,United Kingdom,1096.91,30,730,4,3,5,12,Active
16733,259.68,1,2010-06-28 10:12:00,2010-06-28 10:12:00,United Kingdom,259.68,528,528,1,1,1,3,Lapsed
16734,650.51,3,2011-10-18 13:44:00,2011-08-17 15:00:00,United Kingdom,216.84,51,113,4,3,3,10,Active
16735,6270.56,14,2011-09-22 11:49:00,2009-12-08 09:24:00,United Kingdom,447.9,77,730,3,5,5,13,Active
16736,2956.56,5,2010-07-22 10:09:00,2009-12-03 16:12:00,United Kingdom,591.31,504,735,1,4,4,9,Lapsed
16737,835.2,2,2011-10-17 13:03:00,2010-05-11 09:53:00,United Kingdom,417.6,52,576,4,2,3,9,Active
16738,3.75,1,2011-02-15 09:46:00,2011-02-15 09:46:00,United Kingdom,3.75,296,296,2,1,1,4,Lapsed
16739,786.43,2,2011-06-16 09:17:00,2010-06-21 09:38:00,United Kingdom,393.22,175,535,3,2,3,8,At Risk
16740,236.81,1,2010-11-09 13:34:00,2010-11-09 13:34:00,United Kingdom,236.81,394,394,2,1,1,4,Lapsed
16741,173.06,1,2010-03-24 15:15:00,2010-03-24 15:15:00,United Kingdom,173.06,624,624,1,1,1,3,Lapsed
16742,2852.61,14,2011-10-24 12:02:00,2009-12-16 17:22:00,United Kingdom,203.76,45,722,4,5,4,13,Active
16743,4253.26,14,2011-11-10 13:13:00,2010-04-22 13:21:00,United Kingdom,303.8,28,595,4,5,5,14,Active
16744,1304.76,7,2011-11-28 13:06:00,2011-06-19 15:13:00,United Kingdom,186.39,10,172,5,4,4,13,Active
16745,7194.3,17,2011-09-14 11:58:00,2011-02-01 11:31:00,United Kingdom,423.19,85,310,3,5,5,13,Active
16746,18066.4,42,2011-12-05 12:33:00,2009-12-04 13:00:00,United Kingdom,430.15,3,734,5,5,5,15,Active
16747,836.06,2,2011-11-02 11:37:00,2011-10-03 10:18:00,United Kingdom,418.03,36,66,4,2,3,9,Active
16748,3637.33,14,2011-11-22 10:17:00,2009-12-10 12:28:00,United Kingdom,259.81,16,728,5,5,5,15,Active
16749,4387.08,2,2010-04-27 13:06:00,2009-12-15 14:05:00,United Kingdom,2193.54,590,723,1,2,5,8,Lapsed
16750,623.93,5,2011-10-26 12:48:00,2011-04-21 16:53:00,United Kingdom,124.79,43,231,4,4,3,11,Active
16751,1764.72,1,2011-11-09 10:48:00,2011-11-09 10:48:00,United Kingdom,1764.72,29,29,4,1,4,9,New
16752,415.0,1,2010-12-02 12:18:00,2010-12-02 12:18:00,United Kingdom,415.0,371,371,2,1,2,5,Lapsed
16753,223.92,1,2011-10-12 13:14:00,2011-10-12 13:14:00,United Kingdom,223.92,57,57,4,1,1,6,Active
16754,67502.47,29,2010-12-02 17:38:00,2010-03-08 11:32:00,United Kingdom,2327.67,371,640,2,5,5,12,Lapsed
16755,2900.58,7,2011-08-17 13:21:00,2009-12-09 14:25:00,United Kingdom,414.37,113,729,3,4,4,11,At Risk
16756,1312.37,7,2011-05-09 09:33:00,2010-03-09 15:56:00,United Kingdom,187.48,213,639,2,4,4,10,Lapsed
16757,270.48,2,2011-01-25 11:59:00,2010-10-26 15:09:00,United Kingdom,135.24,317,408,2,2,1,5,Lapsed
16758,369.34,1,2011-10-05 14:47:00,2011-10-05 14:47:00,United Kingdom,369.34,64,64,3,1,2,6,Active
16759,789.79,3,2011-12-02 12:42:00,2011-11-09 09:06:00,United Kingdom,263.26,6,29,5,3,3,11,Active
16760,228.0,1,2010-10-05 15:55:00,2010-10-05 15:55:00,United Kingdom,228.0,429,429,1,1,1,3,Lapsed
16761,316.62,1,2011-09-04 11:15:00,2011-09-04 11:15:00,United Kingdom,316.62,95,95,3,1,2,6,At Risk
16762,1501.38,3,2011-11-20 11:43:00,2011-07-18 12:52:00,United Kingdom,500.46,18,143,4,3,4,11,Active
16763,964.7,2,2011-05-25 11:52:00,2009-12-01 15:26:00,United Kingdom,482.35,197,737,2,2,3,7,Lapsed
16764,2799.25,13,2011-12-06 11:41:00,2011-07-19 17:17:00,United Kingdom,215.33,2,142,5,5,4,14,Active
16765,454.75,2,2011-02-18 15:41:00,2010-11-22 13:42:00,United Kingdom,227.38,293,381,2,2,2,6,Lapsed
16766,1145.6,2,2011-03-11 15:22:00,2011-03-11 13:34:00,United Kingdom,572.8,272,272,2,2,3,7,Lapsed
16767,8073.8,15,2011-11-09 09:42:00,2010-04-28 16:49:00,United Kingdom,538.25,29,589,4,5,5,14,Active
16768,1708.12,9,2011-10-23 10:38:00,2009-12-07 11:47:00,United Kingdom,189.79,46,731,4,5,4,13,Active
16769,1141.75,4,2011-03-24 13:41:00,2009-12-14 11:10:00,United Kingdom,285.44,259,724,2,3,3,8,Lapsed
16770,1932.13,9,2011-10-13 12:21:00,2010-08-22 16:08:00,United Kingdom,214.68,56,473,4,5,4,13,Active
16771,3967.6,10,2011-11-06 13:28:00,2009-12-09 11:52:00,United Kingdom,396.76,32,729,4,5,5,14,Active
16772,3723.55,3,2010-10-12 13:19:00,2009-12-18 10:50:00,United Kingdom,1241.18,422,720,1,3,5,9,Lapsed
16773,421.24,3,2011-10-13 14:37:00,2009-12-06 15:01:00,United Kingdom,140.41,56,732,4,3,2,9,Active
16774,1594.45,8,2011-10-03 12:41:00,2010-02-16 16:53:00,United Kingdom,199.31,66,660,3,4,4,11,Active
16775,3056.89,16,2011-11-29 15:22:00,2010-09-23 17:34:00,United Kingdom,191.06,9,441,5,5,5,15,Active
16776,619.85,2,2011-10-10 13:04:00,2010-10-20 12:13:00,United Kingdom,309.92,59,414,3,2,3,8,Active
16777,1307.76,5,2011-09-20 13:41:00,2010-03-17 12:42:00,United Kingdom,261.55,79,631,3,4,4,11,Active
16778,245.94,2,2011-09-26 13:48:00,2011-03-10 15:21:00,United Kingdom,122.97,73,273,3,2,1,6,Active
16779,33268.24,53,2011-12-07 14:54:00,2009-12-03 13:03:00,United Kingdom,627.7,1,735,5,5,5,15,Active
16780,605.55,3,2011-08-31 16:09:00,2010-10-28 19:41:00,United Kingdom,201.85,99,406,3,3,2,8,At Risk
16781,934.25,2,2010-12-02 14:26:00,2010-02-08 13:56:00,United Kingdom,467.12,371,668,2,2,3,7,Lapsed
16782,10438.41,38,2011-11-29 13:20:00,2009-12-09 11:58:00,United Kingdom,274.7,9,729,5,5,5,15,Active
16783,391.95,1,2010-09-29 11:53:00,2010-09-29 11:53:00,United Kingdom,391.95,435,435,1,1,2,4,Lapsed
16784,896.53,5,2011-11-20 12:20:00,2010-03-28 12:55:00,United Kingdom,179.31,18,620,4,4,3,11,Active
16785,533.78,1,2010-10-26 10:36:00,2010-10-26 10:36:00,United Kingdom,533.78,408,408,2,1,2,5,Lapsed
16786,51.84,1,2010-11-11 08:25:00,2010-11-11 08:25:00,United Kingdom,51.84,392,392,2,1,1,4,Lapsed
16787,1035.43,4,2010-11-07 11:01:00,2010-01-10 11:12:00,United Kingdom,258.86,396,697,2,3,3,8,Lapsed
16788,1950.3,5,2011-08-08 14:53:00,2010-02-07 12:40:00,United Kingdom,390.06,122,669,3,4,4,11,At Risk
16789,80.8,1,2011-12-01 15:12:00,2011-12-01 15:12:00,United Kingdom,80.8,7,7,5,1,1,7,New
16790,1545.62,6,2011-12-06 11:53:00,2011-11-02 11:23:00,United Kingdom,257.6,2,36,5,4,4,13,Active
16791,4038.69,15,2011-11-10 19:12:00,2009-12-03 18:08:00,United Kingdom,269.25,28,735,4,5,5,14,Active
16792,623.46,5,2011-03-02 14:41:00,2010-01-04 13:47:00,United Kingdom,124.69,281,703,2,4,3,9,Lapsed
16793,243.84,1,2011-10-13 15:08:00,2011-10-13 15:08:00,United Kingdom,243.84,56,56,4,1,1,6,Active
16794,2090.91,15,2011-12-08 17:54:00,2010-03-25 15:17:00,United Kingdom,139.39,0,623,5,5,4,14,Active
16795,2492.39,3,2010-12-09 14:08:00,2010-01-25 13:14:00,United Kingdom,830.8,364,682,2,3,4,9,Lapsed
16796,305.62,1,2011-09-11 14:01:00,2011-09-11 14:01:00,United Kingdom,305.62,88,88,3,1,2,6,Active
16797,1827.77,5,2010-11-11 19:14:00,2009-12-02 13:33:00,United Kingdom,365.55,392,736,2,4,4,10,Lapsed
16798,848.71,3,2010-06-03 19:01:00,2009-12-10 19:35:00,United Kingdom,282.9,553,728,1,3,3,7,Lapsed
16799,495.98,2,2010-10-03 14:28:00,2010-09-12 12:46:00,United Kingdom,247.99,431,452,1,2,2,5,Lapsed
16800,1201.49,1,2011-11-28 14:06:00,2011-11-28 14:06:00,United Kingdom,1201.49,10,10,5,1,3,9,New
16801,1619.73,4,2011-06-29 15:33:00,2011-03-11 13:56:00,United Kingdom,404.93,162,272,3,3,4,10,At Risk
16802,582.61,2,2010-01-29 13:44:00,2009-12-09 13:00:00,United Kingdom,291.3,678,729,1,2,2,5,Lapsed
16803,332.3,1,2011-10-05 14:28:00,2011-10-05 14:28:00,United Kingdom,332.3,64,64,3,1,2,6,Active
16804,536.99,3,2011-11-16 16:43:00,2011-03-14 15:48:00,United Kingdom,179.0,22,269,4,3,2,9,Active
16805,1097.24,5,2011-06-19 11:23:00,2009-12-08 14:29:00,United Kingdom,219.45,172,730,3,4,3,10,At Risk
16806,801.49,4,2011-08-28 15:27:00,2011-04-14 19:59:00,United Kingdom,200.37,102,238,3,3,3,9,At Risk
16807,2123.88,6,2011-07-20 12:00:00,2010-03-26 14:38:00,United Kingdom,353.98,141,622,3,4,4,11,At Risk
16808,288.42,2,2011-09-01 19:34:00,2011-03-10 19:05:00,United Kingdom,144.21,98,273,3,2,1,6,At Risk
16809,1727.43,9,2011-11-16 15:45:00,2010-04-13 15:34:00,United Kingdom,191.94,22,604,4,5,4,13,Active
16810,842.04,2,2011-05-31 15:32:00,2010-10-15 15:32:00,United Kingdom,421.02,191,419,2,2,3,7,Lapsed
16811,547.07,2,2011-12-05 11:39:00,2011-11-22 17:19:00,United Kingdom,273.54,3,16,5,2,2,9,Active
16812,2392.0,4,2010-12-14 12:35:00,2010-11-22 14:36:00,United Kingdom,598.0,359,381,2,3,4,9,Lapsed
16813,1692.98,10,2011-12-01 14:03:00,2011-05-19 13:28:00,United Kingdom,169.3,7,203,5,5,4,14,Active
16814,12499.71,36,2011-11-25 13:27:00,2010-04-11 12:45:00,United Kingdom,347.21,13,606,5,5,5,15,Active
16815,410.97,2,2010-09-12 10:59:00,2010-06-21 12:05:00,United Kingdom,205.48,452,535,1,2,2,5,Lapsed
16816,417.06,4,2011-08-28 14:16:00,2010-12-16 17:01:00,United Kingdom,104.26,102,357,3,3,2,8,At Risk
16817,2804.9,13,2011-12-07 11:03:00,2010-10-04 09:06:00,United Kingdom,215.76,1,430,5,5,4,14,Active
16818,3349.57,11,2011-11-29 10:41:00,2011-05-18 11:42:00,United Kingdom,304.51,9,204,5,5,5,15,Active
16819,182.59,2,2010-08-31 17:37:00,2010-08-31 17:31:00,United Kingdom,91.3,464,464,1,2,1,4,Lapsed
16820,497.61,1,2011-09-05 12:06:00,2011-09-05 12:06:00,United Kingdom,497.61,94,94,3,1,2,6,At Risk
16821,113.35,1,2010-11-23 10:04:00,2010-11-23 10:04:00,United Kingdom,113.35,380,380,2,1,1,4,Lapsed
16822,181.39,1,2010-01-22 14:22:00,2010-01-22 14:22:00,United Kingdom,181.39,685,685,1,1,1,3,Lapsed
16823,2260.09,7,2011-04-26 15:00:00,2009-12-02 09:57:00,United Kingdom,322.87,226,736,2,4,4,10,Lapsed
16824,686.24,3,2011-11-24 12:38:00,2010-11-11 12:21:00,United Kingdom,228.75,14,392,5,3,3,11,Active
16825,1826.89,5,2011-11-01 11:51:00,2010-06-23 13:14:00,United Kingdom,365.38,37,533,4,4,4,12,Active
16826,341.7,1,2011-10-19 14:05:00,2011-10-19 14:05:00,United Kingdom,341.7,50,50,4,1,2,7,Active
16827,392.13,5,2010-11-11 14:04:00,2010-04-29 19:07:00,United Kingdom,78.43,392,588,2,4,2,8,Lapsed
16828,128.5,2,2011-09-07 15:10:00,2011-08-19 13:24:00,United Kingdom,64.25,92,111,3,2,1,6,At Risk
16829,513.32,2,2011-07-06 10:48:00,2010-11-16 18:11:00,United Kingdom,256.66,155,387,3,2,2,7,At Risk
16830,1207.5,4,2011-11-01 11:35:00,2009-12-13 12:11:00,United Kingdom,301.88,37,725,4,3,3,10,Active
16831,91.8,1,2010-05-24 09:08:00,2010-05-24 09:08:00,United Kingdom,91.8,563,563,1,1,1,3,Lapsed
16832,417.61,5,2011-06-08 15:36:00,2010-09-07 12:35:00,United Kingdom,83.52,183,457,3,4,2,9,Lapsed
16833,2409.04,6,2011-12-08 14:39:00,2010-03-26 15:31:00,United Kingdom,401.51,0,622,5,4,4,13,Active
16834,898.96,2,2011-04-26 09:37:00,2010-02-03 14:24:00,United Kingdom,449.48,226,673,2,2,3,7,Lapsed
16835,1538.41,6,2011-08-03 13:50:00,2010-05-19 08:41:00,United Kingdom,256.4,127,568,3,4,4,11,At Risk
16836,782.37,4,2011-10-31 10:05:00,2010-05-14 12:52:00,United Kingdom,195.59,38,573,4,3,3,10,Active
16837,3170.98,11,2011-11-08 14:27:00,2011-04-08 08:48:00,United Kingdom,288.27,30,244,4,5,5,14,Active
16838,1159.61,4,2011-05-26 13:13:00,2010-02-14 15:27:00,United Kingdom,289.9,196,662,2,3,3,8,Lapsed
16839,22310.49,44,2011-12-01 09:03:00,2010-02-11 15:02:00,United Kingdom,507.06,7,665,5,5,5,15,Active
16840,139.85,2,2010-04-15 15:48:00,2010-02-03 12:42:00,United Kingdom,69.92,602,673,1,2,1,4,Lapsed
16841,4006.06,12,2011-11-03 11:51:00,2010-01-12 11:32:00,United Kingdom,333.84,35,695,4,5,5,14,Active
16842,1264.19,3,2011-08-31 10:42:00,2011-02-10 14:51:00,United Kingdom,421.4,99,301,3,3,4,10,At Risk
16843,19571.43,35,2011-10-28 09:06:00,2009-12-10 11:40:00,United Kingdom,559.18,41,728,4,5,5,14,Active
16844,614.34,2,2010-05-26 10:29:00,2010-05-06 09:16:00,United Kingdom,307.17,561,581,1,2,2,5,Lapsed
16845,253.88,1,2010-03-31 13:09:00,2010-03-31 13:09:00,United Kingdom,253.88,617,617,1,1,1,3,Lapsed
16846,842.41,3,2011-10-20 13:55:00,2010-03-10 12:03:00,United Kingdom,280.8,49,638,4,3,3,10,Active
16847,614.89,2,2011-10-27 13:29:00,2010-03-31 13:32:00,United Kingdom,307.44,42,617,4,2,2,8,Active
16848,1411.62,4,2011-10-18 08:42:00,2010-10-03 11:01:00,United Kingdom,352.9,51,431,4,3,4,11,Active
16849,124.57,1,2011-06-06 09:16:00,2011-06-06 09:16:00,United Kingdom,124.57,185,185,3,1,1,5,Lapsed
16850,332.41,1,2011-01-10 11:09:00,2011-01-10 11:09:00,United Kingdom,332.41,332,332,2,1,2,5,Lapsed
16851,342.45,3,2011-12-05 13:32:00,2011-10-19 09:48:00,United Kingdom,114.15,3,50,5,3,2,10,Active
16852,144.91,2,2011-11-29 13:22:00,2011-06-16 15:49:00,United Kingdom,72.46,9,175,5,2,1,8,Active
16854,1408.96,2,2010-10-18 16:31:00,2010-03-09 14:32:00,United Kingdom,704.48,416,639,1,2,4,7,Lapsed
16855,328.4,2,2011-11-16 12:03:00,2011-10-27 16:31:00,United Kingdom,164.2,22,42,4,2,2,8,Active
16856,358.49,3,2011-11-25 08:59:00,2010-09-23 13:11:00,United Kingdom,119.5,13,441,5,3,2,10,Active
16857,352.8,1,2010-09-23 10:49:00,2010-09-23 10:49:00,United Kingdom,352.8,441,441,1,1,2,4,Lapsed
16858,4668.28,10,2010-12-06 09:52:00,2009-12-15 11:09:00,United Kingdom,466.83,367,723,2,5,5,12,Lapsed
16859,1932.41,7,2011-07-18 12:19:00,2010-03-04 12:37:00,United Kingdom,276.06,143,644,3,4,4,11,At Risk
16860,1610.62,3,2010-09-13 10:05:00,2010-02-15 13:46:00,United Kingdom,536.87,451,661,1,3,4,8,Lapsed
16861,946.59,5,2011-10-11 09:05:00,2010-07-19 11:44:00,United Kingdom,189.32,58,507,3,4,3,10,Active
16862,662.33,4,2010-06-10 13:05:00,2010-01-07 12:57:00,United Kingdom,165.58,546,700,1,3,3,7,Lapsed
16863,998.52,3,2011-11-08 15:26:00,2010-10-26 10:03:00,United Kingdom,332.84,30,408,4,3,3,10,Active
16864,409.25,2,2010-10-01 16:16:00,2010-04-20 11:56:00,United Kingdom,204.62,433,597,1,2,2,5,Lapsed
16865,130.95,1,2010-11-03 11:34:00,2010-11-03 11:34:00,United Kingdom,130.95,400,400,2,1,1,4,Lapsed
16866,207.74,3,2011-07-22 10:06:00,2011-07-01 12:34:00,United Kingdom,69.25,139,160,3,3,1,7,At Risk
16867,76.74,1,2010-01-19 09:11:00,2010-01-19 09:11:00,United Kingdom,76.74,688,688,1,1,1,3,Lapsed
16868,393.39,3,2010-11-10 13:17:00,2010-04-25 11:31:00,United Kingdom,131.13,393,592,2,3,2,7,Lapsed
16869,825.42,4,2011-11-17 12:02:00,2011-06-17 13:01:00,United Kingdom,206.36,21,174,4,3,3,10,Active
16870,450.16,1,2010-08-27 13:53:00,2010-08-27 13:53:00,United Kingdom,450.16,468,468,1,1,2,4,Lapsed
16871,2812.34,6,2011-11-17 19:27:00,2011-03-14 10:31:00,United Kingdom,468.72,21,269,4,4,4,12,Active
16872,1213.13,6,2011-09-23 16:05:00,2010-09-02 17:36:00,United Kingdom,202.19,76,462,3,4,3,10,Active
16873,14617.39,12,2011-12-05 12:05:00,2010-02-09 14:17:00,United Kingdom,1218.12,3,667,5,5,5,15,Active
16874,217.74,1,2010-11-25 13:08:00,2010-11-25 13:08:00,United Kingdom,217.74,378,378,2,1,1,4,Lapsed
16875,4234.53,11,2011-10-03 13:39:00,2010-01-05 09:16:00,United Kingdom,384.96,66,702,3,5,5,13,Active
16876,136.01,1,2010-11-01 11:59:00,2010-11-01 11:59:00,United Kingdom,136.01,402,402,2,1,1,4,Lapsed
16877,853.72,6,2011-11-27 13:47:00,2011-05-15 16:13:00,United Kingdom,142.29,11,207,5,4,3,12,Active
16878,13.3,1,2011-09-16 17:39:00,2011-09-16 17:39:00,United Kingdom,13.3,83,83,3,1,1,5,Active
16880,1840.86,8,2011-11-09 11:33:00,2010-08-03 13:54:00,United Kingdom,230.11,29,492,4,4,4,12,Active
16881,432.0,1,2011-10-04 10:33:00,2011-10-04 10:33:00,United Kingdom,432.0,65,65,3,1,2,6,Active
16882,705.12,3,2011-10-04 10:42:00,2011-01-26 17:43:00,United Kingdom,235.04,65,316,3,3,3,9,Active
16883,2396.59,19,2011-06-05 12:51:00,2009-12-04 12:07:00,United Kingdom,126.14,186,734,3,5,4,12,Lapsed
16884,1073.92,4,2011-11-02 11:52:00,2010-05-18 12:00:00,United Kingdom,268.48,36,569,4,3,3,10,Active
16885,710.74,4,2011-11-24 13:40:00,2010-11-19 12:51:00,United Kingdom,177.68,14,384,5,3,3,11,Active
16886,134.0,1,2010-09-09 15:08:00,2010-09-09 15:08:00,United Kingdom,134.0,455,455,1,1,1,3,Lapsed
16887,660.72,3,2011-11-04 14:07:00,2009-12-01 13:41:00,United Kingdom,220.24,34,737,4,3,3,10,Active
16888,437.15,3,2010-11-04 12:39:00,2010-01-07 13:07:00,United Kingdom,145.72,399,700,2,3,2,7,Lapsed
16889,2530.9,6,2011-05-29 11:05:00,2010-05-23 10:46:00,United Kingdom,421.82,193,564,2,4,4,10,Lapsed
16890,285.41,3,2010-08-20 11:23:00,2010-05-06 16:27:00,United Kingdom,95.14,475,581,1,3,1,5,Lapsed
16891,2056.82,11,2011-12-08 11:15:00,2009-12-04 12:37:00,United Kingdom,186.98,0,734,5,5,4,14,Active
16892,762.1,7,2011-12-08 13:18:00,2009-12-08 14:20:00,United Kingdom,108.87,0,730,5,4,3,12,Active
16893,401.77,2,2010-12-08 12:06:00,2010-11-28 15:14:00,United Kingdom,200.88,365,375,2,2,2,6,Lapsed
16894,1324.06,3,2010-07-25 15:43:00,2010-06-22 14:21:00,United Kingdom,441.35,501,534,1,3,4,8,Lapsed
16895,1121.42,5,2011-10-06 12:15:00,2010-02-12 11:07:00,United Kingdom,224.28,63,664,3,4,3,10,Active
16896,103.95,1,2010-06-02 15:40:00,2010-06-02 15:40:00,United Kingdom,103.95,554,554,1,1,1,3,Lapsed
16897,289.78,2,2011-02-13 15:02:00,2011-01-30 11:52:00,United Kingdom,144.89,298,312,2,2,1,5,Lapsed
16898,1016.37,5,2011-11-13 15:44:00,2010-05-12 12:18:00,United Kingdom,203.27,25,575,4,4,3,11,Active
16899,1721.02,8,2011-12-02 12:03:00,2010-11-07 15:00:00,United Kingdom,215.13,6,396,5,4,4,13,Active
16900,887.11,3,2011-11-23 10:32:00,2011-10-07 13:17:00,United Kingdom,295.7,15,62,5,3,3,11,Active
16901,204.26,1,2009-12-10 16:30:00,2009-12-10 16:30:00,United Kingdom,204.26,728,728,1,1,1,3,Lapsed
16902,1706.88,1,2011-08-15 14:17:00,2011-08-15 14:17:00,United Kingdom,1706.88,115,115,3,1,4,8,At Risk
16903,1062.28,3,2011-11-10 15:32:00,2010-10-20 14:42:00,United Kingdom,354.09,28,414,4,3,3,10,Active
16904,5132.37,21,2011-12-05 13:10:00,2010-10-24 16:03:00,United Kingdom,244.4,3,410,5,5,5,15,Active
16905,5034.15,17,2011-12-04 14:01:00,2009-12-10 20:04:00,United Kingdom,296.13,4,728,5,5,5,15,Active
16906,1448.8,7,2011-09-19 11:49:00,2010-05-13 13:23:00,United Kingdom,206.97,80,574,3,4,4,11,Active
16907,1707.9,9,2011-11-10 18:04:00,2010-07-01 17:30:00,United Kingdom,189.77,28,525,4,5,4,13,Active
16908,252.59,1,2009-12-17 13:35:00,2009-12-17 13:35:00,United Kingdom,252.59,721,721,1,1,1,3,Lapsed
16909,379.14,1,2011-09-28 16:45:00,2011-09-28 16:45:00,United Kingdom,379.14,71,71,3,1,2,6,Active
16910,1510.06,8,2011-12-05 12:51:00,2011-09-09 14:14:00,United Kingdom,188.76,3,90,5,4,4,13,Active
16911,255.25,2,2010-03-14 12:18:00,2010-02-16 16:12:00,United Kingdom,127.62,634,660,1,2,1,4,Lapsed
16912,4480.31,15,2011-11-11 12:18:00,2009-12-09 12:32:00,United Kingdom,298.69,27,729,4,5,5,14,Active
16913,423.91,3,2011-02-22 12:56:00,2010-02-26 12:06:00,United Kingdom,141.3,289,650,2,3,2,7,Lapsed
16914,208.46,1,2011-11-03 15:27:00,2011-11-03 15:27:00,United Kingdom,208.46,35,35,4,1,1,6,Active
16915,1543.18,11,2011-11-30 16:39:00,2010-05-19 13:32:00,United Kingdom,140.29,8,568,5,5,4,14,Active
16916,1123.4,4,2011-11-16 12:08:00,2010-10-20 12:56:00,United Kingdom,280.85,22,414,4,3,3,10,Active
16917,1857.83,2,2011-03-08 11:55:00,2010-03-17 15:24:00,United Kingdom,928.92,275,631,2,2,4,8,Lapsed
16918,3213.29,16,2011-10-21 12:50:00,2009-12-03 12:27:00,United Kingdom,200.83,48,735,4,5,5,14,Active
16919,5125.91,24,2011-07-06 13:35:00,2010-08-19 15:28:00,United Kingdom,213.58,155,476,3,5,5,13,At Risk
16920,355.45,1,2010-10-24 14:07:00,2010-10-24 14:07:00,United Kingdom,355.45,410,410,1,1,2,4,Lapsed
16921,446.67,3,2011-10-09 16:22:00,2010-04-18 15:34:00,United Kingdom,148.89,60,599,3,3,2,8,Active
16922,611.08,1,2010-05-16 11:24:00,2010-05-16 11:24:00,United Kingdom,611.08,571,571,1,1,2,4,Lapsed
16923,13378.36,32,2011-11-27 13:00:00,2010-01-31 11:14:00,United Kingdom,418.07,11,676,5,5,5,15,Active
16924,846.75,3,2011-11-18 12:53:00,2011-09-16 12:54:00,United Kingdom,282.25,20,83,4,3,3,10,Active
16925,125.65,1,2010-06-17 15:03:00,2010-06-17 15:03:00,United Kingdom,125.65,539,539,1,1,1,3,Lapsed
16926,1421.35,5,2010-12-03 13:42:00,2010-07-01 12:57:00,United Kingdom,284.27,370,525,2,4,4,10,Lapsed
16927,543.05,3,2011-08-16 11:10:00,2010-12-13 11:57:00,United Kingdom,181.02,114,360,3,3,2,8,At Risk
16928,4113.23,29,2011-09-20 15:10:00,2010-02-03 12:30:00,United Kingdom,141.84,79,673,3,5,5,13,Active
16929,1295.39,7,2011-12-06 08:37:00,2011-07-07 12:39:00,United Kingdom,185.06,2,154,5,4,4,13,Active
16930,380.55,3,2011-11-13 16:13:00,2011-10-02 14:25:00,United Kingdom,126.85,25,67,4,3,2,9,Active
16931,5233.62,23,2011-12-04 13:15:00,2010-11-07 13:24:00,United Kingdom,227.55,4,396,5,5,5,15,Active
16932,440.71,3,2011-10-17 14:12:00,2010-05-17 14:15:00,United Kingdom,146.9,52,570,4,3,2,9,Active
16933,3181.25,9,2011-12-08 12:54:00,2009-12-09 15:03:00,United Kingdom,353.47,0,729,5,5,5,15,Active
16934,2110.99,6,2011-10-16 12:40:00,2010-03-28 12:43:00,United Kingdom,351.83,53,620,4,4,4,12,Active
16935,535.1,3,2010-11-23 09:16:00,2010-10-14 13:09:00,United Kingdom,178.37,380,420,2,3,2,7,Lapsed
16936,551.17,2,2011-11-14 11:04:00,2010-11-19 11:54:00,United Kingdom,275.58,24,384,4,2,2,8,Active
16937,202.1,1,2010-07-28 17:56:00,2010-07-28 17:56:00,United Kingdom,202.1,498,498,1,1,1,3,Lapsed
16938,7043.18,9,2011-12-01 10:20:00,2010-02-17 14:47:00,United Kingdom,782.58,7,659,5,5,5,15,Active
16939,449.0,3,2010-08-08 12:24:00,2010-02-28 13:33:00,United Kingdom,149.67,487,648,1,3,2,6,Lapsed
16940,6427.66,8,2011-10-18 13:15:00,2009-12-08 13:08:00,United Kingdom,803.46,51,730,4,4,5,13,Active
16941,33.0,1,2010-04-07 11:13:00,2010-04-07 11:13:00,United Kingdom,33.0,610,610,1,1,1,3,Lapsed
16942,1920.59,9,2011-11-27 12:40:00,2011-04-26 11:59:00,United Kingdom,213.4,11,226,5,5,4,14,Active
16943,1299.49,5,2011-05-12 11:57:00,2010-03-25 13:34:00,United Kingdom,259.9,210,623,2,4,4,10,Lapsed
16944,101.36,1,2010-04-09 11:03:00,2010-04-09 11:03:00,United Kingdom,101.36,608,608,1,1,1,3,Lapsed
16945,8548.16,33,2011-11-18 11:39:00,2009-12-09 11:33:00,United Kingdom,259.04,20,729,4,5,5,14,Active
16946,1222.04,5,2010-11-21 14:06:00,2010-03-02 10:49:00,United Kingdom,244.41,382,646,2,4,3,9,Lapsed
16947,955.21,5,2011-04-18 09:38:00,2010-03-03 10:54:00,United Kingdom,191.04,234,645,2,4,3,9,Lapsed
16948,868.77,7,2011-07-24 12:46:00,2010-02-21 13:48:00,United Kingdom,124.11,137,655,3,4,3,10,At Risk
16949,1286.27,6,2011-12-06 11:07:00,2011-01-27 12:11:00,United Kingdom,214.38,2,315,5,4,4,13,Active
16950,3784.37,10,2011-10-14 09:06:00,2010-01-24 11:26:00,United Kingdom,378.44,55,683,4,5,5,14,Active
16951,1277.75,3,2011-07-28 12:05:00,2011-02-08 14:58:00,United Kingdom,425.92,133,303,3,3,4,10,At Risk
16952,798.78,5,2011-08-22 13:03:00,2009-12-11 13:52:00,United Kingdom,159.76,108,727,3,4,3,10,At Risk
16953,20.8,1,2011-11-09 15:54:00,2011-11-09 15:54:00,United Kingdom,20.8,29,29,4,1,1,6,New
16954,6081.88,20,2011-12-09 09:46:00,2010-01-18 14:49:00,United Kingdom,304.09,-1,689,5,5,5,15,Active
16955,1309.41,6,2011-06-08 10:36:00,2010-01-31 11:38:00,United Kingdom,218.24,183,676,3,4,4,11,Lapsed
16956,308.74,1,2011-11-22 08:56:00,2011-11-22 08:56:00,United Kingdom,308.74,16,16,5,1,2,8,New
16957,416.64,2,2011-04-14 13:56:00,2011-03-03 09:25:00,United Kingdom,208.32,238,280,2,2,2,6,Lapsed
16958,809.44,1,2010-09-30 14:25:00,2010-09-30 14:25:00,United Kingdom,809.44,434,434,1,1,3,5,Lapsed
16959,117.35,1,2011-09-13 15:03:00,2011-09-13 15:03:00,United Kingdom,117.35,86,86,3,1,1,5,Active
16960,2043.43,8,2011-11-01 11:35:00,2010-03-02 13:36:00,United Kingdom,255.43,37,646,4,4,4,12,Active
16961,794.56,3,2011-08-15 13:46:00,2010-06-25 14:36:00,United Kingdom,264.85,115,531,3,3,3,9,At Risk
16962,251.04,1,2010-10-26 11:36:00,2010-10-26 11:36:00,United Kingdom,251.04,408,408,2,1,1,4,Lapsed
16963,110.55,1,2011-06-05 13:48:00,2011-06-05 13:48:00,United Kingdom,110.55,186,186,3,1,1,5,Lapsed
16964,207.85,2,2009-12-06 12:53:00,2009-12-06 12:51:00,United Kingdom,103.92,732,732,1,2,1,4,Lapsed
16965,201.19,1,2011-04-27 12:08:00,2011-04-27 12:08:00,United Kingdom,201.19,225,225,2,1,1,4,Lapsed
16966,2154.97,7,2011-12-01 13:40:00,2011-04-13 14:17:00,United Kingdom,307.85,7,239,5,4,4,13,Active
16967,319.02,1,2011-06-03 14:24:00,2011-06-03 14:24:00,United Kingdom,319.02,188,188,2,1,2,5,Lapsed
16968,439.43,2,2011-12-05 15:02:00,2011-08-24 10:51:00,United Kingdom,219.72,3,106,5,2,2,9,Active
16969,650.41,3,2011-10-31 13:12:00,2011-06-01 12:10:00,United Kingdom,216.8,38,190,4,3,3,10,Active
16970,71.4,1,2010-03-23 13:50:00,2010-03-23 13:50:00,United Kingdom,71.4,625,625,1,1,1,3,Lapsed
16971,357.21,1,2011-11-01 15:06:00,2011-11-01 15:06:00,United Kingdom,357.21,37,37,4,1,2,7,Active
16972,786.25,2,2010-11-22 10:59:00,2010-09-09 11:20:00,United Kingdom,393.12,381,455,2,2,3,7,Lapsed
16973,127.0,1,2010-11-18 13:56:00,2010-11-18 13:56:00,United Kingdom,127.0,385,385,2,1,1,4,Lapsed
16974,365.5,2,2010-07-05 10:18:00,2010-05-24 10:43:00,United Kingdom,182.75,521,563,1,2,2,5,Lapsed
16975,926.12,3,2010-10-12 17:53:00,2010-07-22 11:38:00,United Kingdom,308.71,422,504,1,3,3,7,Lapsed
16976,251.52,1,2011-03-17 16:33:00,2011-03-17 16:33:00,United Kingdom,251.52,266,266,2,1,1,4,Lapsed
16977,496.0,4,2010-11-09 13:17:00,2010-03-18 11:06:00,United Kingdom,124.0,394,630,2,3,2,7,Lapsed
16978,768.88,3,2011-09-23 12:50:00,2010-02-11 16:27:00,United Kingdom,256.29,76,665,3,3,3,9,Active
16979,2859.74,9,2011-12-06 12:21:00,2010-09-15 14:30:00,United Kingdom,317.75,2,449,5,5,4,14,Active
16980,1473.33,3,2011-03-29 16:36:00,2010-10-07 14:05:00,United Kingdom,491.11,254,427,2,3,4,9,Lapsed
16982,384.06,1,2011-10-10 12:28:00,2011-10-10 12:28:00,United Kingdom,384.06,59,59,3,1,2,6,Active
16983,3710.22,11,2011-11-27 12:10:00,2010-09-19 12:38:00,United Kingdom,337.29,11,445,5,5,5,15,Active
16984,10754.8,9,2011-09-12 13:43:00,2010-03-07 15:34:00,United Kingdom,1194.98,87,641,3,5,5,13,Active
16985,10923.16,23,2011-11-22 13:33:00,2009-12-10 13:34:00,United Kingdom,474.92,16,728,5,5,5,15,Active
16986,4888.75,11,2011-11-10 11:55:00,2010-02-04 14:46:00,United Kingdom,444.43,28,672,4,5,5,14,Active
16987,2535.9,11,2011-12-06 17:26:00,2009-12-02 14:34:00,United Kingdom,230.54,2,736,5,5,4,14,Active
16988,382.67,2,2011-12-04 16:02:00,2010-11-25 09:22:00,United Kingdom,191.34,4,378,5,2,2,9,Active
16989,1133.25,6,2011-12-02 16:39:00,2011-07-12 09:11:00,United Kingdom,188.88,6,149,5,4,3,12,Active
16990,344.0,2,2011-05-05 08:30:00,2010-10-13 11:42:00,United Kingdom,172.0,217,421,2,2,2,6,Lapsed
16991,1041.21,1,2010-10-14 14:08:00,2010-10-14 14:08:00,United Kingdom,1041.21,420,420,1,1,3,5,Lapsed
16992,5476.5,13,2011-11-29 11:50:00,2010-02-11 12:36:00,United Kingdom,421.27,9,665,5,5,5,15,Active
16993,1950.95,2,2010-09-02 12:16:00,2010-05-12 13:55:00,United Kingdom,975.48,462,575,1,2,4,7,Lapsed
16996,2123.61,9,2011-11-09 16:43:00,2010-10-18 12:24:00,United Kingdom,235.96,29,416,4,5,4,13,Active
16997,702.0,3,2011-02-24 17:28:00,2011-01-18 11:51:00,United Kingdom,234.0,287,324,2,3,3,8,Lapsed
16998,402.0,5,2011-07-13 09:44:00,2010-09-21 14:39:00,United Kingdom,80.4,148,443,3,4,2,9,At Risk
16999,484.82,2,2011-11-16 13:53:00,2011-09-26 15:43:00,United Kingdom,242.41,22,73,4,2,2,8,Active
17000,406.3,2,2010-11-08 13:35:00,2010-10-27 14:16:00,United Kingdom,203.15,395,407,2,2,2,6,Lapsed
17001,6640.8,19,2011-12-09 09:38:00,2010-03-25 12:41:00,United Kingdom,349.52,-1,623,5,5,5,15,Active
17002,2571.55,7,2011-09-15 12:40:00,2010-03-08 15:46:00,United Kingdom,367.36,84,640,3,4,4,11,Active
17003,830.16,4,2010-11-02 13:15:00,2010-05-10 11:20:00,United Kingdom,207.54,401,577,2,3,3,8,Lapsed
17004,2425.16,4,2011-10-24 14:25:00,2010-10-11 15:43:00,United Kingdom,606.29,45,423,4,3,4,11,Active
17005,742.36,2,2010-08-26 10:57:00,2010-04-30 10:55:00,United Kingdom,371.18,469,587,1,2,3,6,Lapsed
17006,1636.32,8,2011-12-05 12:09:00,2010-03-05 13:33:00,United Kingdom,204.54,3,643,5,4,4,13,Active
17007,1120.1,7,2011-10-20 10:47:00,2010-09-28 13:51:00,United Kingdom,160.01,49,436,4,4,3,11,Active
17008,81.36,1,2010-10-06 15:19:00,2010-10-06 15:19:00,United Kingdom,81.36,428,428,1,1,1,3,Lapsed
17009,242.06,1,2010-06-06 16:01:00,2010-06-06 16:01:00,United Kingdom,242.06,550,550,1,1,1,3,Lapsed
17010,195.36,1,2011-11-21 14:49:00,2011-11-21 14:49:00,United Kingdom,195.36,17,17,5,1,1,7,New
17011,671.7,3,2011-11-09 13:30:00,2010-02-26 09:47:00,United Kingdom,223.9,29,650,4,3,3,10,Active
17012,384.16,1,2009-12-14 17:34:00,2009-12-14 17:34:00,United Kingdom,384.16,724,724,1,1,2,4,Lapsed
17014,586.33,3,2011-12-01 14:09:00,2011-10-04 11:36:00,United Kingdom,195.44,7,65,5,3,2,10,Active
17015,1842.56,3,2011-11-11 10:45:00,2011-06-07 13:19:00,United Kingdom,614.19,27,184,4,3,4,11,Active
17016,552.4,1,2010-05-12 12:32:00,2010-05-12 12:32:00,United Kingdom,552.4,575,575,1,1,2,4,Lapsed
17017,14110.61,29,2011-12-07 09:32:00,2009-12-03 13:22:00,United Kingdom,486.57,1,735,5,5,5,15,Active
17018,2287.7,6,2011-10-30 11:42:00,2009-12-05 10:27:00,United Kingdom,381.28,39,733,4,4,4,12,Active
17019,4012.2,11,2011-11-28 13:06:00,2009-12-02 11:52:00,United Kingdom,364.75,10,736,5,5,5,15,Active
17020,935.62,2,2010-06-15 13:06:00,2010-03-03 12:27:00,United Kingdom,467.81,541,645,1,2,3,6,Lapsed
17021,1182.22,6,2010-09-23 20:01:00,2010-04-29 20:05:00,United Kingdom,197.04,441,588,1,4,3,8,Lapsed
17022,260.0,2,2011-11-08 17:09:00,2010-10-03 10:27:00,United Kingdom,130.0,30,431,4,2,1,7,Active
17023,800.18,3,2010-10-18 15:37:00,2010-01-11 15:09:00,United Kingdom,266.73,416,696,1,3,3,7,Lapsed
17024,95.85,3,2011-10-25 13:47:00,2011-07-05 09:31:00,United Kingdom,31.95,44,156,4,3,1,8,Active
17025,1510.64,5,2011-10-10 09:06:00,2010-03-08 13:37:00,United Kingdom,302.13,59,640,3,4,4,11,Active
17026,208.98,3,2011-06-07 14:28:00,2010-10-18 15:22:00,United Kingdom,69.66,184,416,3,3,1,7,Lapsed
17027,1327.11,9,2011-09-22 12:24:00,2009-12-10 12:10:00,United Kingdom,147.46,77,728,3,5,4,12,Active
17028,1593.83,3,2010-05-07 15:33:00,2009-12-18 14:28:00,United Kingdom,531.28,580,720,1,3,4,8,Lapsed
17029,2137.3,7,2011-08-21 11:06:00,2010-02-14 10:19:00,United Kingdom,305.33,109,662,3,4,4,11,At Risk
17030,146.87,1,2011-10-07 08:49:00,2011-10-07 08:49:00,United Kingdom,146.87,62,62,3,1,1,5,Active
17031,2773.85,6,2011-11-28 10:23:00,2010-05-07 14:52:00,United Kingdom,462.31,10,580,5,4,4,13,Active
17032,3004.6,8,2010-06-10 12:16:00,2009-12-10 15:36:00,United Kingdom,375.58,546,728,1,4,5,10,Lapsed
17033,1332.79,4,2011-09-14 14:34:00,2010-11-07 12:55:00,United Kingdom,333.2,85,396,3,3,4,10,Active
17034,1283.92,5,2011-11-23 15:14:00,2010-07-14 12:55:00,United Kingdom,256.78,15,512,5,4,4,13,Active
17035,613.59,4,2011-04-08 11:23:00,2009-12-03 10:37:00,United Kingdom,153.4,244,735,2,3,2,7,Lapsed
17036,176.9,1,2010-11-21 14:26:00,2010-11-21 14:26:00,United Kingdom,176.9,382,382,2,1,1,4,Lapsed
17037,1267.32,1,2011-09-13 12:49:00,2011-09-13 12:49:00,United Kingdom,1267.32,86,86,3,1,4,8,Active
17038,743.17,2,2011-11-09 13:50:00,2010-10-20 16:04:00,United Kingdom,371.58,29,414,4,2,3,9,Active
17039,1954.99,1,2010-04-14 12:56:00,2010-04-14 12:56:00,United Kingdom,1954.99,603,603,1,1,4,6,Lapsed
17040,463.25,2,2011-07-25 10:19:00,2010-06-07 15:08:00,United Kingdom,231.62,136,549,3,2,2,7,At Risk
17041,1686.28,6,2011-11-13 11:21:00,2010-04-18 14:25:00,United Kingdom,281.05,25,599,4,4,4,12,Active
17042,1044.38,5,2011-12-07 12:26:00,2011-04-06 14:53:00,United Kingdom,208.88,1,246,5,4,3,12,Active
17043,2616.55,8,2011-11-07 15:33:00,2009-12-09 15:20:00,United Kingdom,327.07,31,729,4,4,4,12,Active
17044,11962.3,12,2011-11-14 14:28:00,2009-12-07 12:25:00,United Kingdom,996.86,24,731,4,5,5,14,Active
17045,827.68,5,2011-08-18 17:09:00,2010-10-06 14:52:00,United Kingdom,165.54,112,428,3,4,3,10,At Risk
17046,1906.07,5,2011-07-05 14:24:00,2010-03-29 13:46:00,United Kingdom,381.21,156,619,3,4,4,11,At Risk
17047,2289.23,6,2011-09-15 13:27:00,2009-12-08 08:48:00,United Kingdom,381.54,84,730,3,4,4,11,Active
17048,2071.68,7,2011-08-14 11:49:00,2010-01-18 13:55:00,United Kingdom,295.95,116,689,3,4,4,11,At Risk
17049,9947.48,19,2011-12-07 10:48:00,2010-03-04 10:23:00,United Kingdom,523.55,1,644,5,5,5,15,Active
17050,4691.79,11,2011-09-04 13:48:00,2010-01-26 14:54:00,United Kingdom,426.53,95,681,3,5,5,13,At Risk
17051,714.39,4,2011-05-29 14:13:00,2010-03-21 14:55:00,United Kingdom,178.6,193,627,2,3,3,8,Lapsed
17052,413.75,1,2011-11-11 14:50:00,2011-11-11 14:50:00,United Kingdom,413.75,27,27,4,1,2,7,New
17053,498.48,1,2011-08-01 10:23:00,2011-08-01 10:23:00,United Kingdom,498.48,129,129,3,1,2,6,At Risk
17054,1356.33,5,2011-11-11 12:56:00,2011-04-08 13:14:00,United Kingdom,271.27,27,244,4,4,4,12,Active
17055,239.55,1,2010-09-20 12:21:00,2010-09-20 12:21:00,United Kingdom,239.55,444,444,1,1,1,3,Lapsed
17056,128.6,1,2009-12-01 12:55:00,2009-12-01 12:55:00,United Kingdom,128.6,737,737,1,1,1,3,Lapsed
17057,294.74,1,2010-04-22 19:21:00,2010-04-22 19:21:00,United Kingdom,294.74,595,595,1,1,2,4,Lapsed
17058,1179.89,3,2011-09-19 10:13:00,2011-04-14 09:18:00,United Kingdom,393.3,80,238,3,3,3,9,Active
17059,5602.53,9,2011-11-10 12:27:00,2010-01-26 14:43:00,United Kingdom,622.5,28,681,4,5,5,14,Active
17060,234.24,1,2011-03-18 13:27:00,2011-03-18 13:27:00,United Kingdom,234.24,265,265,2,1,1,4,Lapsed
17061,5232.23,11,2011-09-27 11:24:00,2011-04-21 13:29:00,United Kingdom,475.66,72,231,3,5,5,13,Active
17062,1208.22,6,2011-01-30 11:01:00,2010-09-26 11:57:00,United Kingdom,201.37,312,438,2,4,3,9,Lapsed
17063,3638.53,13,2011-11-18 16:19:00,2009-12-01 12:36:00,United Kingdom,279.89,20,737,4,5,5,14,Active
17064,859.35,3,2011-10-12 10:18:00,2011-01-16 16:10:00,United Kingdom,286.45,57,326,4,3,3,10,Active
17065,194.7,2,2010-03-12 11:41:00,2010-03-12 11:40:00,United Kingdom,97.35,636,636,1,2,1,4,Lapsed
17066,228.34,1,2009-12-13 13:24:00,2009-12-13 13:24:00,United Kingdom,228.34,725,725,1,1,1,3,Lapsed
17067,454.54,3,2009-12-15 08:39:00,2009-12-08 12:03:00,United Kingdom,151.51,723,730,1,3,2,6,Lapsed
17068,9161.08,47,2011-11-27 13:14:00,2010-03-28 14:26:00,United Kingdom,194.92,11,620,5,5,5,15,Active
17069,5794.28,14,2011-11-11 17:13:00,2009-12-03 12:27:00,United Kingdom,413.88,27,735,4,5,5,14,Active
17070,445.32,2,2011-08-17 17:01:00,2010-10-25 15:57:00,United Kingdom,222.66,113,409,3,2,2,7,At Risk
17071,3801.2,13,2011-11-11 16:31:00,2010-01-24 13:05:00,United Kingdom,292.4,27,683,4,5,5,14,Active
17072,282.05,1,2010-03-24 16:33:00,2010-03-24 16:33:00,United Kingdom,282.05,624,624,1,1,1,3,Lapsed
17073,1446.09,4,2011-11-22 11:47:00,2011-08-22 14:37:00,United Kingdom,361.52,16,108,5,3,4,12,Active
17074,203.05,1,2010-05-26 12:04:00,2010-05-26 12:04:00,United Kingdom,203.05,561,561,1,1,1,3,Lapsed
17075,2241.73,10,2011-11-22 11:58:00,2009-12-14 11:24:00,United Kingdom,224.17,16,724,5,5,4,14,Active
17076,1242.75,6,2011-11-03 17:53:00,2009-12-04 12:12:00,United Kingdom,207.12,35,734,4,4,3,11,Active
17077,306.0,1,2010-05-10 16:36:00,2010-05-10 16:36:00,United Kingdom,306.0,577,577,1,1,2,4,Lapsed
17078,378.2,2,2011-11-03 19:17:00,2011-11-03 18:49:00,United Kingdom,189.1,35,35,4,2,2,8,Active
17079,118.8,1,2011-09-22 15:34:00,2011-09-22 15:34:00,United Kingdom,118.8,77,77,3,1,1,5,Active
17080,957.53,7,2011-11-17 12:59:00,2010-07-01 16:03:00,United Kingdom,136.79,21,525,4,4,3,11,Active
17081,964.39,6,2011-11-14 12:56:00,2010-02-22 13:19:00,United Kingdom,160.73,24,654,4,4,3,11,Active
17082,4732.03,6,2011-11-06 15:17:00,2009-12-15 11:25:00,United Kingdom,788.67,32,723,4,4,5,13,Active
17083,4049.79,9,2011-08-22 15:43:00,2010-02-09 11:46:00,United Kingdom,449.98,108,667,3,5,5,13,At Risk
17084,5202.97,3,2011-11-04 14:54:00,2010-11-08 14:20:00,United Kingdom,1734.32,34,395,4,3,5,12,Active
17085,7891.41,28,2011-08-08 14:15:00,2009-12-06 12:16:00,United Kingdom,281.84,122,732,3,5,5,13,At Risk
17086,2050.08,6,2011-12-02 13:54:00,2011-10-07 11:22:00,United Kingdom,341.68,6,62,5,4,4,13,Active
17087,221.53,1,2009-12-02 10:41:00,2009-12-02 10:41:00,United Kingdom,221.53,736,736,1,1,1,3,Lapsed
17088,1991.01,4,2011-11-11 14:23:00,2011-03-31 09:48:00,United Kingdom,497.75,27,252,4,3,4,11,Active
17089,128.45,1,2010-11-18 15:33:00,2010-11-18 15:33:00,United Kingdom,128.45,385,385,2,1,1,4,Lapsed
17090,3149.48,13,2011-12-05 13:44:00,2010-07-19 16:02:00,United Kingdom,242.27,3,507,5,5,5,15,Active
17091,7811.1,19,2011-12-07 10:43:00,2009-12-16 15:45:00,United Kingdom,411.11,1,722,5,5,5,15,Active
17092,5594.96,11,2011-10-20 19:51:00,2010-02-02 16:42:00,United Kingdom,508.63,49,674,4,5,5,14,Active
17093,235.88,1,2010-04-26 10:22:00,2010-04-26 10:22:00,United Kingdom,235.88,591,591,1,1,1,3,Lapsed
17094,402.2,2,2011-01-21 13:09:00,2010-10-12 10:48:00,United Kingdom,201.1,321,422,2,2,2,6,Lapsed
17095,2572.25,7,2011-11-17 12:21:00,2009-12-15 12:32:00,United Kingdom,367.46,21,723,4,4,4,12,Active
17096,3759.18,11,2011-11-24 15:01:00,2010-06-02 14:48:00,United Kingdom,341.74,14,554,5,5,5,15,Active
17097,1340.45,9,2011-12-07 17:05:00,2010-10-05 14:09:00,Spain,148.94,1,429,5,5,4,14,Active
17098,591.07,3,2010-11-23 12:13:00,2010-06-17 10:30:00,United Kingdom,197.02,380,539,2,3,2,7,Lapsed
17099,582.17,1,2010-06-24 16:25:00,2010-06-24 16:25:00,United Kingdom,582.17,532,532,1,1,2,4,Lapsed
17100,971.74,2,2011-11-21 16:36:00,2011-11-21 16:36:00,United Kingdom,485.87,17,17,5,2,3,10,Active
17101,2507.05,7,2011-11-29 13:57:00,2010-06-07 15:12:00,United Kingdom,358.15,9,549,5,4,4,13,Active
17102,25.5,1,2011-03-23 10:08:00,2011-03-23 10:08:00,United Kingdom,25.5,260,260,2,1,1,4,Lapsed
17103,424.3,1,2009-12-17 14:08:00,2009-12-17 14:08:00,United Kingdom,424.3,721,721,1,1,2,4,Lapsed
17104,474.03,1,2010-10-12 12:21:00,2010-10-12 12:21:00,United Kingdom,474.03,422,422,1,1,2,4,Lapsed
17105,665.78,2,2011-07-03 15:53:00,2011-02-06 14:46:00,United Kingdom,332.89,158,305,3,2,3,8,At Risk
17106,491.23,1,2010-11-15 14:11:00,2010-11-15 14:11:00,United Kingdom,491.23,388,388,2,1,2,5,Lapsed
17107,16075.42,10,2011-11-06 14:14:00,2010-01-31 15:47:00,United Kingdom,1607.54,32,676,4,5,5,14,Active
17108,174.95,1,2010-02-14 12:22:00,2010-02-14 12:22:00,United Kingdom,174.95,662,662,1,1,1,3,Lapsed
17109,1295.46,8,2011-11-10 16:59:00,2010-07-30 12:42:00,United Kingdom,161.93,28,496,4,4,4,12,Active
17110,510.7,3,2011-06-27 12:58:00,2010-04-08 13:32:00,United Kingdom,170.23,164,609,3,3,2,8,At Risk
17111,476.58,2,2011-10-23 15:59:00,2010-10-10 15:21:00,United Kingdom,238.29,46,424,4,2,2,8,Active
17112,205.17,1,2010-07-25 11:14:00,2010-07-25 11:14:00,United Kingdom,205.17,501,501,1,1,1,3,Lapsed
17113,2322.59,6,2010-05-14 13:59:00,2010-01-11 10:14:00,United Kingdom,387.1,573,696,1,4,4,9,Lapsed
17114,808.62,8,2011-12-04 12:17:00,2011-01-09 11:39:00,United Kingdom,101.08,4,333,5,4,3,12,Active
17115,2761.49,7,2011-12-01 14:30:00,2009-12-05 12:13:00,United Kingdom,394.5,7,733,5,4,4,13,Active
17116,389.78,1,2010-03-01 16:29:00,2010-03-01 16:29:00,United Kingdom,389.78,647,647,1,1,2,4,Lapsed
17117,116.2,1,2011-02-24 13:54:00,2011-02-24 13:54:00,United Kingdom,116.2,287,287,2,1,1,4,Lapsed
17118,157.02,1,2011-01-26 12:19:00,2011-01-26 12:19:00,United Kingdom,157.02,316,316,2,1,1,4,Lapsed
17119,606.91,2,2011-12-06 14:40:00,2011-10-11 11:03:00,United Kingdom,303.46,2,58,5,2,2,9,Active
17120,307.46,1,2011-04-20 15:21:00,2011-04-20 15:21:00,United Kingdom,307.46,232,232,2,1,2,5,Lapsed
17121,314.74,1,2010-11-02 11:47:00,2010-11-02 11:47:00,United Kingdom,314.74,401,401,2,1,2,5,Lapsed
17122,570.5,4,2011-08-12 14:33:00,2010-07-28 09:34:00,United Kingdom,142.62,118,498,3,3,2,8,At Risk
17123,977.17,3,2011-07-01 10:47:00,2010-05-16 11:52:00,United Kingdom,325.72,160,571,3,3,3,9,At Risk
17124,298.89,1,2011-06-07 14:02:00,2011-06-07 14:02:00,United Kingdom,298.89,184,184,3,1,2,6,Lapsed
17125,259.35,1,2011-10-20 14:41:00,2011-10-20 14:41:00,United Kingdom,259.35,49,49,4,1,1,6,Active
17126,2070.44,9,2011-07-10 13:52:00,2010-08-31 13:41:00,United Kingdom,230.05,151,464,3,5,4,12,At Risk
17127,1155.03,5,2010-10-07 09:54:00,2009-12-04 15:18:00,United Kingdom,231.01,427,734,1,4,3,8,Lapsed
17128,157.09,1,2011-01-09 12:02:00,2011-01-09 12:02:00,United Kingdom,157.09,333,333,2,1,1,4,Lapsed
17129,31.85,1,2010-07-07 13:46:00,2010-07-07 13:46:00,United Kingdom,31.85,519,519,1,1,1,3,Lapsed
17131,2463.17,5,2011-12-04 12:52:00,2011-09-25 12:42:00,United Kingdom,492.63,4,74,5,4,4,13,Active
17132,1272.8,2,2010-09-13 16:31:00,2010-08-08 13:49:00,United Kingdom,636.4,451,487,1,2,4,7,Lapsed
17133,14622.33,12,2011-11-24 12:27:00,2010-03-21 12:31:00,United Kingdom,1218.53,14,627,5,5,5,15,Active
17134,637.1,3,2011-08-25 09:53:00,2010-09-23 18:32:00,United Kingdom,212.37,105,441,3,3,3,9,At Risk
17135,1954.16,10,2011-11-23 16:48:00,2010-05-09 16:03:00,United Kingdom,195.42,15,578,5,5,4,14,Active
17136,231.68,1,2010-02-15 13:13:00,2010-02-15 13:13:00,United Kingdom,231.68,661,661,1,1,1,3,Lapsed
17137,1133.63,6,2010-10-19 14:51:00,2010-01-31 12:27:00,United Kingdom,188.94,415,676,1,4,3,8,Lapsed
17138,4417.27,7,2011-03-09 11:54:00,2010-02-04 14:19:00,United Kingdom,631.04,274,672,2,4,5,11,Lapsed
17139,19584.46,25,2011-11-24 10:12:00,2010-01-11 11:31:00,United Kingdom,783.38,14,696,5,5,5,15,Active
17140,465.32,1,2011-04-06 13:33:00,2011-04-06 13:33:00,United Kingdom,465.32,246,246,2,1,2,5,Lapsed
17141,754.33,4,2010-10-17 14:54:00,2010-01-24 14:19:00,United Kingdom,188.58,417,683,1,3,3,7,Lapsed
17142,1283.75,4,2011-04-14 18:22:00,2010-01-24 15:23:00,United Kingdom,320.94,238,683,2,3,4,9,Lapsed
17143,924.11,2,2010-10-18 15:27:00,2010-07-12 13:26:00,United Kingdom,462.06,416,514,1,2,3,6,Lapsed
17144,984.57,2,2011-12-08 17:57:00,2011-09-16 12:50:00,United Kingdom,492.28,0,83,5,2,3,10,Active
17145,3120.91,4,2010-07-15 09:02:00,2010-02-19 12:07:00,United Kingdom,780.23,511,657,1,3,5,9,Lapsed
17146,5860.24,13,2011-08-26 12:44:00,2010-02-02 09:39:00,United Kingdom,450.79,104,674,3,5,5,13,At Risk
17147,3199.95,9,2011-11-17 12:32:00,2010-01-11 09:38:00,United Kingdom,355.55,21,696,4,5,5,14,Active
17148,124.88,1,2011-10-19 09:59:00,2011-10-19 09:59:00,United Kingdom,124.88,50,50,4,1,1,6,Active
17149,143.1,1,2010-09-14 14:56:00,2010-09-14 14:56:00,United Kingdom,143.1,450,450,1,1,1,3,Lapsed
17150,1375.65,6,2010-11-28 11:27:00,2009-12-06 10:51:00,United Kingdom,229.28,375,732,2,4,4,10,Lapsed
17151,231.9,1,2009-12-04 14:56:00,2009-12-04 14:56:00,United Kingdom,231.9,734,734,1,1,1,3,Lapsed
17152,2016.5,4,2011-05-29 12:19:00,2010-10-10 12:40:00,United Kingdom,504.12,193,424,2,3,4,9,Lapsed
17153,213.78,1,2011-11-15 13:42:00,2011-11-15 13:42:00,United Kingdom,213.78,23,23,4,1,1,6,New
17154,329.34,1,2011-09-25 13:42:00,2011-09-25 13:42:00,United Kingdom,329.34,74,74,3,1,2,6,Active
17155,892.46,7,2011-11-22 12:38:00,2009-12-03 11:34:00,United Kingdom,127.49,16,735,5,4,3,12,Active
17156,591.87,1,2010-08-05 11:30:00,2010-08-05 11:30:00,United Kingdom,591.87,490,490,1,1,2,4,Lapsed
17157,5151.9,19,2011-12-02 09:10:00,2009-12-04 13:00:00,United Kingdom,271.15,6,734,5,5,5,15,Active
17158,1980.0,5,2011-11-07 15:15:00,2010-03-07 15:50:00,United Kingdom,396.0,31,641,4,4,4,12,Active
17159,2099.59,5,2011-11-18 10:52:00,2010-03-04 14:53:00,United Kingdom,419.92,20,644,4,4,4,12,Active
17160,10209.16,17,2011-11-08 14:05:00,2009-12-04 10:57:00,United Kingdom,600.54,30,734,4,5,5,14,Active
17161,856.01,1,2010-09-21 16:44:00,2010-09-21 16:44:00,United Kingdom,856.01,443,443,1,1,3,5,Lapsed
17162,1715.46,10,2011-11-11 11:34:00,2011-02-07 12:27:00,United Kingdom,171.55,27,304,4,5,4,13,Active
17163,699.78,4,2011-11-18 08:57:00,2010-02-02 10:39:00,United Kingdom,174.94,20,674,4,3,3,10,Active
17164,2467.35,7,2011-11-07 09:14:00,2011-03-11 14:26:00,United Kingdom,352.48,31,272,4,4,4,12,Active
17165,1794.32,6,2011-02-28 16:39:00,2009-12-11 09:18:00,United Kingdom,299.05,283,727,2,4,4,10,Lapsed
17166,206.34,2,2011-11-01 09:46:00,2011-05-20 08:18:00,United Kingdom,103.17,37,202,4,2,1,7,Active
17167,867.11,3,2010-11-25 10:05:00,2010-09-20 14:02:00,United Kingdom,289.04,378,444,2,3,3,8,Lapsed
17168,400.2,1,2010-07-29 12:33:00,2010-07-29 12:33:00,United Kingdom,400.2,497,497,1,1,2,4,Lapsed
17169,1156.73,3,2011-10-13 10:25:00,2010-05-10 13:00:00,United Kingdom,385.58,56,577,4,3,3,10,Active
17170,178.68,2,2010-11-30 15:55:00,2010-11-15 16:23:00,United Kingdom,89.34,373,388,2,2,1,5,Lapsed
17171,384.59,2,2011-02-23 16:37:00,2010-02-16 12:02:00,United Kingdom,192.3,288,660,2,2,2,6,Lapsed
17172,956.57,3,2011-09-22 09:36:00,2009-12-13 11:46:00,United Kingdom,318.86,77,725,3,3,3,9,Active
17173,3766.6,8,2011-12-04 14:40:00,2011-07-31 15:26:00,United Kingdom,470.82,4,130,5,4,5,14,Active
17174,59.9,1,2011-05-06 11:47:00,2011-05-06 11:47:00,United Kingdom,59.9,216,216,2,1,1,4,Lapsed
17175,1443.69,4,2011-10-26 15:31:00,2011-02-16 14:56:00,United Kingdom,360.92,43,295,4,3,4,11,Active
17176,902.32,3,2011-05-22 12:41:00,2010-01-31 15:49:00,United Kingdom,300.77,200,676,2,3,3,8,Lapsed
17177,119.5,1,2010-07-22 14:53:00,2010-07-22 14:53:00,United Kingdom,119.5,504,504,1,1,1,3,Lapsed
17178,436.71,1,2009-12-08 16:20:00,2009-12-08 16:20:00,United Kingdom,436.71,730,730,1,1,2,4,Lapsed
17179,1507.26,6,2011-06-14 16:48:00,2010-05-26 11:22:00,United Kingdom,251.21,177,561,3,4,4,11,At Risk
17180,2256.98,11,2011-10-14 15:46:00,2010-01-21 17:43:00,United Kingdom,205.18,55,686,4,5,4,13,Active
17181,465.37,3,2011-10-13 14:48:00,2010-04-23 11:21:00,United Kingdom,155.12,56,594,4,3,2,9,Active
17182,321.3,2,2010-10-13 10:09:00,2009-12-21 15:22:00,United Kingdom,160.65,421,717,1,2,2,5,Lapsed
17183,3347.31,6,2011-12-02 10:07:00,2011-08-26 15:25:00,United Kingdom,557.88,6,104,5,4,5,14,Active
17184,198.41,2,2010-05-19 14:24:00,2009-12-09 14:17:00,United Kingdom,99.2,568,729,1,2,1,4,Lapsed
17185,229.46,3,2010-04-27 12:15:00,2010-04-20 13:49:00,United Kingdom,76.49,590,597,1,3,1,5,Lapsed
17186,144.0,2,2011-10-24 10:20:00,2011-10-10 12:52:00,United Kingdom,72.0,45,59,4,2,1,7,Active
17187,467.71,2,2011-04-27 12:39:00,2010-07-01 14:38:00,United Kingdom,233.86,225,525,2,2,2,6,Lapsed
17188,4592.93,13,2011-11-28 13:53:00,2009-12-08 19:16:00,United Kingdom,353.3,10,730,5,5,5,15,Active
17189,957.63,5,2011-08-25 19:39:00,2009-12-02 11:45:00,United Kingdom,191.53,105,736,3,4,3,10,At Risk
17190,1743.04,7,2011-10-12 11:33:00,2010-03-05 13:21:00,United Kingdom,249.01,57,643,4,4,4,12,Active
17191,4836.05,15,2011-11-11 16:58:00,2009-12-01 16:34:00,United Kingdom,322.4,27,737,4,5,5,14,Active
17192,77.83,1,2010-06-21 16:07:00,2010-06-21 16:07:00,United Kingdom,77.83,535,535,1,1,1,3,Lapsed
17193,2310.04,9,2011-11-04 12:47:00,2009-12-02 10:02:00,United Kingdom,256.67,34,736,4,5,4,13,Active
17194,812.5,3,2011-03-11 12:05:00,2010-06-27 13:16:00,United Kingdom,270.83,272,529,2,3,3,8,Lapsed
17195,562.98,1,2010-02-22 13:05:00,2010-02-22 13:05:00,United Kingdom,562.98,654,654,1,1,2,4,Lapsed
17196,352.9,1,2010-10-08 11:31:00,2010-10-08 11:31:00,United Kingdom,352.9,426,426,1,1,2,4,Lapsed
17197,1013.01,1,2011-11-10 10:32:00,2011-11-10 10:32:00,United Kingdom,1013.01,28,28,4,1,3,8,New
17198,1213.88,3,2011-11-16 10:39:00,2010-12-03 14:54:00,United Kingdom,404.63,22,370,4,3,3,10,Active
17199,145.12,1,2010-05-06 13:53:00,2010-05-06 13:53:00,United Kingdom,145.12,581,581,1,1,1,3,Lapsed
17200,356.71,4,2010-11-17 13:04:00,2010-02-25 13:23:00,United Kingdom,89.18,386,651,2,3,2,7,Lapsed
17201,1242.04,4,2011-10-17 11:55:00,2010-02-10 12:26:00,United Kingdom,310.51,52,666,4,3,3,10,Active
17202,160.65,1,2010-10-15 11:25:00,2010-10-15 11:25:00,United Kingdom,160.65,419,419,1,1,1,3,Lapsed
17203,5575.88,10,2011-11-04 12:27:00,2010-11-16 12:52:00,United Kingdom,557.59,34,387,4,5,5,14,Active
17204,5504.69,9,2011-06-17 14:46:00,2010-06-10 11:37:00,United Kingdom,611.63,174,546,3,5,5,13,At Risk
17205,999.35,3,2011-10-17 12:46:00,2010-05-24 15:36:00,United Kingdom,333.12,52,563,4,3,3,10,Active
17206,204.24,1,2011-10-17 13:25:00,2011-10-17 13:25:00,United Kingdom,204.24,52,52,4,1,1,6,Active
17207,303.22,1,2010-02-25 19:08:00,2010-02-25 19:08:00,United Kingdom,303.22,651,651,1,1,2,4,Lapsed
17208,115.35,1,2010-11-09 12:50:00,2010-11-09 12:50:00,United Kingdom,115.35,394,394,2,1,1,4,Lapsed
17209,611.6,3,2010-02-28 16:01:00,2009-12-03 11:10:00,United Kingdom,203.87,648,735,1,3,2,6,Lapsed
17210,253.37,1,2010-11-12 12:15:00,2010-11-12 12:15:00,United Kingdom,253.37,391,391,2,1,1,4,Lapsed
17211,4046.65,13,2011-11-13 12:03:00,2009-12-13 13:17:00,United Kingdom,311.28,25,725,4,5,5,14,Active
17212,794.41,3,2011-03-31 19:42:00,2010-08-10 09:22:00,United Kingdom,264.8,252,485,2,3,3,8,Lapsed
17213,5182.3,13,2011-10-30 14:53:00,2009-12-15 10:28:00,United Kingdom,398.64,39,723,4,5,5,14,Active
17214,1069.12,6,2011-10-10 13:17:00,2010-12-15 15:14:00,United Kingdom,178.19,59,358,3,4,3,10,Active
17215,186.15,1,2010-09-01 13:39:00,2010-09-01 13:39:00,United Kingdom,186.15,463,463,1,1,1,3,Lapsed
17216,65.05,1,2010-06-03 13:03:00,2010-06-03 13:03:00,United Kingdom,65.05,553,553,1,1,1,3,Lapsed
17217,218.0,2,2011-04-19 17:19:00,2010-03-30 13:35:00,United Kingdom,109.0,233,618,2,2,1,5,Lapsed
17218,4192.68,18,2011-12-05 13:52:00,2010-01-25 16:12:00,United Kingdom,232.93,3,682,5,5,5,15,Active
17219,259.13,2,2011-11-08 11:25:00,2010-10-19 11:29:00,United Kingdom,129.56,30,415,4,2,1,7,Active
17220,4481.75,21,2011-11-15 13:47:00,2010-01-20 11:57:00,United Kingdom,213.42,23,687,4,5,5,14,Active
17221,978.52,5,2011-12-02 13:35:00,2010-04-11 15:34:00,United Kingdom,195.7,6,606,5,4,3,12,Active
17222,1605.01,6,2011-10-05 13:58:00,2010-01-10 15:24:00,United Kingdom,267.5,64,697,3,4,4,11,Active
17223,873.53,3,2011-02-02 15:57:00,2010-11-29 17:19:00,United Kingdom,291.18,309,374,2,3,3,8,Lapsed
17224,100.86,1,2010-07-26 13:30:00,2010-07-26 13:30:00,United Kingdom,100.86,500,500,1,1,1,3,Lapsed
17225,131.15,1,2010-05-07 11:38:00,2010-05-07 11:38:00,United Kingdom,131.15,580,580,1,1,1,3,Lapsed
17226,900.12,3,2011-02-04 11:52:00,2010-02-12 14:31:00,United Kingdom,300.04,307,664,2,3,3,8,Lapsed
17227,2022.03,12,2011-11-21 10:51:00,2010-01-15 15:05:00,United Kingdom,168.5,17,692,5,5,4,14,Active
17228,3177.24,13,2011-11-24 10:24:00,2010-03-12 11:54:00,United Kingdom,244.4,14,636,5,5,5,15,Active
17229,318.76,2,2011-09-04 13:56:00,2011-07-20 12:38:00,United Kingdom,159.38,95,141,3,2,2,7,At Risk
17230,9924.95,18,2011-03-20 16:12:00,2009-12-08 13:41:00,United Kingdom,551.39,263,730,2,5,5,12,Lapsed
17231,7197.04,25,2011-11-27 15:18:00,2009-12-07 16:38:00,United Kingdom,287.88,11,731,5,5,5,15,Active
17232,421.52,2,2011-12-07 12:21:00,2011-11-25 12:24:00,United Kingdom,210.76,1,13,5,2,2,9,Active
17233,560.86,3,2011-11-04 14:06:00,2009-12-15 12:03:00,United Kingdom,186.95,34,723,4,3,2,9,Active
17234,149.89,1,2011-06-10 11:20:00,2011-06-10 11:20:00,United Kingdom,149.89,181,181,3,1,1,5,Lapsed
17235,1904.88,8,2011-11-14 15:51:00,2010-06-04 17:01:00,United Kingdom,238.11,24,552,4,4,4,12,Active
17236,1929.26,12,2011-11-27 12:00:00,2010-03-07 13:00:00,United Kingdom,160.77,11,641,5,5,4,14,Active
17237,1002.08,4,2011-11-28 15:02:00,2010-11-23 11:45:00,United Kingdom,250.52,10,380,5,3,3,11,Active
17238,7783.1,32,2011-12-07 11:35:00,2009-12-01 10:59:00,United Kingdom,243.22,1,737,5,5,5,15,Active
17239,1189.45,4,2011-01-31 09:41:00,2010-07-01 10:53:00,United Kingdom,297.36,311,525,2,3,3,8,Lapsed
17240,130.6,1,2010-04-22 15:44:00,2010-04-22 15:44:00,United Kingdom,130.6,595,595,1,1,1,3,Lapsed
17241,2744.14,12,2010-11-19 13:01:00,2010-02-15 14:47:00,United Kingdom,228.68,384,661,2,5,4,11,Lapsed
17242,2889.28,5,2011-08-23 14:55:00,2010-01-24 10:27:00,United Kingdom,577.86,107,683,3,4,4,11,At Risk
17243,20889.86,69,2011-12-08 13:26:00,2009-12-01 15:36:00,United Kingdom,302.75,0,737,5,5,5,15,Active
17244,1826.04,5,2011-10-17 15:19:00,2009-12-06 11:27:00,United Kingdom,365.21,52,732,4,4,4,12,Active
17245,371.63,2,2011-05-19 10:43:00,2010-01-19 15:39:00,United Kingdom,185.82,203,688,2,2,2,6,Lapsed
17246,38.92,2,2010-06-11 12:36:00,2009-12-01 17:45:00,United Kingdom,19.46,545,737,1,2,1,4,Lapsed
17247,282.19,1,2011-11-24 15:21:00,2011-11-24 15:21:00,United Kingdom,282.19,14,14,5,1,1,7,New
17248,546.16,2,2011-08-11 13:34:00,2010-08-15 11:55:00,United Kingdom,273.08,119,480,3,2,2,7,At Risk
17249,68.03,1,2010-10-07 11:33:00,2010-10-07 11:33:00,United Kingdom,68.03,427,427,1,1,1,3,Lapsed
17250,384.52,2,2011-12-06 12:15:00,2011-03-23 16:45:00,United Kingdom,192.26,2,260,5,2,2,9,Active
17251,812.43,3,2010-12-12 11:06:00,2009-12-15 10:36:00,United Kingdom,270.81,361,723,2,3,3,8,Lapsed
17252,353.86,2,2011-08-15 09:45:00,2011-06-06 16:41:00,United Kingdom,176.93,115,185,3,2,2,7,At Risk
17253,178.26,1,2011-11-21 12:59:00,2011-11-21 12:59:00,United Kingdom,178.26,17,17,5,1,1,7,New
17254,470.73,3,2011-12-05 12:46:00,2010-11-03 14:00:00,United Kingdom,156.91,3,400,5,3,2,10,Active
17255,799.13,4,2011-10-30 12:18:00,2010-09-19 15:53:00,United Kingdom,199.78,39,445,4,3,3,10,Active
17256,498.93,5,2011-08-24 13:30:00,2010-04-18 13:40:00,United Kingdom,99.79,106,599,3,4,2,9,At Risk
17257,192.73,2,2010-09-29 12:51:00,2010-09-29 12:49:00,United Kingdom,96.36,435,435,1,2,1,4,Lapsed
17258,417.3,2,2010-11-08 12:37:00,2010-02-12 15:51:00,United Kingdom,208.65,395,664,2,2,2,6,Lapsed
17259,1889.34,6,2011-07-14 15:01:00,2010-02-22 13:38:00,United Kingdom,314.89,147,654,3,4,4,11,At Risk
17260,120.95,1,2010-10-24 13:21:00,2010-10-24 13:21:00,United Kingdom,120.95,410,410,1,1,1,3,Lapsed
17261,230.44,1,2010-07-18 11:49:00,2010-07-18 11:49:00,United Kingdom,230.44,508,508,1,1,1,3,Lapsed
17262,2757.62,11,2011-10-18 12:56:00,2009-12-15 11:26:00,United Kingdom,250.69,51,723,4,5,4,13,Active
17263,63.44,1,2011-05-15 14:32:00,2011-05-15 14:32:00,United Kingdom,63.44,207,207,2,1,1,4,Lapsed
17264,279.59,1,2010-10-11 12:52:00,2010-10-11 12:52:00,United Kingdom,279.59,423,423,1,1,1,3,Lapsed
17265,562.9,2,2011-07-24 10:49:00,2011-06-12 12:00:00,United Kingdom,281.45,137,179,3,2,2,7,At Risk
17266,517.73,5,2011-12-07 14:12:00,2010-03-09 10:42:00,United Kingdom,103.55,1,639,5,4,2,11,Active
17267,317.62,2,2011-08-04 17:22:00,2011-08-04 17:19:00,United Kingdom,158.81,126,126,3,2,2,7,At Risk
17268,1733.89,11,2011-08-24 10:06:00,2009-12-08 11:46:00,United Kingdom,157.63,106,730,3,5,4,12,At Risk
17269,537.46,1,2010-11-19 11:12:00,2010-11-19 11:12:00,United Kingdom,537.46,384,384,2,1,2,5,Lapsed
17270,604.4,2,2010-08-27 14:09:00,2009-12-07 17:18:00,United Kingdom,302.2,468,731,1,2,2,5,Lapsed
17271,210.39,1,2009-12-03 13:49:00,2009-12-03 13:49:00,United Kingdom,210.39,735,735,1,1,1,3,Lapsed
17272,2148.63,4,2011-10-28 16:37:00,2011-03-22 12:05:00,United Kingdom,537.16,41,261,4,3,4,11,Active
17273,141.12,1,2010-10-11 15:57:00,2010-10-11 15:57:00,United Kingdom,141.12,423,423,1,1,1,3,Lapsed
17274,577.38,2,2011-11-04 13:16:00,2010-11-09 12:06:00,United Kingdom,288.69,34,394,4,2,2,8,Active
17275,114.52,1,2010-11-21 13:26:00,2010-11-21 13:26:00,United Kingdom,114.52,382,382,2,1,1,4,Lapsed
17276,508.39,1,2010-11-02 16:20:00,2010-11-02 16:20:00,United Kingdom,508.39,401,401,2,1,2,5,Lapsed
17277,1065.35,2,2011-04-26 12:47:00,2011-01-21 12:37:00,United Kingdom,532.67,226,321,2,2,3,7,Lapsed
17278,271.24,2,2011-04-12 13:10:00,2010-05-23 13:49:00,United Kingdom,135.62,240,564,2,2,1,5,Lapsed
17279,187.83,1,2011-10-13 11:58:00,2011-10-13 11:58:00,United Kingdom,187.83,56,56,4,1,1,6,Active
17280,118.86,1,2010-09-27 16:46:00,2010-09-27 16:46:00,United Kingdom,118.86,437,437,1,1,1,3,Lapsed
17281,797.85,6,2010-11-30 18:05:00,2010-02-04 13:00:00,United Kingdom,132.98,373,672,2,4,3,9,Lapsed
17282,2339.66,5,2011-08-01 14:29:00,2010-06-09 12:07:00,United Kingdom,467.93,129,547,3,4,4,11,At Risk
17283,188.46,1,2010-11-26 11:53:00,2010-11-26 11:53:00,United Kingdom,188.46,377,377,2,1,1,4,Lapsed
17284,2793.16,8,2011-10-10 14:38:00,2010-09-20 16:18:00,United Kingdom,349.14,59,444,3,4,4,11,Active
17285,428.34,2,2010-03-21 13:38:00,2010-02-14 14:10:00,United Kingdom,214.17,627,662,1,2,2,5,Lapsed
17286,395.48,3,2011-11-18 12:47:00,2010-11-04 13:43:00,United Kingdom,131.83,20,399,4,3,2,9,Active
17287,4111.96,21,2011-11-13 13:27:00,2009-12-03 12:45:00,United Kingdom,195.81,25,735,4,5,5,14,Active
17288,2499.98,11,2011-11-30 16:09:00,2010-11-10 14:44:00,United Kingdom,227.27,8,393,5,5,4,14,Active
17289,2079.39,9,2011-11-08 12:01:00,2010-03-08 12:52:00,United Kingdom,231.04,30,640,4,5,4,13,Active
17290,1501.44,8,2011-12-06 12:38:00,2009-12-13 13:28:00,United Kingdom,187.68,2,725,5,4,4,13,Active
17291,550.8,1,2011-02-04 13:04:00,2011-02-04 13:04:00,United Kingdom,550.8,307,307,2,1,2,5,Lapsed
17292,271.75,2,2010-08-24 17:14:00,2010-05-09 14:52:00,United Kingdom,135.88,471,578,1,2,1,4,Lapsed
17293,3774.23,17,2011-12-01 14:37:00,2009-12-03 15:09:00,United Kingdom,222.01,7,735,5,5,5,15,Active
17294,467.79,2,2010-02-08 16:12:00,2010-02-08 14:21:00,United Kingdom,233.9,668,668,1,2,2,5,Lapsed
17295,556.95,3,2011-11-11 10:49:00,2011-10-06 12:22:00,United Kingdom,185.65,27,63,4,3,2,9,Active
17296,338.13,1,2009-12-09 14:01:00,2009-12-09 14:01:00,United Kingdom,338.13,729,729,1,1,2,4,Lapsed
17297,131.78,1,2011-11-22 14:43:00,2011-11-22 14:43:00,United Kingdom,131.78,16,16,5,1,1,7,New
17298,957.56,5,2011-08-30 16:43:00,2010-03-08 08:56:00,United Kingdom,191.51,100,640,3,4,3,10,At Risk
17299,1016.08,6,2011-11-28 12:01:00,2010-08-15 16:00:00,United Kingdom,169.35,10,480,5,4,3,12,Active
17300,393.64,2,2010-11-14 10:56:00,2010-08-15 11:02:00,United Kingdom,196.82,389,480,2,2,2,6,Lapsed
17301,330.43,2,2011-11-18 13:43:00,2010-03-25 13:16:00,United Kingdom,165.22,20,623,4,2,2,8,Active
17302,1135.63,5,2011-11-25 09:36:00,2011-02-07 10:14:00,United Kingdom,227.13,13,304,5,4,3,12,Active
17303,250.04,1,2010-12-13 13:32:00,2010-12-13 13:32:00,United Kingdom,250.04,360,360,2,1,1,4,Lapsed
17304,111.5,1,2010-06-23 16:23:00,2010-06-23 16:23:00,United Kingdom,111.5,533,533,1,1,1,3,Lapsed
17305,2135.46,1,2010-03-01 12:47:00,2010-03-01 12:47:00,United Kingdom,2135.46,647,647,1,1,4,6,Lapsed
17306,9782.35,21,2011-11-29 12:14:00,2010-11-01 11:38:00,United Kingdom,465.83,9,402,5,5,5,15,Active
17307,3999.89,11,2010-11-09 13:40:00,2010-01-19 16:38:00,United Kingdom,363.63,394,688,2,5,5,12,Lapsed
17308,4511.76,2,2010-11-11 13:19:00,2010-09-13 09:35:00,United Kingdom,2255.88,392,451,2,2,5,9,Lapsed
17309,330.59,3,2011-09-05 15:20:00,2010-02-04 15:49:00,United Kingdom,110.2,94,672,3,3,2,8,At Risk
17310,1025.1,2,2010-11-17 16:00:00,2010-06-23 11:38:00,United Kingdom,512.55,386,533,2,2,3,7,Lapsed
17311,3566.56,6,2011-09-22 14:11:00,2010-02-03 12:38:00,United Kingdom,594.43,77,673,3,4,5,12,Active
17312,644.3,3,2011-07-24 11:52:00,2011-07-03 13:12:00,United Kingdom,214.77,137,158,3,3,3,9,At Risk
17313,2328.84,1,2011-11-08 15:45:00,2011-11-08 15:45:00,United Kingdom,2328.84,30,30,4,1,4,9,New
17314,4904.43,17,2011-11-15 09:41:00,2009-12-03 11:25:00,United Kingdom,288.5,23,735,4,5,5,14,Active
17315,9650.6,43,2011-12-08 12:15:00,2010-09-27 12:45:00,United Kingdom,224.43,0,437,5,5,5,15,Active
17316,124.45,1,2010-10-15 14:35:00,2010-10-15 14:35:00,United Kingdom,124.45,419,419,1,1,1,3,Lapsed
17317,2600.34,3,2011-10-24 17:19:00,2011-09-11 12:45:00,United Kingdom,866.78,45,88,4,3,4,11,Active
17318,164.28,1,2009-12-14 13:11:00,2009-12-14 13:11:00,United Kingdom,164.28,724,724,1,1,1,3,Lapsed
17319,29.1,1,2010-02-08 15:47:00,2010-02-08 15:47:00,United Kingdom,29.1,668,668,1,1,1,3,Lapsed
17320,2895.77,6,2011-08-31 13:31:00,2010-01-21 16:29:00,United Kingdom,482.63,99,686,3,4,4,11,At Risk
17321,1741.18,6,2011-12-01 13:41:00,2010-05-11 12:10:00,United Kingdom,290.2,7,576,5,4,4,13,Active
17322,922.59,5,2010-11-28 14:41:00,2009-12-03 11:46:00,United Kingdom,184.52,375,735,2,4,3,9,Lapsed
17323,1565.59,12,2011-11-24 17:29:00,2010-01-10 11:58:00,United Kingdom,130.47,14,697,5,5,4,14,Active
17324,2301.87,12,2011-11-22 10:34:00,2009-12-18 15:29:00,United Kingdom,191.82,16,720,5,5,4,14,Active
17325,609.57,3,2011-03-04 13:09:00,2010-03-08 11:31:00,United Kingdom,203.19,279,640,2,3,2,7,Lapsed
17326,321.95,2,2010-10-27 15:38:00,2010-06-28 14:05:00,United Kingdom,160.98,407,528,2,2,2,6,Lapsed
17327,152.35,2,2010-10-26 09:54:00,2010-05-26 11:20:00,United Kingdom,76.18,408,561,2,2,1,5,Lapsed
17328,104.7,1,2010-02-04 17:11:00,2010-02-04 17:11:00,United Kingdom,104.7,672,672,1,1,1,3,Lapsed
17329,1004.43,5,2011-11-25 14:24:00,2009-12-03 16:09:00,United Kingdom,200.89,13,735,5,4,3,12,Active
17330,423.8,4,2011-11-17 08:56:00,2010-03-02 09:20:00,United Kingdom,105.95,21,646,4,3,2,9,Active
17331,175.2,1,2011-08-08 11:55:00,2011-08-08 11:55:00,United Kingdom,175.2,122,122,3,1,1,5,At Risk
17332,838.27,5,2010-06-29 16:10:00,2010-02-21 14:41:00,United Kingdom,167.65,527,655,1,4,3,8,Lapsed
17333,494.25,1,2011-09-15 10:11:00,2011-09-15 10:11:00,United Kingdom,494.25,84,84,3,1,2,6,Active
17334,635.15,3,2011-02-10 14:59:00,2010-10-29 12:16:00,United Kingdom,211.72,301,405,2,3,3,8,Lapsed
17335,508.0,2,2010-11-21 10:17:00,2010-01-24 11:15:00,United Kingdom,254.0,382,683,2,2,2,6,Lapsed
17336,81.12,1,2010-08-24 15:37:00,2010-08-24 15:37:00,United Kingdom,81.12,471,471,1,1,1,3,Lapsed
17337,2027.87,4,2011-07-11 14:55:00,2011-02-02 17:06:00,United Kingdom,506.97,150,309,3,3,4,10,At Risk
17338,12142.57,17,2011-11-22 14:23:00,2010-03-10 16:09:00,United Kingdom,714.27,16,638,5,5,5,15,Active
17339,362.36,3,2011-09-06 13:29:00,2010-07-18 13:08:00,United Kingdom,120.79,93,508,3,3,2,8,At Risk
17340,22404.82,18,2011-11-10 10:45:00,2010-02-14 14:54:00,United Kingdom,1244.71,28,662,4,5,5,14,Active
17341,1889.83,5,2011-07-06 12:33:00,2010-06-17 18:17:00,United Kingdom,377.97,155,539,3,4,4,11,At Risk
17342,1227.54,4,2010-11-25 11:07:00,2010-02-08 09:16:00,United Kingdom,306.88,378,668,2,3,3,8,Lapsed
17343,1259.94,6,2010-12-19 15:07:00,2009-12-03 18:30:00,United Kingdom,209.99,354,735,2,4,4,10,Lapsed
17344,468.11,2,2011-10-24 12:56:00,2009-12-11 12:31:00,United Kingdom,234.06,45,727,4,2,2,8,Active
17345,1604.68,10,2011-11-24 15:03:00,2009-12-01 16:17:00,United Kingdom,160.47,14,737,5,5,4,14,Active
17346,5323.0,26,2011-12-06 12:18:00,2010-04-18 12:18:00,United Kingdom,204.73,2,599,5,5,5,15,Active
17347,228.96,1,2011-09-14 13:12:00,2011-09-14 13:12:00,United Kingdom,228.96,85,85,3,1,1,5,Active
17348,2476.41,9,2011-11-25 11:25:00,2010-03-10 12:13:00,United Kingdom,275.16,13,638,5,5,4,14,Active
17349,852.25,5,2011-06-13 14:29:00,2010-03-18 14:26:00,United Kingdom,170.45,178,630,3,4,3,10,At Risk
17350,1906.04,7,2011-12-01 15:47:00,2010-02-01 15:38:00,United Kingdom,272.29,7,675,5,4,4,13,Active
17351,1988.23,12,2011-11-03 18:45:00,2009-12-10 18:43:00,United Kingdom,165.69,35,728,4,5,4,13,Active
17352,36.25,1,2010-01-12 16:13:00,2010-01-12 16:13:00,United Kingdom,36.25,695,695,1,1,1,3,Lapsed
17353,3242.0,4,2011-08-02 17:19:00,2010-03-25 12:52:00,United Kingdom,810.5,128,623,3,3,5,11,At Risk
17354,3143.46,4,2011-10-20 10:34:00,2010-10-07 13:22:00,United Kingdom,785.86,49,427,4,3,5,12,Active
17355,285.11,1,2010-11-18 13:18:00,2010-11-18 13:18:00,United Kingdom,285.11,385,385,2,1,1,4,Lapsed
17356,946.47,5,2011-02-01 11:07:00,2010-01-20 12:14:00,United Kingdom,189.29,310,687,2,4,3,9,Lapsed
17357,388.14,2,2011-11-15 16:30:00,2011-11-15 16:29:00,United Kingdom,194.07,23,23,4,2,2,8,Active
17358,866.05,5,2011-02-09 16:57:00,2010-02-24 16:42:00,United Kingdom,173.21,302,652,2,4,3,9,Lapsed
17359,284.46,2,2011-11-28 14:37:00,2010-03-01 14:48:00,United Kingdom,142.23,10,647,5,2,1,8,Active
17360,1231.38,6,2011-11-22 13:11:00,2010-10-01 12:07:00,United Kingdom,205.23,16,433,5,4,3,12,Active
17361,880.64,5,2011-10-21 15:43:00,2010-02-01 14:30:00,United Kingdom,176.13,48,675,4,4,3,11,Active
17362,1024.04,7,2011-04-14 14:43:00,2010-01-06 10:53:00,United Kingdom,146.29,238,701,2,4,3,9,Lapsed
17363,940.86,3,2010-11-09 17:11:00,2010-11-02 17:25:00,United Kingdom,313.62,394,401,2,3,3,8,Lapsed
17364,12070.42,28,2011-12-09 09:00:00,2009-12-07 15:28:00,United Kingdom,431.09,-1,731,5,5,5,15,Active
17365,8224.98,15,2011-11-27 12:13:00,2010-02-01 11:56:00,United Kingdom,548.33,11,675,5,5,5,15,Active
17366,1096.24,2,2010-10-03 16:04:00,2010-09-09 19:46:00,United Kingdom,548.12,431,455,1,2,3,6,Lapsed
17367,168.4,1,2011-04-15 14:21:00,2011-04-15 14:21:00,United Kingdom,168.4,237,237,2,1,1,4,Lapsed
17368,2826.14,14,2011-11-16 15:26:00,2009-12-15 17:45:00,United Kingdom,201.87,22,723,4,5,4,13,Active
17369,979.2,1,2010-09-10 09:49:00,2010-09-10 09:49:00,United Kingdom,979.2,454,454,1,1,3,5,Lapsed
17370,446.18,4,2011-09-28 10:14:00,2011-06-23 11:50:00,United Kingdom,111.54,71,168,3,3,2,8,Active
17371,662.55,6,2011-11-22 13:30:00,2009-12-08 12:25:00,United Kingdom,110.42,16,730,5,4,3,12,Active
17372,4377.56,28,2011-10-30 11:37:00,2009-12-03 18:41:00,United Kingdom,156.34,39,735,4,5,5,14,Active
17373,1167.5,7,2011-10-30 15:28:00,2010-02-28 14:17:00,United Kingdom,166.79,39,648,4,4,3,11,Active
17374,727.11,3,2011-05-05 09:05:00,2010-11-09 17:14:00,United Kingdom,242.37,217,394,2,3,3,8,Lapsed
17375,660.55,4,2011-05-24 15:45:00,2010-10-04 09:14:00,United Kingdom,165.14,198,430,2,3,3,8,Lapsed
17376,453.64,4,2011-09-30 12:36:00,2010-07-05 11:11:00,United Kingdom,113.41,69,521,3,3,2,8,Active
17377,18319.41,78,2011-11-16 11:17:00,2009-12-02 12:39:00,United Kingdom,234.86,22,736,4,5,5,14,Active
17378,10.95,1,2010-11-30 18:46:00,2010-11-30 18:46:00,United Kingdom,10.95,373,373,2,1,1,4,Lapsed
17379,404.66,1,2011-11-28 13:56:00,2011-11-28 13:56:00,United Kingdom,404.66,10,10,5,1,2,8,New
17380,645.0,3,2010-10-01 16:42:00,2010-06-23 11:24:00,United Kingdom,215.0,433,533,1,3,3,7,Lapsed
17381,40002.37,38,2011-12-01 11:59:00,2010-06-09 12:55:00,United Kingdom,1052.69,7,547,5,5,5,15,Active
17382,902.28,8,2011-10-05 13:05:00,2010-05-19 11:33:00,United Kingdom,112.78,64,568,3,4,3,10,Active
17383,309.99,2,2011-12-05 17:36:00,2010-09-12 14:54:00,United Kingdom,155.0,3,452,5,2,2,9,Active
17384,507.55,3,2011-11-20 15:48:00,2010-08-29 16:01:00,United Kingdom,169.18,18,466,4,3,2,9,Active
17385,261.11,1,2011-11-25 11:02:00,2011-11-25 11:02:00,United Kingdom,261.11,13,13,5,1,1,7,New
17386,2812.77,7,2011-12-02 11:28:00,2010-11-19 13:40:00,United Kingdom,401.82,6,384,5,4,4,13,Active
17387,784.11,2,2011-11-20 11:00:00,2011-11-06 11:25:00,United Kingdom,392.06,18,32,4,2,3,9,Active
17388,2691.57,11,2011-09-23 10:31:00,2009-12-10 11:45:00,United Kingdom,244.69,76,728,3,5,4,12,Active
17389,57224.68,61,2011-12-09 09:38:00,2009-12-04 12:06:00,United Kingdom,938.11,-1,734,5,5,5,15,Active
17390,149.3,1,2010-10-15 11:29:00,2010-10-15 11:29:00,United Kingdom,149.3,419,419,1,1,1,3,Lapsed
17391,508.8,2,2011-06-29 09:58:00,2011-06-28 12:21:00,United Kingdom,254.4,162,163,3,2,2,7,At Risk
17392,626.56,3,2011-02-06 12:48:00,2010-09-15 16:17:00,United Kingdom,208.85,305,449,2,3,3,8,Lapsed
17393,381.15,2,2010-10-25 11:10:00,2010-08-08 15:53:00,United Kingdom,190.58,409,487,1,2,2,5,Lapsed
17394,203.87,1,2011-05-04 13:22:00,2011-05-04 13:22:00,United Kingdom,203.87,218,218,2,1,1,4,Lapsed
17395,97.5,1,2010-07-19 15:34:00,2010-07-19 15:34:00,United Kingdom,97.5,507,507,1,1,1,3,Lapsed
17396,8807.1,14,2011-10-31 14:12:00,2010-09-24 13:04:00,United Kingdom,629.08,38,440,4,5,5,14,Active
17397,1233.18,3,2011-11-17 14:08:00,2010-10-19 13:20:00,United Kingdom,411.06,21,415,4,3,3,10,Active
17398,653.38,3,2011-08-17 09:48:00,2011-03-29 13:04:00,United Kingdom,217.79,113,254,3,3,3,9,At Risk
17400,4677.05,8,2011-08-05 15:38:00,2009-12-17 15:41:00,United Kingdom,584.63,125,721,3,4,5,12,At Risk
17401,114.85,1,2010-06-16 16:54:00,2010-06-16 16:54:00,United Kingdom,114.85,540,540,1,1,1,3,Lapsed
17402,5096.18,23,2011-12-05 10:15:00,2009-12-16 17:40:00,United Kingdom,221.57,3,722,5,5,5,15,Active
17403,400.57,2,2011-11-03 15:18:00,2010-09-15 12:29:00,United Kingdom,200.28,35,449,4,2,2,8,Active
17404,47781.12,23,2011-12-05 16:26:00,2010-01-07 11:31:00,Sweden,2077.44,3,700,5,5,5,15,Active
17405,1031.41,3,2011-12-08 17:12:00,2011-07-12 14:17:00,United Kingdom,343.8,0,149,5,3,3,11,Active
17406,4905.05,13,2011-01-10 15:07:00,2009-12-06 13:45:00,United Kingdom,377.31,332,732,2,5,5,12,Lapsed
17407,552.9,1,2010-10-24 11:57:00,2010-10-24 11:57:00,United Kingdom,552.9,410,410,1,1,2,4,Lapsed
17408,316.09,3,2011-06-29 12:53:00,2010-07-13 14:02:00,United Kingdom,105.36,162,513,3,3,2,8,At Risk
17409,7793.51,10,2011-06-08 10:36:00,2009-12-11 12:17:00,United Kingdom,779.35,183,727,3,5,5,13,Lapsed
17410,1214.72,5,2011-11-23 15:46:00,2011-05-08 15:21:00,United Kingdom,242.94,15,214,5,4,3,12,Active
17411,1425.38,5,2011-11-27 14:25:00,2009-12-03 12:02:00,United Kingdom,285.08,11,735,5,4,4,13,Active
17412,4417.52,16,2011-12-07 11:36:00,2009-12-02 13:51:00,United Kingdom,276.1,1,736,5,5,5,15,Active
17413,560.14,2,2010-10-31 12:33:00,2010-05-19 11:11:00,United Kingdom,280.07,403,568,2,2,2,6,Lapsed
17414,2249.52,6,2011-10-27 12:13:00,2009-12-03 16:49:00,United Kingdom,374.92,42,735,4,4,4,12,Active
17415,507.84,1,2011-09-21 12:50:00,2011-09-21 12:50:00,United Kingdom,507.84,78,78,3,1,2,6,Active
17416,17298.45,22,2011-11-10 12:47:00,2009-12-14 16:29:00,United Kingdom,786.29,28,724,4,5,5,14,Active
17417,164.18,1,2010-06-09 10:00:00,2010-06-09 10:00:00,United Kingdom,164.18,547,547,1,1,1,3,Lapsed
17418,670.06,3,2011-10-28 13:00:00,2010-11-17 13:42:00,United Kingdom,223.35,41,386,4,3,3,10,Active
17419,6500.52,18,2011-11-28 13:47:00,2010-01-25 13:19:00,United Kingdom,361.14,10,682,5,5,5,15,Active
17420,1084.43,6,2011-10-20 14:52:00,2010-11-03 13:09:00,United Kingdom,180.74,49,400,4,4,3,11,Active
17421,1059.41,3,2010-11-18 16:57:00,2009-12-04 15:43:00,United Kingdom,353.14,385,734,2,3,3,8,Lapsed
17422,3594.76,11,2011-11-23 13:27:00,2010-06-23 10:19:00,United Kingdom,326.8,15,533,5,5,5,15,Active
17423,1118.95,3,2011-10-24 13:36:00,2010-11-11 12:26:00,United Kingdom,372.98,45,392,4,3,3,10,Active
17425,759.17,2,2011-11-20 15:30:00,2011-10-10 11:37:00,United Kingdom,379.58,18,59,4,2,3,9,Active
17426,8077.77,13,2011-12-01 18:07:00,2010-02-17 13:39:00,United Kingdom,621.37,7,659,5,5,5,15,Active
17427,100.8,1,2011-09-29 11:29:00,2011-09-29 11:29:00,United Kingdom,100.8,70,70,3,1,1,5,Active
17428,31819.76,45,2011-12-09 09:45:00,2009-12-01 17:28:00,United Kingdom,707.11,-1,737,5,5,5,15,Active
17429,1357.46,5,2011-08-03 13:22:00,2010-10-06 12:30:00,United Kingdom,271.49,127,428,3,4,4,11,At Risk
17430,735.17,4,2011-11-07 09:24:00,2010-08-17 11:52:00,United Kingdom,183.79,31,478,4,3,3,10,Active
17431,403.3,1,2011-01-30 14:36:00,2011-01-30 14:36:00,United Kingdom,403.3,312,312,2,1,2,5,Lapsed
17432,1751.39,9,2011-11-21 17:33:00,2009-12-03 19:13:00,United Kingdom,194.6,17,735,5,5,4,14,Active
17433,569.96,2,2011-09-12 14:24:00,2010-11-19 13:37:00,United Kingdom,284.98,87,384,3,2,2,7,Active
17434,2373.82,7,2011-12-07 13:16:00,2011-09-15 13:54:00,United Kingdom,339.12,1,84,5,4,4,13,Active
17435,331.35,1,2010-10-24 13:55:00,2010-10-24 13:55:00,United Kingdom,331.35,410,410,1,1,2,4,Lapsed
17436,534.06,5,2011-12-08 12:30:00,2009-12-07 12:31:00,United Kingdom,106.81,0,731,5,4,2,11,Active
17437,373.17,1,2010-06-28 11:11:00,2010-06-28 11:11:00,United Kingdom,373.17,528,528,1,1,2,4,Lapsed
17438,1422.77,5,2011-03-31 10:26:00,2010-03-08 16:53:00,United Kingdom,284.55,252,640,2,4,4,10,Lapsed
17439,325.74,1,2010-02-22 12:48:00,2010-02-22 12:48:00,United Kingdom,325.74,654,654,1,1,2,4,Lapsed
17440,323.58,4,2011-07-06 11:54:00,2010-06-08 14:40:00,United Kingdom,80.9,155,548,3,3,2,8,At Risk
17441,293.35,1,2009-12-07 13:32:00,2009-12-07 13:32:00,United Kingdom,293.35,731,731,1,1,2,4,Lapsed
17442,4620.3,15,2011-11-03 09:17:00,2010-02-15 15:54:00,United Kingdom,308.02,35,661,4,5,5,14,Active
17443,534.24,1,2011-05-04 10:47:00,2011-05-04 10:47:00,Canada,534.24,218,218,2,1,2,5,Lapsed
17444,2940.04,3,2011-07-15 12:05:00,2011-06-20 09:04:00,Canada,980.01,146,171,3,3,4,10,At Risk
17446,120.9,2,2011-06-16 10:42:00,2011-02-02 14:40:00,United Kingdom,60.45,175,309,3,2,1,6,At Risk
17447,541.53,2,2011-10-30 14:18:00,2011-09-29 10:10:00,United Kingdom,270.76,39,70,4,2,2,8,Active
17448,14556.97,46,2010-07-30 14:07:00,2010-03-04 17:29:00,United Kingdom,316.46,496,644,1,5,5,11,Lapsed
17449,4951.15,13,2011-12-07 16:56:00,2009-12-09 14:16:00,United Kingdom,380.86,1,729,5,5,5,15,Active
17450,246973.09,51,2011-12-01 13:29:00,2010-09-27 16:59:00,United Kingdom,4842.61,7,437,5,5,5,15,Active
17451,1721.4,7,2011-12-08 15:02:00,2011-08-26 11:54:00,United Kingdom,245.91,0,104,5,4,4,13,Active
17453,486.72,2,2011-11-22 09:42:00,2011-10-06 17:02:00,United Kingdom,243.36,16,63,5,2,2,9,Active
17454,1547.94,10,2011-05-31 13:58:00,2010-01-15 15:40:00,United Kingdom,154.79,191,692,2,5,4,11,Lapsed
17455,131.7,1,2011-05-20 12:31:00,2011-05-20 12:31:00,United Kingdom,131.7,202,202,2,1,1,4,Lapsed
17456,1225.42,2,2010-12-09 15:23:00,2010-09-09 15:28:00,United Kingdom,612.71,364,455,2,2,3,7,Lapsed
17457,5984.81,14,2011-08-05 12:48:00,2009-12-07 14:52:00,United Kingdom,427.49,125,731,3,5,5,13,At Risk
17458,529.58,2,2011-11-24 13:01:00,2010-11-23 11:43:00,United Kingdom,264.79,14,380,5,2,2,9,Active
17459,657.3,2,2011-10-27 13:25:00,2011-10-10 17:00:00,United Kingdom,328.65,42,59,4,2,3,9,Active
17460,2228.27,16,2011-09-06 15:04:00,2010-01-22 13:25:00,United Kingdom,139.27,93,685,3,5,4,12,At Risk
17461,757.46,3,2011-11-17 10:21:00,2011-11-10 12:01:00,United Kingdom,252.49,21,28,4,3,3,10,Active
17462,675.69,2,2011-10-10 13:56:00,2011-02-28 17:01:00,United Kingdom,337.84,59,283,3,2,3,8,Active
17463,2557.91,7,2011-11-23 13:40:00,2010-04-29 17:57:00,United Kingdom,365.42,15,588,5,4,4,13,Active
17464,1000.94,3,2011-07-04 13:19:00,2010-03-30 13:15:00,United Kingdom,333.65,157,618,3,3,3,9,At Risk
17465,2542.79,7,2010-10-10 11:56:00,2009-12-03 13:25:00,United Kingdom,363.26,424,735,1,4,4,9,Lapsed
17466,763.28,2,2011-11-29 13:15:00,2011-09-22 09:16:00,United Kingdom,381.64,9,77,5,2,3,10,Active
17467,102.6,1,2010-11-09 12:58:00,2010-11-09 12:58:00,United Kingdom,102.6,394,394,2,1,1,4,Lapsed
17468,194.8,3,2011-11-29 15:33:00,2010-11-29 17:25:00,United Kingdom,64.93,9,374,5,3,1,9,Active
17469,5051.25,17,2011-11-23 13:15:00,2009-12-16 15:06:00,United Kingdom,297.13,15,722,5,5,5,15,Active
17470,2804.87,11,2011-10-26 12:42:00,2010-07-19 16:16:00,United Kingdom,254.99,43,507,4,5,4,13,Active
17471,321.65,1,2010-08-22 11:53:00,2010-08-22 11:53:00,United Kingdom,321.65,473,473,1,1,2,4,Lapsed
17472,935.1,4,2011-06-01 14:57:00,2010-03-21 13:27:00,United Kingdom,233.78,190,627,2,3,3,8,Lapsed
17473,607.0,2,2010-10-27 11:45:00,2010-09-09 19:03:00,United Kingdom,303.5,407,455,2,2,2,6,Lapsed
17474,1047.0,1,2010-04-19 10:43:00,2010-04-19 10:43:00,United Kingdom,1047.0,598,598,1,1,3,5,Lapsed
17475,194.37,1,2011-09-21 14:55:00,2011-09-21 14:55:00,United Kingdom,194.37,78,78,3,1,1,5,Active
17476,489.86,2,2010-11-09 10:21:00,2009-12-02 12:09:00,United Kingdom,244.93,394,736,2,2,2,6,Lapsed
17477,1144.3,2,2010-04-06 10:06:00,2010-03-02 11:53:00,United Kingdom,572.15,611,646,1,2,3,6,Lapsed
17478,1272.8,2,2010-10-27 15:01:00,2010-03-16 14:19:00,United Kingdom,636.4,407,632,2,2,4,8,Lapsed
17479,389.26,1,2010-03-17 09:26:00,2010-03-17 09:26:00,United Kingdom,389.26,631,631,1,1,2,4,Lapsed
17480,902.03,2,2011-09-23 11:39:00,2010-09-21 12:31:00,United Kingdom,451.02,76,443,3,2,3,8,Active
17481,1255.59,4,2011-12-06 12:28:00,2011-09-07 09:57:00,United Kingdom,313.9,2,92,5,3,4,12,Active
17482,778.19,2,2010-08-09 15:33:00,2010-05-10 14:10:00,United Kingdom,389.1,486,577,1,2,3,6,Lapsed
17483,591.73,4,2011-10-05 13:10:00,2010-10-21 12:43:00,United Kingdom,147.93,64,413,3,3,2,8,Active
17484,209.57,2,2010-05-12 15:41:00,2010-03-25 16:17:00,United Kingdom,104.78,575,623,1,2,1,4,Lapsed
17486,396.87,1,2011-03-23 14:00:00,2011-03-23 14:00:00,United Kingdom,396.87,260,260,2,1,2,5,Lapsed
17487,160.55,1,2009-12-11 15:06:00,2009-12-11 15:06:00,United Kingdom,160.55,727,727,1,1,1,3,Lapsed
17488,336.5,1,2010-03-08 14:07:00,2010-03-08 14:07:00,United Kingdom,336.5,640,640,1,1,2,4,Lapsed
17489,376.64,2,2011-10-12 08:56:00,2011-05-11 11:34:00,United Kingdom,188.32,57,211,4,2,2,8,Active
17490,2750.5,9,2011-12-09 09:08:00,2010-05-19 12:40:00,United Kingdom,305.61,-1,568,5,5,4,14,Active
17491,5981.07,17,2011-12-08 16:18:00,2010-04-28 11:57:00,United Kingdom,351.83,0,589,5,5,5,15,Active
17492,1122.42,3,2011-04-05 15:21:00,2010-07-09 13:27:00,United Kingdom,374.14,247,517,2,3,3,8,Lapsed
17493,100.91,1,2010-11-19 16:57:00,2010-11-19 16:57:00,United Kingdom,100.91,384,384,2,1,1,4,Lapsed
17494,54.7,1,2010-07-26 10:06:00,2010-07-26 10:06:00,United Kingdom,54.7,500,500,1,1,1,3,Lapsed
17495,806.72,3,2011-12-02 12:08:00,2010-11-14 11:50:00,United Kingdom,268.91,6,389,5,3,3,11,Active
17496,1412.89,4,2010-12-16 08:39:00,2010-01-14 13:36:00,United Kingdom,353.22,357,693,2,3,4,9,Lapsed
17497,287.25,2,2010-11-14 14:17:00,2010-04-08 08:01:00,United Kingdom,143.62,389,609,2,2,1,5,Lapsed
17498,272.22,1,2011-09-25 12:25:00,2011-09-25 12:25:00,United Kingdom,272.22,74,74,3,1,1,5,Active
17499,1341.39,2,2011-02-23 09:14:00,2010-05-27 09:59:00,United Kingdom,670.7,288,560,2,2,4,8,Lapsed
17500,1138.0,3,2011-11-22 14:25:00,2011-11-10 09:08:00,United Kingdom,379.33,16,28,5,3,3,11,Active
17501,288.6,2,2011-05-03 09:47:00,2011-05-03 09:46:00,United Kingdom,144.3,219,219,2,2,1,5,Lapsed
17502,689.1,4,2011-11-30 13:13:00,2011-11-10 16:39:00,United Kingdom,172.28,8,28,5,3,3,11,Active
17503,558.96,2,2011-12-07 09:18:00,2011-11-01 11:12:00,United Kingdom,279.48,1,37,5,2,2,9,Active
17504,9565.12,18,2011-05-17 12:59:00,2010-02-08 09:22:00,United Kingdom,531.4,205,668,2,5,5,12,Lapsed
17505,2435.48,5,2011-07-01 12:50:00,2010-04-13 16:33:00,United Kingdom,487.1,160,604,3,4,4,11,At Risk
17506,302.2,1,2011-09-25 11:39:00,2011-09-25 11:39:00,United Kingdom,302.2,74,74,3,1,2,6,Active
17507,605.58,2,2011-03-23 11:48:00,2011-02-03 18:08:00,United Kingdom,302.79,260,308,2,2,2,6,Lapsed
17508,4579.23,8,2011-03-04 08:10:00,2009-12-07 11:46:00,Greece,572.4,279,731,2,4,5,11,Lapsed
17509,6115.14,8,2011-10-13 10:26:00,2011-10-07 13:14:00,United Kingdom,764.39,56,62,4,4,5,13,Active
17510,514.56,2,2011-11-15 10:00:00,2010-10-15 10:20:00,United Kingdom,257.28,23,419,4,2,2,8,Active
17511,175603.55,60,2011-12-07 10:12:00,2009-12-02 10:52:00,United Kingdom,2926.73,1,736,5,5,5,15,Active
17512,5467.82,18,2011-11-11 12:11:00,2009-12-10 19:35:00,United Kingdom,303.77,27,728,4,5,5,14,Active
17513,1158.8,3,2011-09-28 16:42:00,2010-08-17 15:08:00,United Kingdom,386.27,71,478,3,3,3,9,Active
17514,542.83,2,2011-08-03 15:45:00,2010-02-08 14:00:00,United Kingdom,271.42,127,668,3,2,2,7,At Risk
17515,1617.46,9,2011-11-08 14:04:00,2010-06-07 13:29:00,United Kingdom,179.72,30,549,4,5,4,13,Active
17516,957.55,6,2011-11-24 16:51:00,2010-11-26 12:50:00,United Kingdom,159.59,14,377,5,4,3,12,Active
17517,153.94,1,2011-02-04 11:48:00,2011-02-04 11:48:00,United Kingdom,153.94,307,307,2,1,1,4,Lapsed
17518,329.42,2,2010-10-10 12:40:00,2010-03-28 13:31:00,United Kingdom,164.71,424,620,1,2,2,5,Lapsed
17519,5109.47,15,2011-11-22 16:43:00,2009-12-01 09:57:00,United Kingdom,340.63,16,737,5,5,5,15,Active
17520,546.81,1,2011-10-17 12:04:00,2011-10-17 12:04:00,United Kingdom,546.81,52,52,4,1,2,7,Active
17521,1278.06,5,2011-11-10 11:22:00,2010-10-01 11:49:00,United Kingdom,255.61,28,433,4,4,4,12,Active
17522,1070.71,5,2011-12-08 12:31:00,2011-05-05 16:31:00,United Kingdom,214.14,0,217,5,4,3,12,Active
17523,652.74,4,2011-11-28 13:20:00,2011-11-20 13:40:00,United Kingdom,163.18,10,18,5,3,3,11,Active
17524,539.14,3,2010-12-13 14:32:00,2010-09-27 16:20:00,United Kingdom,179.71,360,437,2,3,2,7,Lapsed
17525,1161.9,3,2010-12-15 12:05:00,2010-10-07 09:12:00,United Kingdom,387.3,358,427,2,3,3,8,Lapsed
17526,4166.04,12,2011-12-05 11:05:00,2009-12-17 16:18:00,United Kingdom,347.17,3,721,5,5,5,15,Active
17527,939.37,4,2011-10-17 12:32:00,2011-05-05 13:43:00,United Kingdom,234.84,52,217,4,3,3,10,Active
17528,3628.5,8,2011-12-08 13:27:00,2011-09-29 13:04:00,United Kingdom,453.56,0,70,5,4,5,14,Active
17529,1240.25,2,2010-04-08 17:51:00,2010-01-11 12:29:00,United Kingdom,620.12,609,696,1,2,3,6,Lapsed
17530,3141.51,12,2011-12-08 18:42:00,2009-12-06 16:17:00,United Kingdom,261.79,0,732,5,5,5,15,Active
17531,1266.82,3,2011-06-02 19:17:00,2010-03-31 12:57:00,United Kingdom,422.27,189,617,2,3,4,9,Lapsed
17532,65.34,1,2010-11-19 08:13:00,2010-11-19 08:13:00,United Kingdom,65.34,384,384,2,1,1,4,Lapsed
17533,34.8,1,2010-10-01 09:14:00,2010-10-01 09:14:00,United Kingdom,34.8,433,433,1,1,1,3,Lapsed
17534,1668.83,5,2011-10-17 12:47:00,2010-02-25 16:55:00,United Kingdom,333.77,52,651,4,4,4,12,Active
17535,164.4,1,2011-03-04 15:20:00,2011-03-04 15:20:00,United Kingdom,164.4,279,279,2,1,1,4,Lapsed
17536,364.83,3,2011-06-15 13:23:00,2010-01-26 12:00:00,United Kingdom,121.61,176,681,3,3,2,8,At Risk
17537,897.62,2,2011-11-10 10:56:00,2011-02-09 13:37:00,United Kingdom,448.81,28,302,4,2,3,9,Active
17538,98.42,1,2011-11-14 12:12:00,2011-11-14 12:12:00,United Kingdom,98.42,24,24,4,1,1,6,New
17539,1226.57,4,2010-04-01 12:07:00,2009-12-13 12:36:00,United Kingdom,306.64,616,725,1,3,3,7,Lapsed
17540,1590.6,6,2011-11-15 11:56:00,2010-04-19 09:47:00,United Kingdom,265.1,23,598,4,4,4,12,Active
17541,124.46,1,2010-07-18 11:36:00,2010-07-18 11:36:00,United Kingdom,124.46,508,508,1,1,1,3,Lapsed
17542,341.7,3,2011-03-15 11:45:00,2010-03-08 12:08:00,United Kingdom,113.9,268,640,2,3,2,7,Lapsed
17543,120.05,1,2010-06-08 12:41:00,2010-06-08 12:41:00,United Kingdom,120.05,548,548,1,1,1,3,Lapsed
17544,960.69,3,2010-11-14 15:08:00,2010-11-14 14:47:00,United Kingdom,320.23,389,389,2,3,3,8,Lapsed
17545,1448.54,6,2011-10-27 14:04:00,2010-05-11 10:04:00,United Kingdom,241.42,42,576,4,4,4,12,Active
17547,727.85,2,2010-11-29 09:41:00,2010-02-12 14:34:00,United Kingdom,363.92,374,664,2,2,3,7,Lapsed
17548,731.26,4,2011-04-20 12:01:00,2010-11-08 16:19:00,United Kingdom,182.82,232,395,2,3,3,8,Lapsed
17549,148.86,2,2011-11-16 09:59:00,2011-10-19 10:05:00,United Kingdom,74.43,22,50,4,2,1,7,Active
17550,2547.64,9,2011-05-26 14:09:00,2010-02-07 15:07:00,United Kingdom,283.07,196,669,2,5,4,11,Lapsed
17551,306.84,1,2010-12-15 14:12:00,2010-12-15 14:12:00,United Kingdom,306.84,358,358,2,1,2,5,Lapsed
17552,3085.29,12,2011-10-10 17:00:00,2010-03-22 09:19:00,United Kingdom,257.11,59,626,3,5,5,13,Active
17553,3757.6,4,2011-08-02 10:00:00,2010-04-08 09:44:00,United Kingdom,939.4,128,609,3,3,5,11,At Risk
17554,1952.45,5,2011-12-08 14:15:00,2011-07-14 20:01:00,United Kingdom,390.49,0,147,5,4,4,13,Active
17555,1057.74,5,2011-11-20 12:22:00,2010-05-02 16:02:00,United Kingdom,211.55,18,585,4,4,3,11,Active
17556,300.67,2,2011-05-18 10:48:00,2010-11-25 17:00:00,United Kingdom,150.34,204,378,2,2,2,6,Lapsed
17557,575.46,4,2011-11-25 12:57:00,2009-12-07 10:15:00,United Kingdom,143.86,13,731,5,3,2,10,Active
17558,259.17,1,2010-11-11 14:36:00,2010-11-11 14:36:00,United Kingdom,259.17,392,392,2,1,1,4,Lapsed
17559,167.62,1,2010-07-15 12:02:00,2010-07-15 12:02:00,United Kingdom,167.62,511,511,1,1,1,3,Lapsed
17560,1895.8,8,2011-09-06 09:18:00,2010-02-17 12:11:00,United Kingdom,236.98,93,659,3,4,4,11,At Risk
17561,722.34,4,2011-11-20 12:53:00,2009-12-06 13:29:00,United Kingdom,180.58,18,732,4,3,3,10,Active
17562,1122.38,7,2011-11-25 14:21:00,2011-06-19 13:06:00,United Kingdom,160.34,13,172,5,4,3,12,Active
17563,392.38,2,2010-05-10 14:54:00,2010-04-07 10:02:00,United Kingdom,196.19,577,610,1,2,2,5,Lapsed
17564,454.01,3,2011-11-15 13:27:00,2011-09-20 14:00:00,United Kingdom,151.34,23,79,4,3,2,9,Active
17565,131.83,1,2010-05-02 11:54:00,2010-05-02 11:54:00,United Kingdom,131.83,585,585,1,1,1,3,Lapsed
17566,901.21,2,2011-12-01 19:54:00,2011-11-14 13:42:00,United Kingdom,450.6,7,24,5,2,3,10,Active
17567,5356.03,9,2011-12-02 15:48:00,2010-09-24 10:48:00,United Kingdom,595.11,6,440,5,5,5,15,Active
17568,382.79,1,2010-03-16 16:45:00,2010-03-16 16:45:00,United Kingdom,382.79,632,632,1,1,2,4,Lapsed
17569,344.14,1,2011-01-11 14:15:00,2011-01-11 14:15:00,United Kingdom,344.14,331,331,2,1,2,5,Lapsed
17570,100.0,1,2010-11-23 11:56:00,2010-11-23 11:56:00,United Kingdom,100.0,380,380,2,1,1,4,Lapsed
17571,1703.75,5,2011-10-20 15:57:00,2010-06-15 12:50:00,United Kingdom,340.75,49,541,4,4,4,12,Active
17572,723.01,10,2011-09-29 17:53:00,2009-12-15 10:00:00,United Kingdom,72.3,70,723,3,5,3,11,Active
17573,380.6,3,2011-11-10 13:01:00,2011-09-07 10:36:00,United Kingdom,126.87,28,92,4,3,2,9,Active
17574,185.65,1,2011-04-11 09:47:00,2011-04-11 09:47:00,United Kingdom,185.65,241,241,2,1,1,4,Lapsed
17575,171.7,1,2010-02-10 13:48:00,2010-02-10 13:48:00,United Kingdom,171.7,666,666,1,1,1,3,Lapsed
17576,9056.81,41,2011-12-01 17:56:00,2009-12-03 16:54:00,United Kingdom,220.9,7,735,5,5,5,15,Active
17577,348.75,2,2010-03-04 13:01:00,2010-02-09 10:10:00,United Kingdom,174.38,644,667,1,2,2,5,Lapsed
17578,1047.33,7,2011-05-05 18:38:00,2010-06-28 11:55:00,United Kingdom,149.62,217,528,2,4,3,9,Lapsed
17579,753.28,4,2011-12-05 12:28:00,2010-05-10 14:28:00,United Kingdom,188.32,3,577,5,3,3,11,Active
17580,545.27,5,2011-04-01 12:41:00,2010-10-13 14:28:00,United Kingdom,109.05,251,421,2,4,2,8,Lapsed
17581,18757.75,43,2011-12-09 12:21:00,2009-12-03 12:34:00,United Kingdom,436.23,-1,735,5,5,5,15,Active
17582,1450.7,5,2011-04-17 13:18:00,2010-03-26 12:23:00,United Kingdom,290.14,235,622,2,4,4,10,Lapsed
17583,135.95,1,2010-05-28 14:24:00,2010-05-28 14:24:00,United Kingdom,135.95,559,559,1,1,1,3,Lapsed
17584,5309.42,6,2011-12-02 17:12:00,2010-01-25 08:17:00,United Kingdom,884.9,6,682,5,4,5,14,Active
17585,2093.3,7,2011-08-22 13:30:00,2010-08-18 16:39:00,United Kingdom,299.04,108,477,3,4,4,11,At Risk
17586,167.4,1,2010-03-30 13:12:00,2010-03-30 13:12:00,United Kingdom,167.4,618,618,1,1,1,3,Lapsed
17587,181.66,1,2010-03-21 14:16:00,2010-03-21 14:16:00,United Kingdom,181.66,627,627,1,1,1,3,Lapsed
17588,2939.55,7,2011-08-31 13:37:00,2010-03-12 12:34:00,United Kingdom,419.94,99,636,3,4,4,11,At Risk
17589,14049.87,18,2011-10-10 16:58:00,2010-03-07 13:48:00,United Kingdom,780.55,59,641,3,5,5,13,Active
17590,1479.22,3,2011-12-07 12:55:00,2011-10-30 14:05:00,United Kingdom,493.07,1,39,5,3,4,12,Active
17591,2776.67,8,2011-09-27 13:42:00,2010-01-17 16:09:00,United Kingdom,347.08,72,690,3,4,4,11,Active
17592,148.3,1,2009-12-01 10:49:00,2009-12-01 10:49:00,United Kingdom,148.3,737,737,1,1,1,3,Lapsed
17593,8095.8,11,2011-12-06 10:30:00,2009-12-04 14:35:00,United Kingdom,735.98,2,734,5,5,5,15,Active
17594,2497.88,4,2011-09-15 16:34:00,2010-04-14 08:53:00,United Kingdom,624.47,84,603,3,3,4,10,Active
17595,388.79,2,2011-11-27 16:08:00,2011-11-02 16:19:00,United Kingdom,194.4,11,36,5,2,2,9,Active
17596,4920.67,13,2011-11-16 14:11:00,2009-12-15 13:21:00,United Kingdom,378.51,22,723,4,5,5,14,Active
17597,3484.09,5,2011-05-10 11:54:00,2010-05-05 15:33:00,United Kingdom,696.82,212,582,2,4,5,11,Lapsed
17598,409.98,1,2010-11-23 17:43:00,2010-11-23 17:43:00,United Kingdom,409.98,380,380,2,1,2,5,Lapsed
17599,52.05,1,2010-08-19 12:50:00,2010-08-19 12:50:00,United Kingdom,52.05,476,476,1,1,1,3,Lapsed
17600,161.67,1,2011-11-22 09:43:00,2011-11-22 09:43:00,United Kingdom,161.67,16,16,5,1,1,7,New
17601,421.48,2,2011-04-14 18:02:00,2010-11-24 14:29:00,United Kingdom,210.74,238,379,2,2,2,6,Lapsed
17602,7451.13,14,2011-12-07 13:53:00,2010-03-30 17:25:00,United Kingdom,532.22,1,618,5,5,5,15,Active
17603,1793.48,4,2011-09-22 14:18:00,2009-12-10 09:44:00,United Kingdom,448.37,77,728,3,3,4,10,Active
17604,945.93,6,2011-05-06 13:43:00,2010-01-27 12:19:00,United Kingdom,157.66,216,680,2,4,3,9,Lapsed
17605,160.75,1,2010-04-28 14:45:00,2010-04-28 14:45:00,United Kingdom,160.75,589,589,1,1,1,3,Lapsed
17606,87.3,1,2009-12-02 13:32:00,2009-12-02 13:32:00,United Kingdom,87.3,736,736,1,1,1,3,Lapsed
17607,333.81,1,2010-11-28 13:11:00,2010-11-28 13:11:00,United Kingdom,333.81,375,375,2,1,2,5,Lapsed
17608,498.53,4,2011-11-06 13:06:00,2010-04-11 13:37:00,United Kingdom,124.63,32,606,4,3,2,9,Active
17609,1894.34,11,2011-10-30 12:28:00,2010-04-09 16:54:00,United Kingdom,172.21,39,608,4,5,4,13,Active
17610,1529.49,5,2010-06-17 16:34:00,2009-12-06 16:07:00,United Kingdom,305.9,539,732,1,4,4,9,Lapsed
17611,8371.98,28,2011-12-02 13:29:00,2009-12-01 13:29:00,United Kingdom,299.0,6,737,5,5,5,15,Active
17612,5394.86,18,2011-10-17 14:59:00,2009-12-17 11:59:00,United Kingdom,299.71,52,721,4,5,5,14,Active
17613,4559.15,14,2011-11-17 10:51:00,2011-02-07 11:20:00,United Kingdom,325.65,21,304,4,5,5,14,Active
17614,390.07,1,2011-10-13 16:01:00,2011-10-13 16:01:00,United Kingdom,390.07,56,56,4,1,2,7,Active
17615,733.2,6,2011-08-01 14:06:00,2010-08-11 12:54:00,United Kingdom,122.2,129,484,3,4,3,10,At Risk
17616,1060.8,4,2011-06-19 10:11:00,2010-09-14 10:43:00,United Kingdom,265.2,172,450,3,3,3,9,At Risk
17617,395.33,1,2010-05-30 12:48:00,2010-05-30 12:48:00,United Kingdom,395.33,557,557,1,1,2,4,Lapsed
17618,4073.24,11,2011-12-04 11:50:00,2010-01-24 11:03:00,United Kingdom,370.29,4,683,5,5,5,15,Active
17619,218.52,1,2011-01-31 14:18:00,2011-01-31 14:18:00,United Kingdom,218.52,311,311,2,1,1,4,Lapsed
17620,81.44,1,2011-10-11 12:08:00,2011-10-11 12:08:00,United Kingdom,81.44,58,58,3,1,1,5,Active
17621,3175.12,6,2011-11-18 17:11:00,2010-10-04 09:37:00,United Kingdom,529.19,20,430,4,4,5,13,Active
17622,1130.21,2,2010-04-21 12:36:00,2010-04-20 13:38:00,United Kingdom,565.1,596,597,1,2,3,6,Lapsed
17623,2383.67,7,2011-11-07 11:32:00,2009-12-14 14:36:00,United Kingdom,340.52,31,724,4,4,4,12,Active
17624,1568.63,4,2011-11-25 10:52:00,2009-12-20 12:35:00,United Kingdom,392.16,13,718,5,3,4,12,Active
17625,6067.8,8,2011-11-21 13:36:00,2009-12-15 11:49:00,United Kingdom,758.48,17,723,5,4,5,14,Active
17626,254.0,1,2010-04-16 12:15:00,2010-04-16 12:15:00,United Kingdom,254.0,601,601,1,1,1,3,Lapsed
17627,296.36,1,2010-08-18 11:27:00,2010-08-18 11:27:00,United Kingdom,296.36,477,477,1,1,2,4,Lapsed
17628,75.75,1,2011-09-19 15:21:00,2011-09-19 15:21:00,United Kingdom,75.75,80,80,3,1,1,5,Active
17629,2455.52,10,2011-12-04 10:56:00,2010-10-14 13:35:00,United Kingdom,245.55,4,420,5,5,4,14,Active
17630,503.6,2,2011-06-23 11:58:00,2011-04-21 14:03:00,United Kingdom,251.8,168,231,3,2,2,7,At Risk
17631,998.49,7,2011-12-08 09:47:00,2009-12-09 14:15:00,United Kingdom,142.64,0,729,5,4,3,12,Active
17633,2057.39,7,2011-11-08 13:25:00,2010-11-15 14:55:00,United Kingdom,293.91,30,388,4,4,4,12,Active
17634,2361.97,9,2011-11-03 13:09:00,2011-01-06 12:45:00,United Kingdom,262.44,35,336,4,5,4,13,Active
17635,1265.58,3,2010-10-11 15:12:00,2010-04-28 10:51:00,United Kingdom,421.86,423,589,1,3,4,8,Lapsed
17636,285.56,1,2011-11-20 14:40:00,2011-11-20 14:40:00,United Kingdom,285.56,18,18,4,1,1,6,New
17637,547.06,2,2011-11-08 12:51:00,2011-08-16 13:25:00,United Kingdom,273.53,30,114,4,2,2,8,Active
17638,842.4,2,2010-03-02 14:32:00,2009-12-18 09:58:00,United Kingdom,421.2,646,720,1,2,3,6,Lapsed
17639,615.17,6,2011-03-08 15:22:00,2010-08-13 11:59:00,United Kingdom,102.53,275,482,2,4,2,8,Lapsed
17640,3168.94,6,2011-09-14 09:13:00,2010-03-23 09:15:00,United Kingdom,528.16,85,625,3,4,5,12,Active
17642,1824.49,5,2011-08-12 09:11:00,2009-12-05 16:01:00,United Kingdom,364.9,118,733,3,4,4,11,At Risk
17643,541.25,2,2010-12-01 14:38:00,2010-07-22 13:07:00,United Kingdom,270.62,372,504,2,2,2,6,Lapsed
17644,6028.6,20,2011-12-08 13:43:00,2010-02-16 08:44:00,United Kingdom,301.43,0,660,5,5,5,15,Active
17646,4149.79,12,2011-05-04 13:17:00,2009-12-16 09:37:00,United Kingdom,345.82,218,722,2,5,5,12,Lapsed
17647,331.66,3,2011-10-05 15:38:00,2010-02-08 14:39:00,United Kingdom,110.55,64,668,3,3,2,8,Active
17648,2216.37,5,2011-10-10 09:41:00,2010-11-19 16:41:00,United Kingdom,443.27,59,384,3,4,4,11,Active
17649,1578.89,3,2011-07-24 15:53:00,2010-08-24 13:01:00,United Kingdom,526.3,137,471,3,3,4,10,At Risk
17650,166.08,1,2011-11-18 14:52:00,2011-11-18 14:52:00,United Kingdom,166.08,20,20,4,1,1,6,New
17651,5703.52,16,2011-11-28 10:29:00,2010-07-01 12:17:00,United Kingdom,356.47,10,525,5,5,5,15,Active
17652,4867.72,12,2011-11-14 12:55:00,2011-03-03 14:05:00,United Kingdom,405.64,24,280,4,5,5,14,Active
17653,1207.56,4,2011-11-03 12:46:00,2011-08-11 15:24:00,United Kingdom,301.89,35,119,4,3,3,10,Active
17654,117.55,1,2011-03-07 13:17:00,2011-03-07 13:17:00,United Kingdom,117.55,276,276,2,1,1,4,Lapsed
17655,3652.48,9,2011-11-29 11:34:00,2010-10-19 10:20:00,United Kingdom,405.83,9,415,5,5,5,15,Active
17656,1674.69,5,2011-09-27 13:04:00,2011-08-03 10:45:00,United Kingdom,334.94,72,127,3,4,4,11,Active
17657,126.0,1,2010-10-05 14:52:00,2010-10-05 14:52:00,United Kingdom,126.0,429,429,1,1,1,3,Lapsed
17658,595.42,2,2011-11-14 12:07:00,2011-05-12 15:23:00,United Kingdom,297.71,24,210,4,2,2,8,Active
17659,3834.79,14,2011-11-22 13:29:00,2010-11-18 14:20:00,United Kingdom,273.91,16,385,5,5,5,15,Active
17660,359.47,2,2011-07-21 13:37:00,2009-12-02 16:02:00,United Kingdom,179.74,140,736,3,2,2,7,At Risk
17662,412.92,2,2010-02-16 09:38:00,2009-12-17 09:54:00,United Kingdom,206.46,660,721,1,2,2,5,Lapsed
17663,5175.83,17,2011-11-14 08:56:00,2010-03-04 11:42:00,United Kingdom,304.46,24,644,4,5,5,14,Active
17664,1166.23,4,2011-11-21 11:29:00,2010-03-29 17:17:00,United Kingdom,291.56,17,619,5,3,3,11,Active
17665,563.1,1,2010-08-03 13:12:00,2010-08-03 13:12:00,United Kingdom,563.1,492,492,1,1,2,4,Lapsed
17666,2047.8,5,2011-12-06 09:06:00,2010-06-30 12:03:00,United Kingdom,409.56,2,526,5,4,4,13,Active
17667,3950.7,9,2011-10-04 14:32:00,2010-02-23 09:57:00,United Kingdom,438.97,65,653,3,5,5,13,Active
17668,347.75,2,2011-12-08 13:25:00,2011-11-01 14:45:00,United Kingdom,173.88,0,37,5,2,2,9,Active
17669,6142.35,10,2011-10-28 08:53:00,2010-04-01 18:48:00,United Kingdom,614.24,41,616,4,5,5,14,Active
17670,205.7,1,2011-04-26 09:12:00,2011-04-26 09:12:00,United Kingdom,205.7,226,226,2,1,1,4,Lapsed
17671,2403.34,5,2011-11-24 12:21:00,2010-11-29 11:53:00,United Kingdom,480.67,14,374,5,4,4,13,Active
17672,5778.63,7,2011-10-20 14:18:00,2010-01-26 17:20:00,United Kingdom,825.52,49,681,4,4,5,13,Active
17673,4233.58,13,2011-12-08 12:50:00,2010-03-19 14:02:00,United Kingdom,325.66,0,629,5,5,5,15,Active
17674,851.7,2,2011-09-26 13:35:00,2010-12-06 10:20:00,United Kingdom,425.85,73,367,3,2,3,8,Active
17675,38259.6,70,2011-12-08 18:03:00,2009-12-10 16:10:00,United Kingdom,546.57,0,728,5,5,5,15,Active
17676,2765.84,10,2011-12-05 15:16:00,2010-03-30 10:49:00,United Kingdom,276.58,3,618,5,5,4,14,Active
17677,36692.91,54,2011-12-08 09:56:00,2009-12-16 11:23:00,United Kingdom,679.5,0,722,5,5,5,15,Active
17678,599.76,2,2011-03-21 11:52:00,2010-04-15 13:54:00,United Kingdom,299.88,262,602,2,2,2,6,Lapsed
17679,3577.61,7,2011-10-18 07:43:00,2009-12-03 17:32:00,United Kingdom,511.09,51,735,4,4,5,13,Active
17680,497.45,3,2011-11-16 12:42:00,2010-07-16 16:07:00,United Kingdom,165.82,22,510,4,3,2,9,Active
17681,731.2,5,2010-04-21 17:22:00,2010-01-15 11:53:00,United Kingdom,146.24,596,692,1,4,3,8,Lapsed
17682,4456.78,11,2011-11-29 15:59:00,2010-03-08 09:49:00,United Kingdom,405.16,9,640,5,5,5,15,Active
17683,819.01,3,2010-11-19 10:11:00,2010-06-03 17:15:00,United Kingdom,273.0,384,553,2,3,3,8,Lapsed
17684,239.41,1,2011-10-27 11:10:00,2011-10-27 11:10:00,United Kingdom,239.41,42,42,4,1,1,6,Active
17685,5943.17,12,2011-11-23 11:36:00,2010-02-11 13:44:00,United Kingdom,495.26,15,665,5,5,5,15,Active
17686,8296.81,9,2011-12-02 15:39:00,2010-06-24 09:49:00,United Kingdom,921.87,6,532,5,5,5,15,Active
17687,432.68,1,2010-10-15 12:30:00,2010-10-15 12:30:00,United Kingdom,432.68,419,419,1,1,2,4,Lapsed
17688,304.2,1,2010-11-11 10:41:00,2010-11-11 10:41:00,United Kingdom,304.2,392,392,2,1,2,5,Lapsed
17689,317.08,2,2010-11-16 13:22:00,2010-08-22 13:54:00,United Kingdom,158.54,387,473,2,2,2,6,Lapsed
17690,7448.1,20,2011-11-09 15:17:00,2010-02-03 14:26:00,United Kingdom,372.4,29,673,4,5,5,14,Active
17691,780.05,4,2010-12-16 17:20:00,2010-06-11 11:50:00,United Kingdom,195.01,357,545,2,3,3,8,Lapsed
17692,2975.8,12,2011-08-04 14:01:00,2010-06-17 11:14:00,United Kingdom,247.98,126,539,3,5,5,13,At Risk
17693,200.47,1,2011-07-25 15:48:00,2011-07-25 15:48:00,United Kingdom,200.47,136,136,3,1,1,5,At Risk
17694,1695.97,3,2011-07-21 12:00:00,2010-05-26 08:27:00,United Kingdom,565.32,140,561,3,3,4,10,At Risk
17695,1746.04,5,2011-07-31 10:40:00,2010-01-28 09:27:00,United Kingdom,349.21,130,679,3,4,4,11,At Risk
17696,7679.59,27,2011-11-01 13:43:00,2009-12-10 17:09:00,United Kingdom,284.43,37,728,4,5,5,14,Active
17697,338.95,1,2011-04-17 15:40:00,2011-04-17 15:40:00,United Kingdom,338.95,235,235,2,1,2,5,Lapsed
17698,154.95,1,2011-03-24 11:34:00,2011-03-24 11:34:00,United Kingdom,154.95,259,259,2,1,1,4,Lapsed
17699,442.0,2,2010-08-20 09:39:00,2010-05-27 11:53:00,United Kingdom,221.0,475,560,1,2,2,5,Lapsed
17700,6679.97,14,2011-11-23 11:51:00,2009-12-01 11:37:00,United Kingdom,477.14,15,737,5,5,5,15,Active
17701,417.95,1,2011-04-01 12:25:00,2011-04-01 12:25:00,United Kingdom,417.95,251,251,2,1,2,5,Lapsed
17702,3144.04,6,2011-11-09 16:03:00,2010-11-04 12:09:00,United Kingdom,524.01,29,399,4,4,5,13,Active
17703,1094.84,4,2011-11-04 15:51:00,2010-10-17 16:16:00,United Kingdom,273.71,34,417,4,3,3,10,Active
17704,885.19,2,2011-06-24 09:40:00,2011-04-14 09:28:00,United Kingdom,442.6,167,238,3,2,3,8,At Risk
17705,2083.9,11,2011-12-06 13:45:00,2010-05-12 09:47:00,United Kingdom,189.45,2,575,5,5,4,14,Active
17706,20749.98,31,2011-12-05 13:34:00,2010-01-19 12:13:00,United Kingdom,669.35,3,688,5,5,5,15,Active
17707,609.3,8,2011-06-07 15:03:00,2009-12-07 12:19:00,United Kingdom,76.16,184,731,3,4,2,9,Lapsed
17708,887.93,4,2011-06-05 10:12:00,2010-10-12 12:13:00,United Kingdom,221.98,186,422,3,3,3,9,Lapsed
17709,671.01,5,2011-06-23 11:55:00,2010-04-15 14:48:00,United Kingdom,134.2,168,602,3,4,3,10,At Risk
17710,293.5,1,2010-10-12 07:49:00,2010-10-12 07:49:00,United Kingdom,293.5,422,422,1,1,2,4,Lapsed
17711,385.1,2,2011-11-29 11:40:00,2011-02-23 11:32:00,United Kingdom,192.55,9,288,5,2,2,9,Active
17712,522.91,1,2011-10-26 12:28:00,2011-10-26 12:28:00,United Kingdom,522.91,43,43,4,1,2,7,Active
17713,1198.09,4,2010-11-22 16:50:00,2010-06-09 09:33:00,United Kingdom,299.52,381,547,2,3,3,8,Lapsed
17714,1410.18,5,2011-01-23 10:32:00,2010-07-14 10:41:00,United Kingdom,282.04,319,512,2,4,4,10,Lapsed
17715,489.6,2,2011-05-23 12:32:00,2010-04-26 12:17:00,United Kingdom,244.8,199,591,2,2,2,6,Lapsed
17716,15956.97,24,2011-11-17 12:00:00,2009-12-02 17:18:00,United Kingdom,664.87,21,736,4,5,5,14,Active
17717,376.92,1,2010-10-14 12:54:00,2010-10-14 12:54:00,United Kingdom,376.92,420,420,1,1,2,4,Lapsed
17718,439.18,2,2011-04-21 13:39:00,2010-03-05 08:01:00,United Kingdom,219.59,231,643,2,2,2,6,Lapsed
17719,5396.04,15,2011-11-02 10:36:00,2011-03-29 11:29:00,United Kingdom,359.74,36,254,4,5,5,14,Active
17720,2768.91,10,2011-11-13 15:04:00,2010-05-10 09:58:00,United Kingdom,276.89,25,577,4,5,4,13,Active
17721,307.21,1,2010-02-18 15:18:00,2010-02-18 15:18:00,United Kingdom,307.21,658,658,1,1,2,4,Lapsed
17722,4430.36,5,2011-09-04 15:22:00,2010-11-29 09:44:00,United Kingdom,886.07,95,374,3,4,5,12,At Risk
17723,3378.4,7,2011-08-04 18:37:00,2010-11-29 10:35:00,United Kingdom,482.63,126,374,3,4,5,12,At Risk
17724,1033.0,3,2011-09-29 15:26:00,2011-07-24 13:26:00,United Kingdom,344.33,70,137,3,3,3,9,Active
17725,3439.08,11,2011-11-23 16:34:00,2011-03-17 19:47:00,United Kingdom,312.64,15,266,5,5,5,15,Active
17726,1092.06,7,2010-11-09 13:37:00,2010-01-26 14:58:00,United Kingdom,156.01,394,681,2,4,3,9,Lapsed
17727,1060.25,1,2011-11-24 17:06:00,2011-11-24 17:06:00,United Kingdom,1060.25,14,14,5,1,3,9,New
17728,4238.76,5,2011-12-06 08:52:00,2010-09-12 14:58:00,United Kingdom,847.75,2,452,5,4,5,14,Active
17729,438.65,1,2010-04-22 15:03:00,2010-04-22 15:03:00,United Kingdom,438.65,595,595,1,1,2,4,Lapsed
17730,7773.8,20,2011-12-06 15:43:00,2010-04-29 11:48:00,United Kingdom,388.69,2,588,5,5,5,15,Active
17731,1708.99,6,2011-09-21 15:02:00,2010-02-09 12:37:00,United Kingdom,284.83,78,667,3,4,4,11,Active
17732,2470.39,8,2010-12-02 09:29:00,2010-08-09 08:41:00,United Kingdom,308.8,371,486,2,4,4,10,Lapsed
17733,692.19,2,2011-11-01 08:16:00,2011-03-23 09:54:00,United Kingdom,346.1,37,260,4,2,3,9,Active
17734,1442.32,6,2011-10-17 12:33:00,2010-03-07 13:55:00,United Kingdom,240.39,52,641,4,4,4,12,Active
17735,17244.93,26,2011-12-07 16:47:00,2010-07-30 13:25:00,United Kingdom,663.27,1,496,5,5,5,15,Active
17736,377.44,3,2011-11-30 15:36:00,2011-08-18 14:33:00,United Kingdom,125.81,8,112,5,3,2,10,Active
17737,168.24,2,2011-11-30 15:16:00,2011-10-12 14:42:00,United Kingdom,84.12,8,57,5,2,1,8,Active
17738,4183.56,13,2011-11-20 15:05:00,2010-03-19 10:07:00,United Kingdom,321.81,18,629,4,5,5,14,Active
17739,7730.59,18,2011-11-28 09:12:00,2009-12-07 10:48:00,United Kingdom,429.48,10,731,5,5,5,15,Active
17740,426.9,6,2010-11-15 16:33:00,2010-01-11 13:11:00,United Kingdom,71.15,388,696,2,4,2,8,Lapsed
17741,101.1,2,2010-10-29 11:59:00,2010-05-28 12:11:00,United Kingdom,50.55,405,559,2,2,1,5,Lapsed
17742,2098.48,11,2011-08-18 15:28:00,2009-12-01 13:16:00,United Kingdom,190.77,112,737,3,5,4,12,At Risk
17743,229.2,1,2010-09-17 14:54:00,2010-09-17 14:54:00,United Kingdom,229.2,447,447,1,1,1,3,Lapsed
17744,2649.14,7,2011-12-06 12:11:00,2010-11-24 09:34:00,United Kingdom,378.45,2,379,5,4,4,13,Active
17745,600.34,2,2010-08-19 12:30:00,2010-06-02 09:03:00,United Kingdom,300.17,476,554,1,2,2,5,Lapsed
17746,904.18,4,2011-04-13 14:31:00,2010-04-08 12:54:00,United Kingdom,226.04,239,609,2,3,3,8,Lapsed
17747,71.4,1,2011-08-19 08:13:00,2011-08-19 08:13:00,United Kingdom,71.4,111,111,3,1,1,5,At Risk
17748,358.15,1,2010-06-30 13:49:00,2010-06-30 13:49:00,United Kingdom,358.15,526,526,1,1,2,4,Lapsed
17749,1026.18,3,2011-06-14 15:45:00,2010-06-11 14:56:00,United Kingdom,342.06,177,545,3,3,3,9,At Risk
17750,1797.57,9,2011-12-04 14:09:00,2011-06-28 15:44:00,United Kingdom,199.73,4,163,5,5,4,14,Active
17751,157.86,1,2010-10-14 13:57:00,2010-10-14 13:57:00,United Kingdom,157.86,420,420,1,1,1,3,Lapsed
17752,80.64,1,2010-12-15 16:19:00,2010-12-15 16:19:00,United Kingdom,80.64,358,358,2,1,1,4,Lapsed
17753,390.56,4,2010-09-01 15:49:00,2010-01-06 14:20:00,United Kingdom,97.64,463,701,1,3,2,6,Lapsed
17754,4577.53,13,2011-12-09 11:20:00,2009-12-11 15:52:00,United Kingdom,352.12,-1,727,5,5,5,15,Active
17756,733.7,3,2010-11-29 12:20:00,2010-11-10 12:54:00,United Kingdom,244.57,374,393,2,3,3,8,Lapsed
17757,9422.45,56,2011-12-08 15:31:00,2010-01-13 15:56:00,United Kingdom,168.26,0,694,5,5,5,15,Active
17758,5012.53,12,2011-11-20 14:45:00,2010-05-20 13:18:00,United Kingdom,417.71,18,567,4,5,5,14,Active
17759,1276.91,5,2011-11-22 16:02:00,2010-05-05 11:40:00,United Kingdom,255.38,16,582,5,4,4,13,Active
17760,918.93,6,2011-11-18 10:56:00,2010-02-28 12:15:00,United Kingdom,153.16,20,648,4,4,3,11,Active
17761,712.78,1,2011-11-07 10:23:00,2011-11-07 10:23:00,United Kingdom,712.78,31,31,4,1,3,8,Active
17762,129.75,1,2010-09-09 17:40:00,2010-09-09 17:40:00,United Kingdom,129.75,455,455,1,1,1,3,Lapsed
17763,86.15,4,2011-03-21 14:25:00,2010-02-18 14:32:00,United Kingdom,21.54,262,658,2,3,1,6,Lapsed
17764,1623.64,5,2011-10-20 11:03:00,2009-12-03 14:28:00,United Kingdom,324.73,49,735,4,4,4,12,Active
17765,530.8,4,2011-07-04 12:41:00,2010-09-17 12:45:00,United Kingdom,132.7,157,447,3,3,2,8,At Risk
17766,299.61,2,2010-11-23 14:29:00,2010-11-23 14:17:00,United Kingdom,149.8,380,380,2,2,2,6,Lapsed
17767,413.05,2,2011-11-24 14:42:00,2010-10-25 16:22:00,United Kingdom,206.52,14,409,5,2,2,9,Active
17768,3509.51,7,2011-12-01 13:22:00,2009-12-02 12:26:00,United Kingdom,501.36,7,736,5,4,5,14,Active
17769,7103.08,17,2011-11-27 11:18:00,2010-01-19 11:33:00,United Kingdom,417.83,11,688,5,5,5,15,Active
17770,1143.27,5,2011-05-25 12:34:00,2011-03-02 13:35:00,United Kingdom,228.65,197,281,2,4,3,9,Lapsed
17771,387.41,4,2011-10-14 11:43:00,2010-04-29 13:21:00,United Kingdom,96.85,55,588,4,3,2,9,Active
17772,384.77,3,2011-11-29 11:05:00,2010-11-12 11:31:00,United Kingdom,128.26,9,391,5,3,2,10,Active
17773,585.27,2,2010-07-13 14:07:00,2010-01-18 14:32:00,United Kingdom,292.64,513,689,1,2,2,5,Lapsed
17774,3328.05,9,2011-09-04 12:49:00,2010-02-08 16:06:00,United Kingdom,369.78,95,668,3,5,5,13,At Risk
17775,56.4,1,2011-03-30 10:50:00,2011-03-30 10:50:00,United Kingdom,56.4,253,253,2,1,1,4,Lapsed
17776,338.56,2,2010-11-18 12:14:00,2009-12-16 14:59:00,United Kingdom,169.28,385,722,2,2,2,6,Lapsed
17777,665.86,3,2011-11-15 12:02:00,2011-08-31 14:35:00,United Kingdom,221.95,23,99,4,3,3,10,Active
17778,197.7,1,2010-02-16 12:44:00,2010-02-16 12:44:00,United Kingdom,197.7,660,660,1,1,1,3,Lapsed
17779,658.57,3,2011-11-18 14:15:00,2011-07-19 12:19:00,United Kingdom,219.52,20,142,4,3,3,10,Active
17780,352.91,3,2010-02-10 13:43:00,2010-01-24 11:21:00,United Kingdom,117.64,666,683,1,3,2,6,Lapsed
17781,188.02,2,2011-07-03 16:00:00,2011-03-31 19:54:00,United Kingdom,94.01,158,252,3,2,1,6,At Risk
17782,679.02,2,2010-11-22 11:15:00,2010-11-22 10:03:00,United Kingdom,339.51,381,381,2,2,3,7,Lapsed
17783,379.91,3,2011-09-28 16:07:00,2010-07-15 12:50:00,United Kingdom,126.64,71,511,3,3,2,8,Active
17784,112.86,1,2010-06-07 16:08:00,2010-06-07 16:08:00,United Kingdom,112.86,549,549,1,1,1,3,Lapsed
17785,403.38,3,2011-10-17 13:43:00,2010-05-23 13:01:00,United Kingdom,134.46,52,564,4,3,2,9,Active
17786,278.74,2,2011-09-15 12:51:00,2011-01-26 14:35:00,United Kingdom,139.37,84,316,3,2,1,6,Active
17787,2601.47,4,2011-07-10 11:24:00,2010-12-03 13:43:00,United Kingdom,650.37,151,370,3,3,4,10,At Risk
17788,1117.9,2,2011-09-27 10:09:00,2011-08-02 10:38:00,United Kingdom,558.95,72,128,3,2,3,8,Active
17789,397.15,2,2011-03-03 13:14:00,2010-02-16 13:16:00,United Kingdom,198.58,280,660,2,2,2,6,Lapsed
17790,2783.61,20,2011-11-13 11:30:00,2010-06-13 13:30:00,United Kingdom,139.18,25,543,4,5,4,13,Active
17791,106.1,1,2011-11-10 12:09:00,2011-11-10 12:09:00,United Kingdom,106.1,28,28,4,1,1,6,New
17792,370.05,2,2010-08-29 14:30:00,2010-08-18 13:08:00,United Kingdom,185.02,466,477,1,2,2,5,Lapsed
17793,323.04,1,2011-11-14 14:24:00,2011-11-14 14:24:00,United Kingdom,323.04,24,24,4,1,2,7,New
17794,147.3,2,2010-01-22 10:18:00,2010-01-20 12:17:00,United Kingdom,73.65,685,687,1,2,1,4,Lapsed
17795,350.39,2,2011-06-13 12:36:00,2011-03-20 12:02:00,United Kingdom,175.2,178,263,3,2,2,7,At Risk
17796,1361.99,7,2011-10-30 15:38:00,2010-10-14 13:37:00,United Kingdom,194.57,39,420,4,4,4,12,Active
17797,1985.87,8,2011-11-17 13:21:00,2009-12-15 14:30:00,United Kingdom,248.23,21,723,4,4,4,12,Active
17798,183.09,1,2010-05-07 11:42:00,2010-05-07 11:42:00,United Kingdom,183.09,580,580,1,1,1,3,Lapsed
17799,6341.89,20,2011-11-17 15:16:00,2009-12-13 16:03:00,United Kingdom,317.09,21,725,4,5,5,14,Active
17800,1199.01,9,2011-11-02 12:57:00,2011-01-09 13:50:00,United Kingdom,133.22,36,333,4,5,3,12,Active
17801,798.33,3,2010-09-14 14:32:00,2010-01-17 11:31:00,United Kingdom,266.11,450,690,1,3,3,7,Lapsed
17802,5053.12,10,2011-09-18 14:56:00,2009-12-13 13:39:00,United Kingdom,505.31,81,725,3,5,5,13,Active
17803,184.66,1,2010-11-12 13:53:00,2010-11-12 13:53:00,United Kingdom,184.66,391,391,2,1,1,4,Lapsed
17804,385.23,3,2010-11-28 14:01:00,2009-12-01 12:22:00,United Kingdom,128.41,375,737,2,3,2,7,Lapsed
17805,927.03,2,2011-09-27 11:49:00,2010-04-08 14:36:00,United Kingdom,463.52,72,609,3,2,3,8,Active
17806,546.04,1,2011-11-28 14:12:00,2011-11-28 14:12:00,United Kingdom,546.04,10,10,5,1,2,8,New
17807,437.87,3,2010-11-09 16:21:00,2010-01-04 14:00:00,United Kingdom,145.96,394,703,2,3,2,7,Lapsed
17808,262.64,4,2010-06-09 10:44:00,2010-05-07 16:26:00,United Kingdom,65.66,547,580,1,3,1,5,Lapsed
17809,11337.39,20,2011-11-23 12:59:00,2009-12-02 14:52:00,United Kingdom,566.87,15,736,5,5,5,15,Active
17810,374.81,2,2010-02-09 10:47:00,2010-01-25 10:26:00,United Kingdom,187.4,667,682,1,2,2,5,Lapsed
17811,9609.8,47,2011-12-05 13:46:00,2010-09-20 11:24:00,United Kingdom,204.46,3,444,5,5,5,15,Active
17812,1165.89,7,2011-11-27 11:47:00,2010-06-27 13:34:00,United Kingdom,166.56,11,529,5,4,3,12,Active
17813,1770.88,5,2011-11-25 16:13:00,2011-09-29 15:57:00,United Kingdom,354.18,13,70,5,4,4,13,Active
17814,1617.32,2,2010-11-29 14:21:00,2010-10-13 14:03:00,United Kingdom,808.66,374,421,2,2,4,8,Lapsed
17815,591.96,1,2010-11-11 14:39:00,2010-11-11 14:39:00,United Kingdom,591.96,392,392,2,1,2,5,Lapsed
17816,112.32,6,2011-11-03 11:34:00,2009-12-15 15:27:00,United Kingdom,18.72,35,723,4,4,1,9,Active
17817,807.85,6,2011-12-05 14:39:00,2010-10-13 15:07:00,United Kingdom,134.64,3,421,5,4,3,12,Active
17818,130.18,1,2009-12-02 11:34:00,2009-12-02 11:34:00,United Kingdom,130.18,736,736,1,1,1,3,Lapsed
17819,6612.52,12,2011-09-29 10:52:00,2009-12-13 15:24:00,United Kingdom,551.04,70,725,3,5,5,13,Active
17820,183.56,1,2010-11-30 17:43:00,2010-11-30 17:43:00,United Kingdom,183.56,373,373,2,1,1,4,Lapsed
17821,334.62,1,2010-10-29 13:20:00,2010-10-29 13:20:00,United Kingdom,334.62,405,405,2,1,2,5,Lapsed
17822,2188.5,5,2010-10-15 13:47:00,2010-05-28 12:15:00,United Kingdom,437.7,419,559,1,4,4,9,Lapsed
17823,494.25,2,2010-10-14 16:24:00,2010-10-14 16:14:00,United Kingdom,247.12,420,420,1,2,2,5,Lapsed
17824,298.4,1,2011-10-19 14:14:00,2011-10-19 14:14:00,United Kingdom,298.4,50,50,4,1,2,7,Active
17825,731.96,4,2010-04-20 12:01:00,2009-12-14 12:09:00,United Kingdom,182.99,597,724,1,3,3,7,Lapsed
17826,134.59,1,2010-11-30 13:23:00,2010-11-30 13:23:00,United Kingdom,134.59,373,373,2,1,1,4,Lapsed
17827,2388.05,6,2011-12-04 15:00:00,2010-03-28 12:20:00,United Kingdom,398.01,4,620,5,4,4,13,Active
17828,1820.09,4,2011-11-17 08:41:00,2011-06-08 08:31:00,Malta,455.02,21,183,4,3,4,11,Active
17829,4756.74,5,2011-02-14 12:46:00,2010-02-22 15:39:00,United Arab Emirates,951.35,297,654,2,4,5,11,Lapsed
17830,398.7,3,2011-12-08 12:28:00,2011-02-24 10:15:00,United Kingdom,132.9,0,287,5,3,2,10,Active
17831,35.4,1,2011-11-06 15:09:00,2011-11-06 15:09:00,United Kingdom,35.4,32,32,4,1,1,6,Active
17832,155.37,1,2011-10-21 11:43:00,2011-10-21 11:43:00,United Kingdom,155.37,48,48,4,1,1,6,Active
17833,342.36,1,2009-12-16 13:40:00,2009-12-16 13:40:00,United Kingdom,342.36,722,722,1,1,2,4,Lapsed
17834,730.47,2,2010-10-21 12:09:00,2010-09-20 15:32:00,United Kingdom,365.24,413,444,1,2,3,6,Lapsed
17835,350.64,3,2011-12-07 11:48:00,2011-11-16 16:30:00,United Kingdom,116.88,1,22,5,3,2,10,Active
17836,110.21,1,2011-10-23 16:13:00,2011-10-23 16:13:00,United Kingdom,110.21,46,46,4,1,1,6,Active
17837,1593.38,8,2011-10-28 16:13:00,2011-06-29 16:44:00,United Kingdom,199.17,41,162,4,4,4,12,Active
17838,6722.9,13,2011-11-13 11:20:00,2010-03-19 09:53:00,United Kingdom,517.15,25,629,4,5,5,14,Active
17839,338.8,1,2011-10-28 17:27:00,2011-10-28 17:27:00,United Kingdom,338.8,41,41,4,1,2,7,Active
17840,185.72,1,2010-09-22 12:24:00,2010-09-22 12:24:00,United Kingdom,185.72,442,442,1,1,1,3,Lapsed
17841,70884.07,211,2011-12-08 12:07:00,2009-12-02 15:41:00,United Kingdom,335.94,0,736,5,5,5,15,Active
17842,430.69,1,2010-04-16 14:23:00,2010-04-16 14:23:00,United Kingdom,430.69,601,601,1,1,2,4,Lapsed
17843,326.23,2,2011-02-09 15:33:00,2010-10-24 10:56:00,United Kingdom,163.12,302,410,2,2,2,6,Lapsed
17844,51.56,1,2011-08-25 11:27:00,2011-08-25 11:27:00,Canada,51.56,105,105,3,1,1,5,At Risk
17845,598.19,4,2010-06-02 15:20:00,2010-05-12 13:04:00,United Kingdom,149.55,554,575,1,3,2,6,Lapsed
17846,2033.1,1,2011-09-15 15:20:00,2011-09-15 15:20:00,United Kingdom,2033.1,84,84,3,1,4,8,Active
17847,129.69,2,2010-07-12 10:00:00,2010-03-04 12:57:00,United Kingdom,64.84,514,644,1,2,1,4,Lapsed
17848,3650.9,30,2011-09-19 16:49:00,2009-12-06 13:19:00,United Kingdom,121.7,80,732,3,5,5,13,Active
17849,1063.76,8,2011-05-05 13:46:00,2010-03-14 15:17:00,United Kingdom,132.97,217,634,2,4,3,9,Lapsed
17850,56600.08,155,2010-12-02 15:27:00,2009-12-05 12:28:00,United Kingdom,365.16,371,733,2,5,5,12,Lapsed
17851,1563.34,6,2010-10-13 15:13:00,2009-12-03 17:46:00,United Kingdom,260.56,421,735,1,4,4,9,Lapsed
17852,663.21,5,2011-11-28 12:36:00,2009-12-08 12:51:00,United Kingdom,132.64,10,730,5,4,3,12,Active
17853,1608.19,3,2010-10-28 15:29:00,2009-12-03 15:09:00,United Kingdom,536.06,406,735,2,3,4,9,Lapsed
17854,1071.45,6,2011-06-07 16:21:00,2009-12-08 11:13:00,United Kingdom,178.58,184,730,3,4,3,10,Lapsed
17855,417.94,1,2010-12-02 09:44:00,2010-12-02 09:44:00,United Kingdom,417.94,371,371,2,1,2,5,Lapsed
17856,1418.03,4,2011-12-08 09:40:00,2011-03-03 11:40:00,United Kingdom,354.51,0,280,5,3,4,12,Active
17857,28682.24,24,2011-12-05 13:13:00,2010-03-08 12:09:00,United Kingdom,1195.09,3,640,5,5,5,15,Active
17858,12797.65,30,2011-12-04 11:56:00,2009-12-06 15:41:00,United Kingdom,426.59,4,732,5,5,5,15,Active
17859,148.21,1,2011-02-08 10:32:00,2011-02-08 10:32:00,United Kingdom,148.21,303,303,2,1,1,4,Lapsed
17860,1015.54,4,2010-12-06 12:41:00,2009-12-11 16:48:00,United Kingdom,253.88,367,727,2,3,3,8,Lapsed
17861,5127.69,18,2011-12-06 16:21:00,2009-12-10 11:27:00,United Kingdom,284.87,2,728,5,5,5,15,Active
17862,1279.09,4,2011-01-20 12:23:00,2010-05-25 17:22:00,United Kingdom,319.77,322,562,2,3,4,9,Lapsed
17863,5745.2,12,2011-10-11 13:45:00,2010-02-25 12:01:00,United Kingdom,478.77,58,651,3,5,5,13,Active
17864,924.32,5,2011-11-27 11:15:00,2010-10-08 11:49:00,United Kingdom,184.86,11,426,5,4,3,12,Active
17865,26374.39,46,2011-11-09 12:08:00,2009-12-01 10:49:00,United Kingdom,573.36,29,737,4,5,5,14,Active
17866,1134.95,3,2011-07-20 11:07:00,2009-12-14 16:01:00,United Kingdom,378.32,141,724,3,3,3,9,At Risk
17867,1621.28,15,2011-11-09 14:15:00,2009-12-02 13:39:00,United Kingdom,108.09,29,736,4,5,4,13,Active
17868,234.65,1,2010-11-18 18:55:00,2010-11-18 18:55:00,United Kingdom,234.65,385,385,2,1,1,4,Lapsed
17869,1036.16,7,2011-08-24 16:16:00,2010-06-10 13:47:00,United Kingdom,148.02,106,546,3,4,3,10,At Risk
17870,3108.15,13,2011-12-07 15:07:00,2010-11-23 11:39:00,United Kingdom,239.09,1,380,5,5,5,15,Active
17871,1118.99,5,2011-05-19 11:32:00,2010-01-15 14:48:00,United Kingdom,223.8,203,692,2,4,3,9,Lapsed
17872,235.87,1,2010-11-23 12:02:00,2010-11-23 12:02:00,United Kingdom,235.87,380,380,2,1,1,4,Lapsed
17873,6515.88,18,2011-09-20 16:41:00,2009-12-16 15:11:00,United Kingdom,361.99,79,722,3,5,5,13,Active
17874,683.46,6,2011-06-07 12:54:00,2011-03-29 11:25:00,United Kingdom,113.91,184,254,3,4,3,10,Lapsed
17875,167.1,1,2010-01-20 15:30:00,2010-01-20 15:30:00,United Kingdom,167.1,687,687,1,1,1,3,Lapsed
17876,3424.02,3,2010-11-05 10:52:00,2010-02-02 13:00:00,United Kingdom,1141.34,398,674,2,3,5,10,Lapsed
17877,237.61,1,2011-06-22 13:00:00,2011-06-22 13:00:00,United Kingdom,237.61,169,169,3,1,1,5,At Risk
17878,1412.33,3,2011-10-27 11:24:00,2010-11-09 13:50:00,United Kingdom,470.78,42,394,4,3,4,11,Active
17879,178.52,1,2011-06-19 12:36:00,2011-06-19 12:36:00,United Kingdom,178.52,172,172,3,1,1,5,At Risk
17880,824.92,3,2010-12-10 10:21:00,2009-12-09 16:13:00,United Kingdom,274.97,363,729,2,3,3,8,Lapsed
17881,133.35,1,2011-02-08 17:16:00,2011-02-08 17:16:00,United Kingdom,133.35,303,303,2,1,1,4,Lapsed
17882,313.46,2,2010-11-25 14:40:00,2010-11-25 14:35:00,United Kingdom,156.73,378,378,2,2,2,6,Lapsed
17883,995.85,7,2011-12-06 17:49:00,2010-02-25 20:07:00,United Kingdom,142.26,2,651,5,4,3,12,Active
17884,3072.89,20,2011-12-06 11:33:00,2009-12-04 16:23:00,United Kingdom,153.64,2,734,5,5,5,15,Active
17885,190.19,1,2011-11-27 14:40:00,2011-11-27 14:40:00,United Kingdom,190.19,11,11,5,1,1,7,New
17886,1608.38,6,2011-11-08 10:09:00,2010-04-29 11:10:00,United Kingdom,268.06,30,588,4,4,4,12,Active
17887,111.35,1,2011-08-02 17:29:00,2011-08-02 17:29:00,United Kingdom,111.35,128,128,3,1,1,5,At Risk
17888,1820.44,25,2011-11-18 13:45:00,2009-12-21 16:34:00,United Kingdom,72.82,20,717,4,5,4,13,Active
17889,774.87,7,2011-05-11 16:26:00,2010-03-31 10:54:00,United Kingdom,110.7,211,617,2,4,3,9,Lapsed
17890,602.09,2,2011-01-21 11:19:00,2010-12-13 15:12:00,United Kingdom,301.04,321,360,2,2,2,6,Lapsed
17891,203.86,1,2011-06-30 20:08:00,2011-06-30 20:08:00,United Kingdom,203.86,161,161,3,1,1,5,At Risk
17892,244.1,3,2011-10-14 16:49:00,2011-07-07 12:56:00,United Kingdom,81.37,55,154,4,3,1,8,Active
17893,112.25,1,2011-04-28 13:50:00,2011-04-28 13:50:00,United Kingdom,112.25,224,224,2,1,1,4,Lapsed
17894,2453.38,18,2011-09-29 09:23:00,2010-08-27 14:13:00,United Kingdom,136.3,70,468,3,5,4,12,Active
17895,98.0,1,2011-10-26 17:00:00,2011-10-26 17:00:00,United Kingdom,98.0,43,43,4,1,1,6,Active
17896,256.32,1,2011-11-16 13:59:00,2011-11-16 13:59:00,United Kingdom,256.32,22,22,4,1,1,6,New
17897,2585.0,9,2011-06-20 11:23:00,2010-05-12 16:03:00,United Kingdom,287.22,171,575,3,5,4,12,At Risk
17898,299.18,4,2011-09-15 14:56:00,2010-05-21 17:22:00,United Kingdom,74.8,84,566,3,3,2,8,Active
17899,155.8,1,2011-07-03 14:58:00,2011-07-03 14:58:00,United Kingdom,155.8,158,158,3,1,1,5,At Risk
17900,112.2,2,2011-06-02 14:38:00,2011-06-02 14:28:00,United Kingdom,56.1,189,189,2,2,1,5,Lapsed
17901,260.08,3,2011-11-10 17:29:00,2010-07-06 10:54:00,United Kingdom,86.69,28,520,4,3,1,8,Active
17902,216.4,1,2010-06-11 12:25:00,2010-06-11 12:25:00,United Kingdom,216.4,545,545,1,1,1,3,Lapsed
17903,381.09,1,2010-11-10 15:39:00,2010-11-10 15:39:00,United Kingdom,381.09,393,393,2,1,2,5,Lapsed
17904,191.67,1,2011-11-18 12:57:00,2011-11-18 12:57:00,United Kingdom,191.67,20,20,4,1,1,6,New
17905,2383.52,13,2011-09-29 17:33:00,2010-01-28 17:54:00,United Kingdom,183.35,70,679,3,5,4,12,Active
17906,72.9,1,2011-04-06 17:25:00,2011-04-06 17:25:00,United Kingdom,72.9,246,246,2,1,1,4,Lapsed
17907,291.76,1,2010-03-09 12:33:00,2010-03-09 12:33:00,United Kingdom,291.76,639,639,1,1,2,4,Lapsed
17908,1411.54,5,2010-12-01 11:45:00,2009-12-14 12:24:00,United Kingdom,282.31,372,724,2,4,4,10,Lapsed
17909,132.55,1,2009-12-02 13:10:00,2009-12-02 13:10:00,United Kingdom,132.55,736,736,1,1,1,3,Lapsed
17910,261.7,1,2009-12-13 16:04:00,2009-12-13 16:04:00,United Kingdom,261.7,725,725,1,1,1,3,Lapsed
17911,366.23,1,2011-11-30 14:52:00,2011-11-30 14:52:00,United Kingdom,366.23,8,8,5,1,2,8,New
17912,375.5,6,2011-02-02 14:25:00,2010-11-29 13:53:00,United Kingdom,62.58,309,374,2,4,2,8,Lapsed
17913,3479.64,14,2011-10-12 10:45:00,2009-12-03 13:02:00,United Kingdom,248.55,57,735,4,5,5,14,Active
17914,336.43,1,2011-12-06 11:58:00,2011-12-06 11:58:00,United Kingdom,336.43,2,2,5,1,2,8,New
17915,242.13,1,2010-06-06 13:22:00,2010-06-06 13:22:00,United Kingdom,242.13,550,550,1,1,1,3,Lapsed
17916,43.87,2,2010-03-21 12:26:00,2009-12-06 14:10:00,United Kingdom,21.94,627,732,1,2,1,4,Lapsed
17917,341.28,3,2011-10-25 13:20:00,2010-12-12 12:08:00,United Kingdom,113.76,44,361,4,3,2,9,Active
17918,396.39,3,2010-07-27 11:51:00,2010-07-22 14:20:00,United Kingdom,132.13,499,504,1,3,2,6,Lapsed
17919,1840.32,2,2011-09-12 13:41:00,2010-09-27 10:40:00,United Kingdom,920.16,87,437,3,2,4,9,Active
17920,24516.46,54,2011-12-05 14:29:00,2009-12-06 10:37:00,United Kingdom,454.01,3,732,5,5,5,15,Active
17921,2423.5,10,2011-10-06 18:56:00,2010-07-15 20:05:00,United Kingdom,242.35,63,511,3,5,4,12,Active
17922,170.4,1,2010-06-14 16:32:00,2010-06-14 16:32:00,United Kingdom,170.4,542,542,1,1,1,3,Lapsed
17923,497.0,3,2011-03-02 15:15:00,2010-06-13 13:58:00,United Kingdom,165.67,281,543,2,3,2,7,Lapsed
17924,3536.7,8,2011-11-28 09:11:00,2010-10-21 12:17:00,United Kingdom,442.09,10,413,5,4,5,14,Active
17925,488.16,1,2010-12-02 10:10:00,2010-12-02 10:10:00,United Kingdom,488.16,371,371,2,1,2,5,Lapsed
17926,1035.49,5,2011-07-29 14:39:00,2010-05-09 14:07:00,United Kingdom,207.1,132,578,3,4,3,10,At Risk
17927,294.0,1,2009-12-18 11:03:00,2009-12-18 11:03:00,United Kingdom,294.0,720,720,1,1,2,4,Lapsed
17928,341.24,3,2011-10-25 13:52:00,2010-05-17 15:30:00,United Kingdom,113.75,44,570,4,3,2,9,Active
17929,3082.1,12,2011-11-28 16:01:00,2009-12-09 11:40:00,United Kingdom,256.84,10,729,5,5,5,15,Active
17930,4275.22,13,2011-11-04 10:23:00,2010-03-04 10:41:00,United Kingdom,328.86,34,644,4,5,5,14,Active
17931,3437.29,14,2011-07-28 18:33:00,2010-02-16 15:47:00,United Kingdom,245.52,133,660,3,5,5,13,At Risk
17932,1331.57,3,2011-11-10 19:49:00,2011-05-12 13:58:00,United Kingdom,443.86,28,210,4,3,4,11,Active
17933,114.69,1,2010-03-17 15:11:00,2010-03-17 15:11:00,United Kingdom,114.69,631,631,1,1,1,3,Lapsed
17934,1049.15,3,2011-10-19 11:16:00,2010-10-29 12:23:00,United Kingdom,349.72,50,405,4,3,3,10,Active
17935,686.14,7,2011-07-24 13:18:00,2009-12-04 14:33:00,United Kingdom,98.02,137,734,3,4,3,10,At Risk
17936,389.84,1,2011-12-04 13:32:00,2011-12-04 13:32:00,United Kingdom,389.84,4,4,5,1,2,8,New
17937,4301.22,7,2011-12-01 11:45:00,2010-12-12 14:43:00,United Kingdom,614.46,7,361,5,4,5,14,Active
17938,144.29,1,2010-10-15 14:27:00,2010-10-15 14:27:00,United Kingdom,144.29,419,419,1,1,1,3,Lapsed
17939,99.14,1,2011-07-03 12:27:00,2011-07-03 12:27:00,United Kingdom,99.14,158,158,3,1,1,5,At Risk
17940,30393.19,16,2011-10-21 13:27:00,2009-12-03 12:31:00,United Kingdom,1899.57,48,735,4,5,5,14,Active
17941,1433.28,4,2011-08-01 08:30:00,2010-01-06 15:37:00,United Kingdom,358.32,129,701,3,3,4,10,At Risk
17942,77.5,1,2011-12-02 10:45:00,2011-12-02 10:45:00,United Kingdom,77.5,6,6,5,1,1,7,New
17944,75.41,1,2010-10-12 16:25:00,2010-10-12 16:25:00,United Kingdom,75.41,422,422,1,1,1,3,Lapsed
17945,360.35,3,2010-01-12 11:40:00,2010-01-12 11:33:00,United Kingdom,120.12,695,695,1,3,2,6,Lapsed
17946,149.58,2,2011-04-20 17:00:00,2011-03-25 14:34:00,United Kingdom,74.79,232,258,2,2,1,5,Lapsed
17947,176.68,1,2011-11-02 13:05:00,2011-11-02 13:05:00,United Kingdom,176.68,36,36,4,1,1,6,Active
17948,358.56,1,2011-07-15 12:58:00,2011-07-15 12:58:00,United Kingdom,358.56,146,146,3,1,2,6,At Risk
17949,118628.08,118,2011-12-08 18:46:00,2009-12-02 11:07:00,United Kingdom,1005.32,0,736,5,5,5,15,Active
17950,1432.81,7,2011-09-28 15:18:00,2010-01-04 17:39:00,United Kingdom,204.69,71,703,3,4,4,11,Active
17951,1636.08,4,2011-10-31 12:30:00,2010-10-31 15:15:00,United Kingdom,409.02,38,403,4,3,4,11,Active
17952,819.61,4,2010-11-26 13:54:00,2010-06-16 11:54:00,United Kingdom,204.9,377,540,2,3,3,8,Lapsed
17953,160.82,1,2010-06-17 15:08:00,2010-06-17 15:08:00,United Kingdom,160.82,539,539,1,1,1,3,Lapsed
17954,3966.05,19,2011-12-04 14:15:00,2009-12-09 13:22:00,United Kingdom,208.74,4,729,5,5,5,15,Active
17955,949.9,6,2011-05-25 12:00:00,2010-02-12 16:27:00,United Kingdom,158.32,197,664,2,4,3,9,Lapsed
17956,12.75,1,2011-04-04 13:47:00,2011-04-04 13:47:00,United Kingdom,12.75,248,248,2,1,1,4,Lapsed
17957,111.68,1,2011-10-04 14:58:00,2011-10-04 14:58:00,United Kingdom,111.68,65,65,3,1,1,5,Active
17958,973.88,2,2011-08-15 12:19:00,2009-12-11 15:37:00,United Kingdom,486.94,115,727,3,2,3,8,At Risk
17959,140.75,1,2010-04-26 14:12:00,2010-04-26 14:12:00,United Kingdom,140.75,591,591,1,1,1,3,Lapsed
17960,135.08,3,2011-06-21 14:15:00,2010-03-08 12:22:00,United Kingdom,45.03,170,640,3,3,1,7,At Risk
17961,2995.54,100,2011-11-18 16:55:00,2009-12-01 14:48:00,United Kingdom,29.96,20,737,4,5,5,14,Active
17962,687.42,4,2011-07-20 14:16:00,2010-01-13 15:24:00,United Kingdom,171.86,141,694,3,3,3,9,At Risk
17963,651.51,4,2010-08-25 15:58:00,2010-01-19 17:25:00,United Kingdom,162.88,470,688,1,3,3,7,Lapsed
17964,733.46,2,2011-11-08 10:44:00,2010-12-02 13:32:00,United Kingdom,366.73,30,371,4,2,3,9,Active
17965,7240.98,29,2011-11-02 09:31:00,2009-12-14 13:19:00,United Kingdom,249.69,36,724,4,5,5,14,Active
17966,1974.42,10,2011-11-02 10:26:00,2010-01-18 13:24:00,United Kingdom,197.44,36,689,4,5,4,13,Active
17967,357.29,2,2010-12-03 11:19:00,2010-10-19 13:19:00,United Kingdom,178.64,370,415,2,2,2,6,Lapsed
17968,888.04,4,2010-12-01 12:23:00,2010-07-15 15:01:00,United Kingdom,222.01,372,511,2,3,3,8,Lapsed
17969,2369.94,20,2011-06-26 13:00:00,2009-12-06 13:53:00,United Kingdom,118.5,165,732,3,5,4,12,At Risk
17970,582.59,1,2011-05-12 20:03:00,2011-05-12 20:03:00,United Kingdom,582.59,210,210,2,1,2,5,Lapsed
17971,161.94,1,2010-06-09 14:04:00,2010-06-09 14:04:00,United Kingdom,161.94,547,547,1,1,1,3,Lapsed
17972,136.04,1,2011-04-12 12:16:00,2011-04-12 12:16:00,United Kingdom,136.04,240,240,2,1,1,4,Lapsed
17973,337.04,1,2011-10-19 10:34:00,2011-10-19 10:34:00,United Kingdom,337.04,50,50,4,1,2,7,Active
17974,1858.06,6,2011-11-15 11:37:00,2010-10-28 20:03:00,United Kingdom,309.68,23,406,4,4,4,12,Active
17975,7028.83,24,2011-11-24 13:27:00,2010-08-06 11:24:00,United Kingdom,292.87,14,489,5,5,5,15,Active
17976,706.38,1,2010-12-02 13:49:00,2010-12-02 13:49:00,United Kingdom,706.38,371,371,2,1,3,6,Lapsed
17977,1565.63,2,2011-11-10 13:28:00,2010-11-04 14:26:00,United Kingdom,782.82,28,399,4,2,4,10,Active
17978,1461.76,4,2010-12-09 14:05:00,2009-12-08 13:27:00,United Kingdom,365.44,364,730,2,3,4,9,Lapsed
17979,757.71,4,2011-11-04 12:05:00,2011-03-25 11:34:00,United Kingdom,189.43,34,258,4,3,3,10,Active
17980,1033.42,4,2011-06-27 12:01:00,2010-11-11 14:42:00,United Kingdom,258.36,164,392,3,3,3,9,At Risk
17981,239.12,1,2010-10-25 10:40:00,2010-10-25 10:40:00,United Kingdom,239.12,409,409,1,1,1,3,Lapsed
17982,138.18,1,2010-01-28 09:38:00,2010-01-28 09:38:00,United Kingdom,138.18,679,679,1,1,1,3,Lapsed
17983,171.71,1,2010-11-09 13:24:00,2010-11-09 13:23:00,United Kingdom,171.71,394,394,2,1,1,4,Lapsed
17984,1191.27,5,2011-07-17 15:59:00,2009-12-01 11:51:00,United Kingdom,238.25,144,737,3,4,3,10,At Risk
17985,634.95,1,2011-11-17 14:24:00,2011-11-17 14:24:00,United Kingdom,634.95,21,21,4,1,3,8,New
17986,20.8,1,2011-10-14 14:22:00,2011-10-14 14:22:00,United Kingdom,20.8,55,55,4,1,1,6,Active
17987,1003.64,5,2011-06-07 14:22:00,2010-06-07 11:23:00,United Kingdom,200.73,184,549,3,4,3,10,Lapsed
17988,489.54,14,2011-11-28 11:00:00,2009-12-07 13:35:00,United Kingdom,34.97,10,731,5,5,2,12,Active
17989,228.83,1,2010-11-25 13:49:00,2010-11-25 13:49:00,United Kingdom,228.83,378,378,2,1,1,4,Lapsed
17990,1527.61,6,2011-04-17 11:44:00,2009-12-07 15:19:00,United Kingdom,254.6,235,731,2,4,4,10,Lapsed
17991,320.55,3,2011-04-28 15:58:00,2010-04-27 12:46:00,United Kingdom,106.85,224,590,2,3,2,7,Lapsed
17992,254.13,1,2010-11-15 13:04:00,2010-11-15 13:04:00,United Kingdom,254.13,388,388,2,1,1,4,Lapsed
17993,235.19,1,2010-04-01 14:23:00,2010-04-01 14:23:00,United Kingdom,235.19,616,616,1,1,1,3,Lapsed
17994,2313.32,11,2011-08-10 11:41:00,2010-03-29 10:37:00,United Kingdom,210.3,120,619,3,5,4,12,At Risk
17995,495.48,3,2011-03-03 12:30:00,2010-11-17 17:01:00,United Kingdom,165.16,280,386,2,3,2,7,Lapsed
17996,482.33,3,2010-11-25 11:00:00,2010-06-11 11:48:00,United Kingdom,160.78,378,545,2,3,2,7,Lapsed
17997,1970.67,8,2011-09-26 16:13:00,2011-06-28 17:28:00,United Kingdom,246.33,73,163,3,4,4,11,Active
17998,639.24,3,2010-11-24 15:31:00,2009-12-01 13:07:00,United Kingdom,213.08,379,737,2,3,3,8,Lapsed
17999,730.9,3,2011-11-02 15:56:00,2010-11-26 13:16:00,United Kingdom,243.63,36,377,4,3,3,10,Active
18000,124.25,1,2010-05-24 17:34:00,2010-05-24 17:34:00,United Kingdom,124.25,563,563,1,1,1,3,Lapsed
18001,953.84,6,2011-11-27 16:02:00,2009-12-02 15:38:00,United Kingdom,158.97,11,736,5,4,3,12,Active
18002,249.92,4,2010-11-29 10:57:00,2009-12-08 11:07:00,United Kingdom,62.48,374,730,2,3,1,6,Lapsed
18003,358.61,1,2010-11-28 15:09:00,2010-11-28 15:09:00,United Kingdom,358.61,375,375,2,1,2,5,Lapsed
18004,169.47,1,2010-12-12 13:47:00,2010-12-12 13:47:00,United Kingdom,169.47,361,361,2,1,1,4,Lapsed
18005,249.72,2,2011-12-06 11:51:00,2011-10-23 14:40:00,United Kingdom,124.86,2,46,5,2,1,8,Active
18006,997.86,4,2011-11-16 16:52:00,2009-12-17 12:27:00,United Kingdom,249.46,22,721,4,3,3,10,Active
18007,220.32,1,2010-11-12 11:08:00,2010-11-12 11:08:00,United Kingdom,220.32,391,391,2,1,1,4,Lapsed
18008,19787.13,23,2011-09-30 15:17:00,2010-01-06 12:35:00,United Kingdom,860.31,69,701,3,5,5,13,Active
18009,2155.83,8,2011-04-18 13:36:00,2010-02-25 11:49:00,United Kingdom,269.48,234,651,2,4,4,10,Lapsed
18010,174.8,1,2011-03-28 12:27:00,2011-03-28 12:27:00,United Kingdom,174.8,255,255,2,1,1,4,Lapsed
18011,527.03,2,2010-12-01 17:35:00,2010-05-21 13:28:00,United Kingdom,263.52,372,566,2,2,2,6,Lapsed
18012,115.3,1,2009-12-16 13:16:00,2009-12-16 13:16:00,United Kingdom,115.3,722,722,1,1,1,3,Lapsed
18013,187.29,2,2011-07-07 14:11:00,2011-07-07 14:08:00,United Kingdom,93.64,154,154,3,2,1,6,At Risk
18014,166.42,1,2011-11-11 15:28:00,2011-11-11 15:28:00,United Kingdom,166.42,27,27,4,1,1,6,New
18015,120.03,1,2011-12-05 14:49:00,2011-12-05 14:49:00,United Kingdom,120.03,3,3,5,1,1,7,New
18016,1960.46,7,2011-11-07 13:25:00,2010-01-27 16:00:00,United Kingdom,280.07,31,680,4,4,4,12,Active
18017,688.0,4,2011-09-19 16:15:00,2010-10-04 15:11:00,United Kingdom,172.0,80,430,3,3,3,9,Active
18018,297.99,4,2011-08-23 17:37:00,2010-10-15 11:05:00,United Kingdom,74.5,107,419,3,3,2,8,At Risk
18019,38.45,1,2011-10-19 12:10:00,2011-10-19 12:10:00,United Kingdom,38.45,50,50,4,1,1,6,Active
18020,190.48,1,2010-06-14 12:31:00,2010-06-14 12:31:00,United Kingdom,190.48,542,542,1,1,1,3,Lapsed
18021,227.06,2,2010-07-18 10:52:00,2010-07-15 18:47:00,United Kingdom,113.53,508,511,1,2,1,4,Lapsed
18022,1651.79,5,2011-11-04 12:45:00,2010-06-11 13:59:00,United Kingdom,330.36,34,545,4,4,4,12,Active
18024,389.78,2,2011-07-10 12:40:00,2011-07-10 12:28:00,United Kingdom,194.89,151,151,3,2,2,7,At Risk
18025,1177.72,6,2010-11-25 12:37:00,2010-03-30 17:33:00,United Kingdom,196.29,378,618,2,4,3,9,Lapsed
18026,2074.07,2,2010-07-27 10:37:00,2010-07-22 16:21:00,United Kingdom,1037.04,499,504,1,2,4,7,Lapsed
18027,115.31,1,2011-09-02 10:38:00,2011-09-02 10:38:00,United Kingdom,115.31,97,97,3,1,1,5,At Risk
18028,192.05,1,2010-05-05 13:28:00,2010-05-05 13:28:00,United Kingdom,192.05,582,582,1,1,1,3,Lapsed
18029,433.77,1,2010-03-07 15:30:00,2010-03-07 15:30:00,United Kingdom,433.77,641,641,1,1,2,4,Lapsed
18030,230.65,2,2011-12-05 16:37:00,2011-10-28 13:55:00,United Kingdom,115.32,3,41,5,2,1,8,Active
18031,462.1,1,2010-11-26 11:00:00,2010-11-26 11:00:00,United Kingdom,462.1,377,377,2,1,2,5,Lapsed
18032,73.5,1,2011-01-09 15:32:00,2011-01-09 15:32:00,United Kingdom,73.5,333,333,2,1,1,4,Lapsed
18033,97.97,1,2011-10-05 17:28:00,2011-10-05 17:28:00,United Kingdom,97.97,64,64,3,1,1,5,Active
18034,793.7,3,2011-11-18 12:22:00,2010-11-29 12:36:00,United Kingdom,264.57,20,374,4,3,3,10,Active
18035,1276.74,5,2011-11-04 12:39:00,2010-11-19 13:42:00,United Kingdom,255.35,34,384,4,4,4,12,Active
18036,1563.64,11,2011-11-07 14:40:00,2009-12-18 12:04:00,United Kingdom,142.15,31,720,4,5,4,13,Active
18037,167.42,15,2011-07-08 13:39:00,2009-12-01 13:48:00,United Kingdom,11.16,153,737,3,5,1,9,At Risk
18038,149.41,1,2010-06-01 15:59:00,2010-06-01 15:59:00,United Kingdom,149.41,555,555,1,1,1,3,Lapsed
18039,579.17,4,2010-11-30 13:07:00,2010-03-09 11:19:00,United Kingdom,144.79,373,639,2,3,2,7,Lapsed
18040,357.2,2,2011-11-20 14:20:00,2011-04-08 08:27:00,United Kingdom,178.6,18,244,4,2,2,8,Active
18041,8752.38,38,2011-11-28 11:39:00,2010-01-14 10:04:00,United Kingdom,230.33,10,693,5,5,5,15,Active
18042,281.15,2,2011-10-17 11:49:00,2010-06-16 10:53:00,United Kingdom,140.57,52,540,4,2,1,7,Active
18043,875.97,3,2011-11-15 12:48:00,2010-12-08 12:35:00,United Kingdom,291.99,23,365,4,3,3,10,Active
18044,3505.61,18,2011-12-05 14:26:00,2010-05-28 15:31:00,United Kingdom,194.76,3,559,5,5,5,15,Active
18045,189.4,1,2011-10-25 13:07:00,2011-10-25 13:07:00,United Kingdom,189.4,44,44,4,1,1,6,Active
18046,189.63,1,2010-02-28 11:36:00,2010-02-28 11:36:00,United Kingdom,189.63,648,648,1,1,1,3,Lapsed
18047,342.69,2,2010-11-23 13:11:00,2010-11-23 12:57:00,United Kingdom,171.34,380,380,2,2,2,6,Lapsed
18048,401.73,3,2011-05-20 14:58:00,2010-08-03 13:03:00,United Kingdom,133.91,202,492,2,3,2,7,Lapsed
18049,556.52,2,2010-09-28 14:26:00,2010-04-28 13:24:00,United Kingdom,278.26,436,589,1,2,2,5,Lapsed
18050,412.06,2,2010-12-15 14:25:00,2010-11-11 15:51:00,United Kingdom,206.03,358,392,2,2,2,6,Lapsed
18051,2282.28,7,2010-03-15 13:58:00,2009-12-09 12:17:00,United Kingdom,326.04,633,729,1,4,4,9,Lapsed
18052,10877.18,1,2010-05-24 11:11:00,2010-05-24 11:11:00,United Kingdom,10877.18,563,563,1,1,5,7,Lapsed
18053,571.07,3,2011-09-30 09:05:00,2010-06-30 12:36:00,United Kingdom,190.36,69,526,3,3,2,8,Active
18054,176.5,1,2010-11-12 08:18:00,2010-11-12 08:18:00,United Kingdom,176.5,391,391,2,1,1,4,Lapsed
18055,11195.57,14,2011-12-02 14:25:00,2010-10-22 13:27:00,United Kingdom,799.68,6,412,5,5,5,15,Active
18056,554.6,2,2011-02-24 14:27:00,2010-03-31 12:29:00,United Kingdom,277.3,287,617,2,2,2,6,Lapsed
18057,1203.56,3,2010-11-11 16:55:00,2010-01-18 12:42:00,United Kingdom,401.19,392,689,2,3,3,8,Lapsed
18058,774.06,3,2011-11-30 08:38:00,2010-02-10 09:38:00,United Kingdom,258.02,8,666,5,3,3,11,Active
18059,306.46,3,2011-11-16 16:49:00,2011-10-03 09:30:00,United Kingdom,102.15,22,66,4,3,2,9,Active
18060,1185.46,2,2010-10-27 16:41:00,2010-05-24 08:34:00,United Kingdom,592.73,407,563,2,2,3,7,Lapsed
18061,6488.97,28,2011-11-18 11:20:00,2009-12-04 11:36:00,United Kingdom,231.75,20,734,4,5,5,14,Active
18062,1632.67,6,2011-06-19 14:47:00,2010-04-21 08:55:00,United Kingdom,272.11,172,596,3,4,4,11,At Risk
18063,186.6,2,2010-11-14 10:46:00,2010-03-16 13:05:00,United Kingdom,93.3,389,632,2,2,1,5,Lapsed
18064,4495.03,11,2011-07-29 16:39:00,2010-02-01 15:01:00,United Kingdom,408.64,132,675,3,5,5,13,At Risk
18065,5866.63,29,2011-12-04 10:30:00,2009-12-09 16:00:00,United Kingdom,202.3,4,729,5,5,5,15,Active
18066,1440.4,3,2011-09-25 15:30:00,2010-10-20 11:42:00,United Kingdom,480.13,74,414,3,3,4,10,Active
18067,396.33,1,2011-10-30 15:58:00,2011-10-30 15:58:00,United Kingdom,396.33,39,39,4,1,2,7,Active
18068,101.7,1,2011-02-23 14:50:00,2011-02-23 14:50:00,United Kingdom,101.7,288,288,2,1,1,4,Lapsed
18069,4540.56,11,2011-11-13 16:03:00,2010-02-28 16:14:00,United Kingdom,412.78,25,648,4,5,5,14,Active
18070,314.1,1,2010-02-08 13:28:00,2010-02-08 13:28:00,United Kingdom,314.1,668,668,1,1,2,4,Lapsed
18071,1428.63,6,2011-03-27 11:59:00,2009-12-05 10:31:00,United Kingdom,238.1,256,733,2,4,4,10,Lapsed
18072,247.44,1,2011-06-07 10:44:00,2011-06-07 10:44:00,United Kingdom,247.44,184,184,3,1,1,5,Lapsed
18073,3877.52,12,2011-08-17 14:02:00,2011-05-26 19:38:00,United Kingdom,323.13,113,196,3,5,5,13,At Risk
18074,1509.04,2,2010-12-01 09:53:00,2010-07-22 10:31:00,United Kingdom,754.52,372,504,2,2,4,8,Lapsed
18075,5783.29,20,2011-11-16 15:21:00,2010-07-29 11:47:00,United Kingdom,289.16,22,497,4,5,5,14,Active
18076,151.49,1,2010-11-24 14:02:00,2010-11-24 14:02:00,United Kingdom,151.49,379,379,2,1,1,4,Lapsed
18077,4338.56,18,2011-12-01 13:32:00,2009-12-07 11:40:00,United Kingdom,241.03,7,731,5,5,5,15,Active
18078,844.6,4,2011-05-06 14:32:00,2010-03-21 15:50:00,United Kingdom,211.15,216,627,2,3,3,8,Lapsed
18079,4242.75,5,2011-10-25 15:27:00,2010-08-05 12:19:00,United Kingdom,848.55,44,490,4,4,5,13,Active
18080,1231.5,2,2011-11-21 08:02:00,2011-04-11 10:10:00,United Kingdom,615.75,17,241,5,2,3,10,Active
18081,343.45,3,2011-11-03 16:30:00,2011-07-29 11:56:00,United Kingdom,114.48,35,132,4,3,2,9,Active
18082,703.37,1,2011-11-14 12:45:00,2011-11-14 12:45:00,United Kingdom,703.37,24,24,4,1,3,8,New
18083,470.73,1,2010-11-07 11:44:00,2010-11-07 11:44:00,United Kingdom,470.73,396,396,2,1,2,5,Lapsed
18084,812.93,3,2011-11-23 13:57:00,2010-11-16 08:09:00,United Kingdom,270.98,15,387,5,3,3,11,Active
18085,1645.75,4,2011-01-13 15:17:00,2010-03-21 11:57:00,United Kingdom,411.44,329,627,2,3,4,9,Lapsed
18086,101.34,1,2011-03-10 13:34:00,2011-03-10 13:34:00,United Kingdom,101.34,273,273,2,1,1,4,Lapsed
18087,14761.52,17,2011-09-02 15:12:00,2009-12-01 09:43:00,United Kingdom,868.32,97,737,3,5,5,13,At Risk
18088,167.67,1,2011-10-09 13:41:00,2011-10-09 13:41:00,United Kingdom,167.67,60,60,3,1,1,5,Active
18089,428.45,1,2010-09-19 11:57:00,2010-09-19 11:57:00,United Kingdom,428.45,445,445,1,1,2,4,Lapsed
18090,349.4,1,2010-10-14 12:32:00,2010-10-14 12:32:00,United Kingdom,349.4,420,420,1,1,2,4,Lapsed
18091,360.85,1,2010-04-25 13:18:00,2010-04-25 13:18:00,United Kingdom,360.85,592,592,1,1,2,4,Lapsed
18092,16179.44,18,2011-12-07 13:14:00,2009-12-04 12:37:00,United Kingdom,898.86,1,734,5,5,5,15,Active
18093,4452.71,8,2011-09-07 15:43:00,2010-03-31 10:27:00,United Kingdom,556.59,92,617,3,4,5,12,At Risk
18094,6391.52,13,2011-09-19 09:28:00,2010-01-07 11:16:00,United Kingdom,491.66,80,700,3,5,5,13,Active
18095,2303.09,5,2011-01-31 12:50:00,2010-04-19 14:09:00,United Kingdom,460.62,311,598,2,4,4,10,Lapsed
18096,1805.28,6,2011-11-28 12:44:00,2010-07-14 14:30:00,United Kingdom,300.88,10,512,5,4,4,13,Active
18097,4663.32,11,2011-12-02 11:16:00,2009-12-17 11:06:00,United Kingdom,423.94,6,721,5,5,5,15,Active
18098,550.84,1,2010-11-08 16:31:00,2010-11-08 16:31:00,United Kingdom,550.84,395,395,2,1,2,5,Lapsed
18099,168.31,1,2011-08-04 15:52:00,2011-08-04 15:52:00,United Kingdom,168.31,126,126,3,1,1,5,At Risk
18100,451.56,1,2010-06-07 14:19:00,2010-06-07 14:19:00,United Kingdom,451.56,549,549,1,1,2,4,Lapsed
18101,629.16,5,2011-11-28 13:37:00,2010-02-03 13:52:00,United Kingdom,125.83,10,673,5,4,3,12,Active
18102,608821.65,145,2011-12-09 11:50:00,2009-12-01 09:24:00,United Kingdom,4198.77,-1,737,5,5,5,15,Active
18103,105.8,1,2010-06-08 13:36:00,2010-06-08 13:36:00,United Kingdom,105.8,548,548,1,1,1,3,Lapsed
18104,754.64,1,2011-11-02 14:07:00,2011-11-02 14:07:00,United Kingdom,754.64,36,36,4,1,3,8,Active
18105,113.48,1,2011-11-02 12:04:00,2011-11-02 12:04:00,United Kingdom,113.48,36,36,4,1,1,6,Active
18106,1461.46,6,2011-01-14 12:23:00,2010-01-15 11:36:00,United Kingdom,243.58,328,692,2,4,4,10,Lapsed
18107,167.13,1,2010-09-23 13:03:00,2010-09-23 13:03:00,United Kingdom,167.13,441,441,1,1,1,3,Lapsed
18108,848.81,3,2011-03-30 13:56:00,2009-12-02 12:47:00,United Kingdom,282.94,253,736,2,3,3,8,Lapsed
18109,9893.96,38,2011-12-08 11:36:00,2010-07-01 12:13:00,United Kingdom,260.37,0,525,5,5,5,15,Active
18110,435.43,2,2011-11-20 12:34:00,2010-10-24 14:21:00,United Kingdom,217.72,18,410,4,2,2,8,Active
18111,405.85,1,2010-04-29 12:58:00,2010-04-29 12:58:00,United Kingdom,405.85,588,588,1,1,2,4,Lapsed
18112,775.96,4,2011-11-27 14:43:00,2010-06-06 12:40:00,United Kingdom,193.99,11,550,5,3,3,11,Active
18113,152.64,1,2010-12-06 12:31:00,2010-12-06 12:31:00,United Kingdom,152.64,367,367,2,1,1,4,Lapsed
18114,220.1,1,2011-02-22 13:20:00,2011-02-22 13:20:00,United Kingdom,220.1,289,289,2,1,1,4,Lapsed
18115,9.7,1,2010-01-11 11:57:00,2010-01-11 11:57:00,United Kingdom,9.7,696,696,1,1,1,3,Lapsed
18116,2154.3,13,2011-10-03 11:00:00,2010-10-24 15:29:00,United Kingdom,165.72,66,410,3,5,4,12,Active
18117,320.72,1,2011-11-14 12:47:00,2011-11-14 12:47:00,United Kingdom,320.72,24,24,4,1,2,7,New
18118,6733.22,29,2011-11-29 11:32:00,2010-11-23 13:36:00,United Kingdom,232.18,9,380,5,5,5,15,Active
18119,362.24,1,2010-12-07 11:59:00,2010-12-07 11:59:00,United Kingdom,362.24,366,366,2,1,2,5,Lapsed
18120,111.15,1,2011-05-09 13:45:00,2011-05-09 13:45:00,United Kingdom,111.15,213,213,2,1,1,4,Lapsed
18121,673.1,2,2011-07-13 12:53:00,2011-07-08 12:14:00,United Kingdom,336.55,148,153,3,2,3,8,At Risk
18122,1826.21,6,2011-12-01 13:08:00,2011-07-12 11:37:00,United Kingdom,304.37,7,149,5,4,4,13,Active
18123,684.59,3,2011-11-15 14:23:00,2010-07-14 12:47:00,United Kingdom,228.2,23,512,4,3,3,10,Active
18124,111.53,1,2010-08-24 17:21:00,2010-08-24 17:21:00,United Kingdom,111.53,471,471,1,1,1,3,Lapsed
18125,1142.99,4,2011-11-10 12:29:00,2011-01-27 15:02:00,United Kingdom,285.75,28,315,4,3,3,10,Active
18126,206.83,1,2011-10-10 12:19:00,2011-10-10 12:19:00,United Kingdom,206.83,59,59,3,1,1,5,Active
18127,561.53,4,2011-11-20 14:05:00,2010-11-01 13:56:00,United Kingdom,140.38,18,402,4,3,2,9,Active
18128,420.04,1,2010-06-20 13:19:00,2010-06-20 13:19:00,United Kingdom,420.04,536,536,1,1,2,4,Lapsed
18129,112.55,1,2011-04-10 14:16:00,2011-04-10 14:16:00,United Kingdom,112.55,242,242,2,1,1,4,Lapsed
18130,1059.39,3,2011-11-24 14:40:00,2011-10-13 15:58:00,United Kingdom,353.13,14,56,5,3,3,11,Active
18131,222.96,1,2010-03-18 08:48:00,2010-03-18 08:48:00,United Kingdom,222.96,630,630,1,1,1,3,Lapsed
18132,226.9,1,2010-07-23 16:54:00,2010-07-23 16:54:00,United Kingdom,226.9,503,503,1,1,1,3,Lapsed
18133,931.5,1,2011-05-11 14:14:00,2011-05-11 14:14:00,United Kingdom,931.5,211,211,2,1,3,6,Lapsed
18134,445.0,2,2010-04-20 14:02:00,2010-01-14 11:59:00,United Kingdom,222.5,597,693,1,2,2,5,Lapsed
18135,1249.62,10,2011-11-10 19:32:00,2010-03-15 13:55:00,United Kingdom,124.96,28,633,4,5,4,13,Active
18136,1631.36,5,2011-10-07 15:40:00,2010-09-14 15:50:00,United Kingdom,326.27,62,450,3,4,4,11,Active
18137,145.99,2,2010-06-06 14:18:00,2010-06-06 13:45:00,United Kingdom,73.0,550,550,1,2,1,4,Lapsed
18138,152.65,1,2011-02-17 14:51:00,2011-02-17 14:51:00,United Kingdom,152.65,294,294,2,1,1,4,Lapsed
18139,8438.34,6,2011-11-22 10:44:00,2011-11-21 14:06:00,United Kingdom,1406.39,16,17,5,4,5,14,Active
18140,536.41,1,2010-08-23 11:58:00,2010-08-23 11:58:00,West Indies,536.41,472,472,1,1,2,4,Lapsed
18141,882.47,2,2010-11-03 11:44:00,2010-04-29 15:32:00,United Kingdom,441.24,400,588,2,2,3,7,Lapsed
18142,1019.52,2,2011-07-05 13:19:00,2011-05-08 12:31:00,United Kingdom,509.76,156,214,3,2,3,8,At Risk
18143,1000.16,2,2011-08-15 12:07:00,2011-07-21 10:44:00,United Kingdom,500.08,115,140,3,2,3,8,At Risk
18144,5058.0,19,2011-12-02 12:46:00,2009-12-16 15:57:00,United Kingdom,266.21,6,722,5,5,5,15,Active
18145,5617.79,11,2011-11-27 11:22:00,2009-12-08 12:30:00,United Kingdom,510.71,11,730,5,5,5,15,Active
18146,160.35,2,2011-07-22 12:08:00,2011-05-03 16:35:00,United Kingdom,80.18,139,219,3,2,1,6,At Risk
18147,179.34,2,2011-10-25 11:46:00,2011-08-23 12:22:00,United Kingdom,89.67,44,107,4,2,1,7,Active
18148,114.1,1,2010-03-03 11:40:00,2010-03-03 11:40:00,United Kingdom,114.1,645,645,1,1,1,3,Lapsed
18149,1624.71,7,2011-10-20 12:04:00,2010-03-14 12:41:00,United Kingdom,232.1,49,634,4,4,4,12,Active
18150,566.58,3,2011-11-07 16:49:00,2011-05-22 10:47:00,United Kingdom,188.86,31,200,4,3,2,9,Active
18151,1879.44,6,2011-07-28 11:35:00,2010-03-04 10:47:00,United Kingdom,313.24,133,644,3,4,4,11,At Risk
18152,426.69,1,2010-03-03 15:26:00,2010-03-03 15:26:00,United Kingdom,426.69,645,645,1,1,2,4,Lapsed
18153,246.22,1,2010-02-18 15:50:00,2010-02-18 15:50:00,United Kingdom,246.22,658,658,1,1,1,3,Lapsed
18154,932.6,5,2011-12-06 16:41:00,2010-08-06 09:18:00,United Kingdom,186.52,2,489,5,4,3,12,Active
18155,371.62,3,2011-09-25 13:32:00,2011-02-21 10:36:00,United Kingdom,123.87,74,290,3,3,2,8,Active
18156,941.17,2,2011-11-27 12:24:00,2010-12-05 12:29:00,United Kingdom,470.58,11,368,5,2,3,10,Active
18157,215.35,1,2010-05-17 14:09:00,2010-05-17 14:09:00,United Kingdom,215.35,570,570,1,1,1,3,Lapsed
18158,453.4,2,2011-11-30 16:19:00,2011-09-12 09:03:00,United Kingdom,226.7,8,87,5,2,2,9,Active
18159,530.15,1,2011-02-11 14:26:00,2011-02-11 14:26:00,United Kingdom,530.15,300,300,2,1,2,5,Lapsed
18160,1003.88,3,2011-10-13 15:50:00,2010-11-18 16:33:00,United Kingdom,334.63,56,385,4,3,3,10,Active
18161,1803.1,6,2011-11-24 16:40:00,2010-11-25 15:55:00,United Kingdom,300.52,14,378,5,4,4,13,Active
18162,379.16,1,2009-12-07 13:24:00,2009-12-07 13:24:00,United Kingdom,379.16,731,731,1,1,2,4,Lapsed
18163,728.84,1,2010-05-04 14:51:00,2010-05-04 14:51:00,United Kingdom,728.84,583,583,1,1,3,5,Lapsed
18164,399.65,1,2011-11-02 12:56:00,2011-11-02 12:56:00,United Kingdom,399.65,36,36,4,1,2,7,Active
18165,302.46,1,2011-06-15 13:23:00,2011-06-15 13:23:00,United Kingdom,302.46,176,176,3,1,2,6,At Risk
18166,175.5,1,2010-03-26 12:26:00,2010-03-26 12:26:00,United Kingdom,175.5,622,622,1,1,1,3,Lapsed
18167,1384.86,3,2011-11-16 15:56:00,2011-08-26 11:40:00,United Kingdom,461.62,22,104,4,3,4,11,Active
18168,3770.27,16,2011-06-16 19:21:00,2009-12-03 17:29:00,United Kingdom,235.64,175,735,3,5,5,13,At Risk
18169,202.65,1,2011-10-10 12:18:00,2011-10-10 12:18:00,United Kingdom,202.65,59,59,3,1,1,5,Active
18170,2878.0,9,2011-11-06 14:35:00,2010-01-08 14:10:00,United Kingdom,319.78,32,699,4,5,4,13,Active
18171,2437.31,9,2011-10-12 09:13:00,2010-01-05 10:46:00,United Kingdom,270.81,57,702,4,5,4,13,Active
18172,17479.84,52,2011-11-25 11:12:00,2009-12-11 09:58:00,United Kingdom,336.15,13,727,5,5,5,15,Active
18173,2696.36,5,2011-09-14 11:26:00,2010-04-06 10:43:00,United Kingdom,539.27,85,611,3,4,4,11,Active
18174,162.5,2,2011-12-02 16:56:00,2010-04-15 12:17:00,United Kingdom,81.25,6,602,5,2,1,8,Active
18175,176.1,1,2010-02-02 10:25:00,2010-02-02 10:25:00,United Kingdom,176.1,674,674,1,1,1,3,Lapsed
18176,476.35,1,2010-12-16 15:45:00,2010-12-16 15:45:00,United Kingdom,476.35,357,357,2,1,2,5,Lapsed
18177,2216.87,9,2011-11-08 14:44:00,2009-12-15 18:57:00,United Kingdom,246.32,30,723,4,5,4,13,Active
18178,6103.74,11,2011-08-03 09:30:00,2010-02-18 14:25:00,United Kingdom,554.89,127,658,3,5,5,13,At Risk
18179,2547.55,8,2011-11-30 16:23:00,2010-02-14 15:51:00,United Kingdom,318.44,8,662,5,4,4,13,Active
18180,1843.75,6,2011-12-05 08:39:00,2011-07-20 08:59:00,United Kingdom,307.29,3,141,5,4,4,13,Active
18181,1205.94,5,2011-11-15 15:08:00,2009-12-04 15:30:00,United Kingdom,241.19,23,734,4,4,3,11,Active
18182,291.13,1,2010-09-02 14:25:00,2010-09-02 14:25:00,United Kingdom,291.13,462,462,1,1,2,4,Lapsed
18183,632.07,2,2011-04-26 15:26:00,2011-03-10 10:08:00,United Kingdom,316.04,226,273,2,2,3,7,Lapsed
18184,49.8,1,2011-11-24 15:28:00,2011-11-24 15:28:00,United Kingdom,49.8,14,14,5,1,1,7,New
18185,304.25,1,2011-04-04 13:42:00,2011-04-04 13:42:00,United Kingdom,304.25,248,248,2,1,2,5,Lapsed
18186,329.58,1,2009-12-17 10:22:00,2009-12-17 10:22:00,United Kingdom,329.58,721,721,1,1,2,4,Lapsed
18187,724.89,1,2010-03-18 09:49:00,2010-03-18 09:49:00,United Kingdom,724.89,630,630,1,1,3,5,Lapsed
18188,3280.59,6,2011-11-24 16:46:00,2010-03-26 11:37:00,United Kingdom,546.76,14,622,5,4,5,14,Active
18189,1403.73,3,2011-09-23 12:40:00,2010-03-24 09:57:00,United Kingdom,467.91,76,624,3,3,4,10,Active
18190,745.62,5,2011-05-31 14:48:00,2009-12-22 12:05:00,United Kingdom,149.12,191,716,2,4,3,9,Lapsed
18191,529.4,2,2011-03-23 12:08:00,2010-08-19 17:42:00,United Kingdom,264.7,260,476,2,2,2,6,Lapsed
18192,957.97,1,2011-09-29 09:53:00,2011-09-29 09:53:00,United Kingdom,957.97,70,70,3,1,3,7,Active
18193,1207.35,3,2011-06-27 13:58:00,2010-09-23 13:33:00,United Kingdom,402.45,164,441,3,3,3,9,At Risk
18194,4162.04,6,2011-09-18 13:29:00,2010-01-28 15:30:00,United Kingdom,693.67,81,679,3,4,5,12,Active
18195,101.16,1,2010-11-17 15:03:00,2010-11-17 15:03:00,United Kingdom,101.16,386,386,2,1,1,4,Lapsed
18196,1464.31,4,2011-09-05 16:22:00,2010-03-17 14:55:00,United Kingdom,366.08,94,631,3,3,4,10,At Risk
18197,230.1,1,2010-05-13 10:46:00,2010-05-13 10:46:00,United Kingdom,230.1,574,574,1,1,1,3,Lapsed
18198,5425.56,17,2011-12-05 14:49:00,2011-01-07 13:39:00,United Kingdom,319.15,3,335,5,5,5,15,Active
18199,344.75,1,2010-01-25 11:32:00,2010-01-25 11:32:00,United Kingdom,344.75,682,682,1,1,2,4,Lapsed
18200,163.8,1,2011-08-25 18:45:00,2011-08-25 18:45:00,United Kingdom,163.8,105,105,3,1,1,5,At Risk
18201,447.53,1,2009-12-17 08:55:00,2009-12-17 08:55:00,United Kingdom,447.53,721,721,1,1,2,4,Lapsed
18202,1396.99,3,2011-05-24 12:12:00,2011-02-01 13:36:00,United Kingdom,465.66,198,310,2,3,4,9,Lapsed
18203,504.42,4,2011-07-05 13:07:00,2009-12-08 13:19:00,United Kingdom,126.1,156,730,3,3,2,8,At Risk
18204,1993.7,3,2011-09-29 16:44:00,2011-05-31 15:26:00,United Kingdom,664.57,70,191,3,3,4,10,Active
18205,517.36,2,2011-11-03 13:22:00,2011-09-26 12:02:00,United Kingdom,258.68,35,73,4,2,2,8,Active
18206,314.66,1,2010-06-04 13:47:00,2010-06-04 13:47:00,United Kingdom,314.66,552,552,1,1,2,4,Lapsed
18207,544.47,1,2010-07-28 14:26:00,2010-07-28 14:26:00,United Kingdom,544.47,498,498,1,1,2,4,Lapsed
18208,360.08,1,2010-05-23 11:54:00,2010-05-23 11:54:00,United Kingdom,360.08,564,564,1,1,2,4,Lapsed
18209,139.1,1,2011-11-11 12:07:00,2011-11-11 12:07:00,United Kingdom,139.1,27,27,4,1,1,6,New
18210,2768.83,7,2011-12-08 11:02:00,2010-11-22 09:39:00,United Kingdom,395.55,0,381,5,4,4,13,Active
18211,600.07,5,2011-11-14 08:10:00,2011-03-06 12:09:00,United Kingdom,120.01,24,277,4,4,2,10,Active
18212,546.72,2,2011-01-17 16:14:00,2010-01-31 14:42:00,United Kingdom,273.36,325,676,2,2,2,6,Lapsed
18213,232.48,1,2011-04-17 10:21:00,2011-04-17 10:21:00,United Kingdom,232.48,235,235,2,1,1,4,Lapsed
18214,1780.34,4,2010-06-27 11:21:00,2010-06-03 19:47:00,United Kingdom,445.08,529,553,1,3,4,8,Lapsed
18215,2247.49,5,2011-09-11 16:05:00,2010-03-26 13:03:00,United Kingdom,449.5,88,622,3,4,4,11,Active
18216,481.75,1,2011-11-08 16:55:00,2011-11-08 16:55:00,United Kingdom,481.75,30,30,4,1,2,7,New
18217,945.04,4,2011-11-10 13:18:00,2010-07-01 15:39:00,United Kingdom,236.26,28,525,4,3,3,10,Active
18218,1142.0,4,2011-05-12 12:53:00,2010-02-17 15:11:00,United Kingdom,285.5,210,659,2,3,3,8,Lapsed
18219,3562.89,17,2011-12-07 11:43:00,2009-12-07 13:17:00,United Kingdom,209.58,1,731,5,5,5,15,Active
18220,1921.76,6,2011-04-27 09:03:00,2009-12-15 11:42:00,United Kingdom,320.29,225,723,2,4,4,10,Lapsed
18221,1424.94,6,2011-11-17 14:40:00,2010-11-14 15:46:00,United Kingdom,237.49,21,389,4,4,4,12,Active
18222,443.0,1,2011-09-08 10:45:00,2011-09-08 10:45:00,United Kingdom,443.0,91,91,3,1,2,6,At Risk
18223,14000.85,26,2011-12-05 09:11:00,2009-12-04 12:20:00,United Kingdom,538.49,3,734,5,5,5,15,Active
18224,158.95,1,2011-03-21 10:30:00,2011-03-21 10:30:00,United Kingdom,158.95,262,262,2,1,1,4,Lapsed
18225,13054.26,26,2011-12-06 13:27:00,2009-12-04 16:52:00,United Kingdom,502.09,2,734,5,5,5,15,Active
18226,11878.88,26,2011-10-26 13:36:00,2010-03-05 10:05:00,United Kingdom,456.88,43,643,4,5,5,14,Active
18227,388.75,2,2011-05-06 12:23:00,2010-08-12 16:45:00,United Kingdom,194.38,216,483,2,2,2,6,Lapsed
18228,779.9,2,2011-10-14 09:21:00,2011-09-21 10:48:00,United Kingdom,389.95,55,78,4,2,3,9,Active
18229,10803.71,28,2011-11-28 09:48:00,2009-12-03 14:42:00,United Kingdom,385.85,10,735,5,5,5,15,Active
18230,4291.06,9,2011-11-30 13:22:00,2010-07-02 10:01:00,United Kingdom,476.78,8,524,5,5,5,15,Active
18231,6880.97,28,2011-05-31 14:18:00,2010-01-10 12:13:00,United Kingdom,245.75,191,697,2,5,5,12,Lapsed
18232,592.97,4,2011-09-19 11:49:00,2011-05-26 16:30:00,United Kingdom,148.24,80,196,3,3,2,8,Active
18233,440.0,1,2011-01-18 08:44:00,2011-01-18 08:44:00,United Kingdom,440.0,324,324,2,1,2,5,Lapsed
18234,179.6,1,2010-06-06 11:22:00,2010-06-06 11:22:00,United Kingdom,179.6,550,550,1,1,1,3,Lapsed
18235,1796.48,3,2011-09-29 08:27:00,2011-05-06 13:35:00,United Kingdom,598.83,70,216,3,3,4,10,Active
18236,1795.35,12,2011-11-10 08:06:00,2010-04-15 13:39:00,United Kingdom,149.61,28,602,4,5,4,13,Active
18237,987.1,5,2011-12-07 12:49:00,2011-07-28 13:05:00,United Kingdom,197.42,1,133,5,4,3,12,Active
18238,270.92,1,2010-07-12 12:51:00,2010-07-12 12:51:00,United Kingdom,270.92,514,514,1,1,1,3,Lapsed
18239,2150.36,6,2011-05-05 12:38:00,2010-10-13 10:11:00,United Kingdom,358.39,217,421,2,4,4,10,Lapsed
18240,422.58,1,2011-10-24 13:06:00,2011-10-24 13:06:00,United Kingdom,422.58,45,45,4,1,2,7,Active
18241,2986.99,21,2011-11-30 12:10:00,2010-04-01 11:55:00,United Kingdom,142.24,8,616,5,5,5,15,Active
18242,3605.21,8,2011-09-28 13:43:00,2010-01-11 08:49:00,United Kingdom,450.65,71,696,3,4,5,12,Active
18243,515.78,1,2010-10-21 14:29:00,2010-10-21 14:29:00,United Kingdom,515.78,413,413,1,1,2,4,Lapsed
18244,568.64,2,2010-10-05 11:15:00,2010-07-25 10:30:00,United Kingdom,284.32,429,501,1,2,2,5,Lapsed
18245,6324.98,20,2011-12-02 14:48:00,2010-03-08 15:26:00,United Kingdom,316.25,6,640,5,5,5,15,Active
18246,758.82,3,2011-11-16 11:49:00,2010-04-09 10:19:00,United Kingdom,252.94,22,608,4,3,3,10,Active
18247,839.73,3,2010-10-21 09:49:00,2010-03-18 15:52:00,United Kingdom,279.91,413,630,1,3,3,7,Lapsed
18248,804.02,2,2011-08-09 10:19:00,2011-06-06 13:18:00,United Kingdom,402.01,121,185,3,2,3,8,At Risk
18249,95.34,1,2011-11-22 15:07:00,2011-11-22 15:07:00,United Kingdom,95.34,16,16,5,1,1,7,New
18250,349.27,1,2011-02-02 13:16:00,2011-02-02 13:16:00,United Kingdom,349.27,309,309,2,1,2,5,Lapsed
18251,26278.86,9,2011-09-13 15:03:00,2009-12-22 12:01:00,United Kingdom,2919.87,86,716,3,5,5,13,Active
18252,1542.09,7,2011-10-20 12:43:00,2009-12-18 16:13:00,United Kingdom,220.3,49,720,4,4,4,12,Active
18253,317.88,1,2010-03-07 12:38:00,2010-03-07 12:38:00,United Kingdom,317.88,641,641,1,1,2,4,Lapsed
18254,267.9,1,2010-05-07 14:37:00,2010-05-07 14:37:00,United Kingdom,267.9,580,580,1,1,1,3,Lapsed
18255,303.15,2,2011-09-11 13:16:00,2010-09-09 16:31:00,United Kingdom,151.57,88,455,3,2,2,7,Active
18256,110.7,1,2010-11-17 08:53:00,2010-11-17 08:53:00,United Kingdom,110.7,386,386,2,1,1,4,Lapsed
18257,4600.15,12,2011-10-31 14:48:00,2010-02-18 16:20:00,United Kingdom,383.35,38,658,4,5,5,14,Active
18258,2059.67,6,2010-09-01 14:20:00,2010-05-16 11:35:00,United Kingdom,343.28,463,571,1,4,4,9,Lapsed
18259,4318.2,7,2011-11-15 12:34:00,2009-12-08 08:38:00,United Kingdom,616.89,23,730,4,4,5,13,Active
18260,9962.11,23,2011-06-20 12:37:00,2009-12-15 13:50:00,United Kingdom,433.14,171,723,3,5,5,13,At Risk
18261,324.24,2,2011-10-27 15:36:00,2011-09-05 09:34:00,United Kingdom,162.12,42,94,4,2,2,8,Active
18262,577.54,3,2011-07-22 16:04:00,2010-04-16 09:05:00,United Kingdom,192.51,139,601,3,3,2,8,At Risk
18263,1213.16,3,2011-11-14 09:00:00,2011-04-01 11:48:00,United Kingdom,404.39,24,251,4,3,3,10,Active
18264,603.25,1,2010-07-29 10:02:00,2010-07-29 10:02:00,United Kingdom,603.25,497,497,1,1,2,4,Lapsed
18265,801.51,2,2011-09-28 14:10:00,2011-07-04 15:26:00,United Kingdom,400.76,71,157,3,2,3,8,Active
18266,251.1,1,2010-10-01 15:33:00,2010-10-01 15:33:00,United Kingdom,251.1,433,433,1,1,1,3,Lapsed
18267,269.37,1,2010-02-05 08:43:00,2010-02-05 08:43:00,United Kingdom,269.37,671,671,1,1,1,3,Lapsed
18268,1490.23,6,2011-07-28 19:13:00,2009-12-11 10:27:00,United Kingdom,248.37,133,727,3,4,4,11,At Risk
18269,337.2,1,2010-12-08 13:53:00,2010-12-08 13:53:00,United Kingdom,337.2,365,365,2,1,2,5,Lapsed
18270,444.55,3,2011-11-01 13:57:00,2010-10-03 10:49:00,United Kingdom,148.18,37,431,4,3,2,9,Active
18271,680.85,2,2010-04-09 09:26:00,2009-12-08 11:27:00,United Kingdom,340.42,608,730,1,2,3,6,Lapsed
18272,4385.98,9,2011-12-07 12:43:00,2010-03-04 12:53:00,United Kingdom,487.33,1,644,5,5,5,15,Active
18273,357.0,4,2011-12-07 13:16:00,2010-04-28 12:24:00,United Kingdom,89.25,1,589,5,3,2,10,Active
18274,175.92,1,2011-11-09 17:03:00,2011-11-09 17:03:00,United Kingdom,175.92,29,29,4,1,1,6,New
18275,741.85,2,2010-05-10 15:46:00,2009-12-08 16:23:00,United Kingdom,370.92,577,730,1,2,3,6,Lapsed
18276,1656.52,6,2011-10-27 10:54:00,2009-12-10 17:14:00,United Kingdom,276.09,42,728,4,4,4,12,Active
18277,1180.05,5,2011-10-12 15:22:00,2010-08-02 10:26:00,United Kingdom,236.01,57,493,4,4,3,11,Active
18278,414.2,2,2011-09-27 11:58:00,2010-10-31 12:13:00,United Kingdom,207.1,72,403,3,2,2,7,Active
18279,231.34,1,2010-07-08 14:48:00,2010-07-08 14:48:00,United Kingdom,231.34,518,518,1,1,1,3,Lapsed
18280,488.15,2,2011-03-07 09:52:00,2010-11-10 15:51:00,United Kingdom,244.08,276,393,2,2,2,6,Lapsed
18281,201.14,2,2011-06-12 10:53:00,2010-05-11 10:49:00,United Kingdom,100.57,179,576,3,2,1,6,At Risk
18282,178.05,2,2011-12-02 11:43:00,2011-08-05 13:35:00,United Kingdom,89.02,6,125,5,2,1,8,Active
18283,2736.65,22,2011-12-06 12:02:00,2010-02-19 17:16:00,United Kingdom,124.39,2,657,5,5,4,14,Active
18284,461.68,1,2010-10-04 11:33:00,2010-10-04 11:33:00,United Kingdom,461.68,430,430,1,1,2,4,Lapsed
18285,427.0,1,2010-02-17 10:24:00,2010-02-17 10:24:00,United Kingdom,427.0,659,659,1,1,2,4,Lapsed
18286,1296.43,2,2010-08-20 11:57:00,2009-12-16 10:45:00,United Kingdom,648.22,475,722,1,2,4,7,Lapsed
18287,4182.99,7,2011-10-28 09:29:00,2010-05-17 11:55:00,United Kingdom,597.57,41,570,4,4,5,13,Active
